DATAFLOW,LAST UPDATE,freq,nutrient,indic_ag,geo,TIME_PERIOD,OBS_VALUE,OBS_FLAG
ESTAT:AEI_PR_GNB(1.0),14/03/22 23:00:00,A,N,BAL_UAA,AT,1985,51,
ESTAT:AEI_PR_GNB(1.0),14/03/22 23:00:00,A,N,BAL_UAA,AT,1986,48,
ESTAT:AEI_PR_GNB(1.0),14/03/22 23:00:00,A,N,BAL_UAA,AT,1987,44,
ESTAT:AEI_PR_GNB(1.0),14/03/22 23:00:00,A,N,BAL_UAA,AT,1988,44,
ESTAT:AEI_PR_GNB(1.0),14/03/22 23:00:00,A,N,BAL_UAA,AT,1989,42,
ESTAT:AEI_PR_GNB(1.0),14/03/22 23:00:00,A,N,BAL_UAA,AT,1990,47,
ESTAT:AEI_PR_GNB(1.0),14/03/22 23:00:00,A,N,BAL_UAA,AT,1991,46,
ESTAT:AEI_PR_GNB(1.0),14/03/22 23:00:00,A,N,BAL_UAA,AT,1992,57,
ESTAT:AEI_PR_GNB(1.0),14/03/22 23:00:00,A,N,BAL_UAA,AT,1993,50,
ESTAT:AEI_PR_GNB(1.0),14/03/22 23:00:00,A,N,BAL_UAA,AT,1994,44,
ESTAT:AEI_PR_GNB(1.0),14/03/22 23:00:00,A,N,BAL_UAA,AT,1995,44,
ESTAT:AEI_PR_GNB(1.0),14/03/22 23:00:00,A,N,BAL_UAA,AT,1996,48,
ESTAT:AEI_PR_GNB(1.0),14/03/22 23:00:00,A,N,BAL_UAA,AT,1997,42,
ESTAT:AEI_PR_GNB(1.0),14/03/22 23:00:00,A,N,BAL_UAA,AT,1998,42,
ESTAT:AEI_PR_GNB(1.0),14/03/22 23:00:00,A,N,BAL_UAA,AT,1999,36,
ESTAT:AEI_PR_GNB(1.0),14/03/22 23:00:00,A,N,BAL_UAA,AT,2000,48.3,r
ESTAT:AEI_PR_GNB(1.0),14/03/22 23:00:00,A,N,BAL_UAA,AT,2001,43.9,r
ESTAT:AEI_PR_GNB(1.0),14/03/22 23:00:00,A,N,BAL_UAA,AT,2002,44.4,r
ESTAT:AEI_PR_GNB(1.0),14/03/22 23:00:00,A,N,BAL_UAA,AT,2003,41.6,r
ESTAT:AEI_PR_GNB(1.0),14/03/22 23:00:00,A,N,BAL_UAA,AT,2004,30.2,r
ESTAT:AEI_PR_GNB(1.0),14/03/22 23:00:00,A,N,BAL_UAA,AT,2005,29.5,r
ESTAT:AEI_PR_GNB(1.0),14/03/22 23:00:00,A,N,BAL_UAA,AT,2006,35.6,r
ESTAT:AEI_PR_GNB(1.0),14/03/22 23:00:00,A,N,BAL_UAA,AT,2007,38.9,r
ESTAT:AEI_PR_GNB(1.0),14/03/22 23:00:00,A,N,BAL_UAA,AT,2008,38.6,r
ESTAT:AEI_PR_GNB(1.0),14/03/22 23:00:00,A,N,BAL_UAA,AT,2009,28.9,r
ESTAT:AEI_PR_GNB(1.0),14/03/22 23:00:00,A,N,BAL_UAA,AT,2010,32.1,r
ESTAT:AEI_PR_GNB(1.0),14/03/22 23:00:00,A,N,BAL_UAA,AT,2011,35.5,r
ESTAT:AEI_PR_GNB(1.0),14/03/22 23:00:00,A,N,BAL_UAA,AT,2012,33.3,r
ESTAT:AEI_PR_GNB(1.0),14/03/22 23:00:00,A,N,BAL_UAA,AT,2013,43.7,r
ESTAT:AEI_PR_GNB(1.0),14/03/22 23:00:00,A,N,BAL_UAA,AT,2014,29.7,r
ESTAT:AEI_PR_GNB(1.0),14/03/22 23:00:00,A,N,BAL_UAA,AT,2015,44.6,r
ESTAT:AEI_PR_GNB(1.0),14/03/22 23:00:00,A,N,BAL_UAA,AT,2016,29.0,r
ESTAT:AEI_PR_GNB(1.0),14/03/22 23:00:00,A,N,BAL_UAA,AT,2017,44.4,r
ESTAT:AEI_PR_GNB(1.0),14/03/22 23:00:00,A,N,BAL_UAA,AT,2018,45.9,
ESTAT:AEI_PR_GNB(1.0),14/03/22 23:00:00,A,N,BAL_UAA,AT,2019,34.1,
ESTAT:AEI_PR_GNB(1.0),14/03/22 23:00:00,A,N,BAL_UAA,BE,1990,272,e
ESTAT:AEI_PR_GNB(1.0),14/03/22 23:00:00,A,N,BAL_UAA,BE,1991,264,e
ESTAT:AEI_PR_GNB(1.0),14/03/22 23:00:00,A,N,BAL_UAA,BE,1992,253,e
ESTAT:AEI_PR_GNB(1.0),14/03/22 23:00:00,A,N,BAL_UAA,BE,1993,242,e
ESTAT:AEI_PR_GNB(1.0),14/03/22 23:00:00,A,N,BAL_UAA,BE,1994,244,e
ESTAT:AEI_PR_GNB(1.0),14/03/22 23:00:00,A,N,BAL_UAA,BE,1995,254,e
ESTAT:AEI_PR_GNB(1.0),14/03/22 23:00:00,A,N,BAL_UAA,BE,1996,241,e
ESTAT:AEI_PR_GNB(1.0),14/03/22 23:00:00,A,N,BAL_UAA,BE,1997,232,e
ESTAT:AEI_PR_GNB(1.0),14/03/22 23:00:00,A,N,BAL_UAA,BE,1998,233,e
ESTAT:AEI_PR_GNB(1.0),14/03/22 23:00:00,A,N,BAL_UAA,BE,1999,225,e
ESTAT:AEI_PR_GNB(1.0),14/03/22 23:00:00,A,N,BAL_UAA,BE,2000,189.9,e
ESTAT:AEI_PR_GNB(1.0),14/03/22 23:00:00,A,N,BAL_UAA,BE,2001,180,e
ESTAT:AEI_PR_GNB(1.0),14/03/22 23:00:00,A,N,BAL_UAA,BE,2002,169.5,e
ESTAT:AEI_PR_GNB(1.0),14/03/22 23:00:00,A,N,BAL_UAA,BE,2003,151.6,e
ESTAT:AEI_PR_GNB(1.0),14/03/22 23:00:00,A,N,BAL_UAA,BE,2004,145.6,e
ESTAT:AEI_PR_GNB(1.0),14/03/22 23:00:00,A,N,BAL_UAA,BE,2005,145.7,e
ESTAT:AEI_PR_GNB(1.0),14/03/22 23:00:00,A,N,BAL_UAA,BE,2006,151.8,e
ESTAT:AEI_PR_GNB(1.0),14/03/22 23:00:00,A,N,BAL_UAA,BE,2007,144.8,e
ESTAT:AEI_PR_GNB(1.0),14/03/22 23:00:00,A,N,BAL_UAA,BE,2008,123.7,e
ESTAT:AEI_PR_GNB(1.0),14/03/22 23:00:00,A,N,BAL_UAA,BE,2009,129.3,e
ESTAT:AEI_PR_GNB(1.0),14/03/22 23:00:00,A,N,BAL_UAA,BE,2010,142,e
ESTAT:AEI_PR_GNB(1.0),14/03/22 23:00:00,A,N,BAL_UAA,BE,2011,143.2,e
ESTAT:AEI_PR_GNB(1.0),14/03/22 23:00:00,A,N,BAL_UAA,BE,2012,143.1,e
ESTAT:AEI_PR_GNB(1.0),14/03/22 23:00:00,A,N,BAL_UAA,BE,2013,137.9,e
ESTAT:AEI_PR_GNB(1.0),14/03/22 23:00:00,A,N,BAL_UAA,BE,2014,131.7,e
ESTAT:AEI_PR_GNB(1.0),14/03/22 23:00:00,A,N,BAL_UAA,BE,2015,132,e
ESTAT:AEI_PR_GNB(1.0),14/03/22 23:00:00,A,N,BAL_UAA,BG,1988,120,e
ESTAT:AEI_PR_GNB(1.0),14/03/22 23:00:00,A,N,BAL_UAA,BG,1989,99,e
ESTAT:AEI_PR_GNB(1.0),14/03/22 23:00:00,A,N,BAL_UAA,BG,1990,93,e
ESTAT:AEI_PR_GNB(1.0),14/03/22 23:00:00,A,N,BAL_UAA,BG,1991,56,e
ESTAT:AEI_PR_GNB(1.0),14/03/22 23:00:00,A,N,BAL_UAA,BG,1992,52,e
ESTAT:AEI_PR_GNB(1.0),14/03/22 23:00:00,A,N,BAL_UAA,BG,1993,51,e
ESTAT:AEI_PR_GNB(1.0),14/03/22 23:00:00,A,N,BAL_UAA,BG,1994,47,e
ESTAT:AEI_PR_GNB(1.0),14/03/22 23:00:00,A,N,BAL_UAA,BG,1995,29,e
ESTAT:AEI_PR_GNB(1.0),14/03/22 23:00:00,A,N,BAL_UAA,BG,1996,42,e
ESTAT:AEI_PR_GNB(1.0),14/03/22 23:00:00,A,N,BAL_UAA,BG,1997,33,e
ESTAT:AEI_PR_GNB(1.0),14/03/22 23:00:00,A,N,BAL_UAA,BG,1998,21,e
ESTAT:AEI_PR_GNB(1.0),14/03/22 23:00:00,A,N,BAL_UAA,BG,1999,30,e
ESTAT:AEI_PR_GNB(1.0),14/03/22 23:00:00,A,N,BAL_UAA,BG,2000,28.2,e
ESTAT:AEI_PR_GNB(1.0),14/03/22 23:00:00,A,N,BAL_UAA,BG,2001,26.8,e
ESTAT:AEI_PR_GNB(1.0),14/03/22 23:00:00,A,N,BAL_UAA,BG,2002,21.6,e
ESTAT:AEI_PR_GNB(1.0),14/03/22 23:00:00,A,N,BAL_UAA,BG,2003,31.3,e
ESTAT:AEI_PR_GNB(1.0),14/03/22 23:00:00,A,N,BAL_UAA,BG,2004,18.9,e
ESTAT:AEI_PR_GNB(1.0),14/03/22 23:00:00,A,N,BAL_UAA,BG,2005,25.2,e
ESTAT:AEI_PR_GNB(1.0),14/03/22 23:00:00,A,N,BAL_UAA,BG,2006,24.2,e
ESTAT:AEI_PR_GNB(1.0),14/03/22 23:00:00,A,N,BAL_UAA,BG,2007,36.4,e
ESTAT:AEI_PR_GNB(1.0),14/03/22 23:00:00,A,N,BAL_UAA,BG,2008,15.9,e
ESTAT:AEI_PR_GNB(1.0),14/03/22 23:00:00,A,N,BAL_UAA,BG,2009,20.3,e
ESTAT:AEI_PR_GNB(1.0),14/03/22 23:00:00,A,N,BAL_UAA,BG,2010,14.2,e
ESTAT:AEI_PR_GNB(1.0),14/03/22 23:00:00,A,N,BAL_UAA,BG,2011,11.9,e
ESTAT:AEI_PR_GNB(1.0),14/03/22 23:00:00,A,N,BAL_UAA,BG,2012,24.2,e
ESTAT:AEI_PR_GNB(1.0),14/03/22 23:00:00,A,N,BAL_UAA,BG,2013,15.8,e
ESTAT:AEI_PR_GNB(1.0),14/03/22 23:00:00,A,N,BAL_UAA,BG,2014,27.6,e
ESTAT:AEI_PR_GNB(1.0),14/03/22 23:00:00,A,N,BAL_UAA,BG,2015,28,e
ESTAT:AEI_PR_GNB(1.0),14/03/22 23:00:00,A,N,BAL_UAA,BG,2016,71.1,
ESTAT:AEI_PR_GNB(1.0),14/03/22 23:00:00,A,N,BAL_UAA,BG,2017,65.8,
ESTAT:AEI_PR_GNB(1.0),14/03/22 23:00:00,A,N,BAL_UAA,BG,2018,61.8,
ESTAT:AEI_PR_GNB(1.0),14/03/22 23:00:00,A,N,BAL_UAA,BG,2019,28.8,
ESTAT:AEI_PR_GNB(1.0),14/03/22 23:00:00,A,N,BAL_UAA,CH,1990,78.2,r
ESTAT:AEI_PR_GNB(1.0),14/03/22 23:00:00,A,N,BAL_UAA,CH,1991,83.6,r
ESTAT:AEI_PR_GNB(1.0),14/03/22 23:00:00,A,N,BAL_UAA,CH,1992,82.2,r
ESTAT:AEI_PR_GNB(1.0),14/03/22 23:00:00,A,N,BAL_UAA,CH,1993,71.8,r
ESTAT:AEI_PR_GNB(1.0),14/03/22 23:00:00,A,N,BAL_UAA,CH,1994,70.9,r
ESTAT:AEI_PR_GNB(1.0),14/03/22 23:00:00,A,N,BAL_UAA,CH,1995,74.4,r
ESTAT:AEI_PR_GNB(1.0),14/03/22 23:00:00,A,N,BAL_UAA,CH,1996,75.3,r
ESTAT:AEI_PR_GNB(1.0),14/03/22 23:00:00,A,N,BAL_UAA,CH,1997,61.2,r
ESTAT:AEI_PR_GNB(1.0),14/03/22 23:00:00,A,N,BAL_UAA,CH,1998,64.7,r
ESTAT:AEI_PR_GNB(1.0),14/03/22 23:00:00,A,N,BAL_UAA,CH,1999,67.7,r
ESTAT:AEI_PR_GNB(1.0),14/03/22 23:00:00,A,N,BAL_UAA,CH,2000,63,r
ESTAT:AEI_PR_GNB(1.0),14/03/22 23:00:00,A,N,BAL_UAA,CH,2001,67.7,r
ESTAT:AEI_PR_GNB(1.0),14/03/22 23:00:00,A,N,BAL_UAA,CH,2002,65.7,r
ESTAT:AEI_PR_GNB(1.0),14/03/22 23:00:00,A,N,BAL_UAA,CH,2003,78.1,r
ESTAT:AEI_PR_GNB(1.0),14/03/22 23:00:00,A,N,BAL_UAA,CH,2004,64.1,r
ESTAT:AEI_PR_GNB(1.0),14/03/22 23:00:00,A,N,BAL_UAA,CH,2005,61.7,r
ESTAT:AEI_PR_GNB(1.0),14/03/22 23:00:00,A,N,BAL_UAA,CH,2006,71.7,r
ESTAT:AEI_PR_GNB(1.0),14/03/22 23:00:00,A,N,BAL_UAA,CH,2007,67.9,r
ESTAT:AEI_PR_GNB(1.0),14/03/22 23:00:00,A,N,BAL_UAA,CH,2008,64.1,r
ESTAT:AEI_PR_GNB(1.0),14/03/22 23:00:00,A,N,BAL_UAA,CH,2009,61.1,r
ESTAT:AEI_PR_GNB(1.0),14/03/22 23:00:00,A,N,BAL_UAA,CH,2010,68.3,r
ESTAT:AEI_PR_GNB(1.0),14/03/22 23:00:00,A,N,BAL_UAA,CH,2011,58.4,r
ESTAT:AEI_PR_GNB(1.0),14/03/22 23:00:00,A,N,BAL_UAA,CH,2012,60.1,r
ESTAT:AEI_PR_GNB(1.0),14/03/22 23:00:00,A,N,BAL_UAA,CH,2013,68.3,r
ESTAT:AEI_PR_GNB(1.0),14/03/22 23:00:00,A,N,BAL_UAA,CH,2014,64.7,r
ESTAT:AEI_PR_GNB(1.0),14/03/22 23:00:00,A,N,BAL_UAA,CH,2015,69.1,r
ESTAT:AEI_PR_GNB(1.0),14/03/22 23:00:00,A,N,BAL_UAA,CH,2016,69.7,r
ESTAT:AEI_PR_GNB(1.0),14/03/22 23:00:00,A,N,BAL_UAA,CH,2017,61.4,r
ESTAT:AEI_PR_GNB(1.0),14/03/22 23:00:00,A,N,BAL_UAA,CH,2018,67.2,r
ESTAT:AEI_PR_GNB(1.0),14/03/22 23:00:00,A,N,BAL_UAA,CH,2019,59.4,r
ESTAT:AEI_PR_GNB(1.0),14/03/22 23:00:00,A,N,BAL_UAA,CY,1990,171,e
ESTAT:AEI_PR_GNB(1.0),14/03/22 23:00:00,A,N,BAL_UAA,CY,1991,182,e
ESTAT:AEI_PR_GNB(1.0),14/03/22 23:00:00,A,N,BAL_UAA,CY,1992,186,e
ESTAT:AEI_PR_GNB(1.0),14/03/22 23:00:00,A,N,BAL_UAA,CY,1993,186,e
ESTAT:AEI_PR_GNB(1.0),14/03/22 23:00:00,A,N,BAL_UAA,CY,1994,210,e
ESTAT:AEI_PR_GNB(1.0),14/03/22 23:00:00,A,N,BAL_UAA,CY,1995,207,e
ESTAT:AEI_PR_GNB(1.0),14/03/22 23:00:00,A,N,BAL_UAA,CY,1996,211,e
ESTAT:AEI_PR_GNB(1.0),14/03/22 23:00:00,A,N,BAL_UAA,CY,1997,216,e
ESTAT:AEI_PR_GNB(1.0),14/03/22 23:00:00,A,N,BAL_UAA,CY,1998,214,e
ESTAT:AEI_PR_GNB(1.0),14/03/22 23:00:00,A,N,BAL_UAA,CY,1999,197,e
ESTAT:AEI_PR_GNB(1.0),14/03/22 23:00:00,A,N,BAL_UAA,CY,2000,186,e
ESTAT:AEI_PR_GNB(1.0),14/03/22 23:00:00,A,N,BAL_UAA,CY,2001,191.2,e
ESTAT:AEI_PR_GNB(1.0),14/03/22 23:00:00,A,N,BAL_UAA,CY,2002,209,e
ESTAT:AEI_PR_GNB(1.0),14/03/22 23:00:00,A,N,BAL_UAA,CY,2003,181.1,e
ESTAT:AEI_PR_GNB(1.0),14/03/22 23:00:00,A,N,BAL_UAA,CY,2004,172.3,e
ESTAT:AEI_PR_GNB(1.0),14/03/22 23:00:00,A,N,BAL_UAA,CY,2005,151.7,e
ESTAT:AEI_PR_GNB(1.0),14/03/22 23:00:00,A,N,BAL_UAA,CY,2006,152.7,e
ESTAT:AEI_PR_GNB(1.0),14/03/22 23:00:00,A,N,BAL_UAA,CY,2007,159.3,e
ESTAT:AEI_PR_GNB(1.0),14/03/22 23:00:00,A,N,BAL_UAA,CY,2008,200.9,e
ESTAT:AEI_PR_GNB(1.0),14/03/22 23:00:00,A,N,BAL_UAA,CY,2009,177.6,e
ESTAT:AEI_PR_GNB(1.0),14/03/22 23:00:00,A,N,BAL_UAA,CY,2010,191.4,e
ESTAT:AEI_PR_GNB(1.0),14/03/22 23:00:00,A,N,BAL_UAA,CY,2011,198.7,e
ESTAT:AEI_PR_GNB(1.0),14/03/22 23:00:00,A,N,BAL_UAA,CY,2012,184.4,e
ESTAT:AEI_PR_GNB(1.0),14/03/22 23:00:00,A,N,BAL_UAA,CY,2013,178.5,e
ESTAT:AEI_PR_GNB(1.0),14/03/22 23:00:00,A,N,BAL_UAA,CY,2014,194.3,e
ESTAT:AEI_PR_GNB(1.0),14/03/22 23:00:00,A,N,BAL_UAA,CY,2015,194,e
ESTAT:AEI_PR_GNB(1.0),14/03/22 23:00:00,A,N,BAL_UAA,CZ,1985,105,
ESTAT:AEI_PR_GNB(1.0),14/03/22 23:00:00,A,N,BAL_UAA,CZ,1986,103,
ESTAT:AEI_PR_GNB(1.0),14/03/22 23:00:00,A,N,BAL_UAA,CZ,1987,105,
ESTAT:AEI_PR_GNB(1.0),14/03/22 23:00:00,A,N,BAL_UAA,CZ,1988,107,
ESTAT:AEI_PR_GNB(1.0),14/03/22 23:00:00,A,N,BAL_UAA,CZ,1989,103,
ESTAT:AEI_PR_GNB(1.0),14/03/22 23:00:00,A,N,BAL_UAA,CZ,1990,93,
ESTAT:AEI_PR_GNB(1.0),14/03/22 23:00:00,A,N,BAL_UAA,CZ,1991,47,
ESTAT:AEI_PR_GNB(1.0),14/03/22 23:00:00,A,N,BAL_UAA,CZ,1992,66,
ESTAT:AEI_PR_GNB(1.0),14/03/22 23:00:00,A,N,BAL_UAA,CZ,1993,48,
ESTAT:AEI_PR_GNB(1.0),14/03/22 23:00:00,A,N,BAL_UAA,CZ,1994,61,
ESTAT:AEI_PR_GNB(1.0),14/03/22 23:00:00,A,N,BAL_UAA,CZ,1995,56,
ESTAT:AEI_PR_GNB(1.0),14/03/22 23:00:00,A,N,BAL_UAA,CZ,1996,63,
ESTAT:AEI_PR_GNB(1.0),14/03/22 23:00:00,A,N,BAL_UAA,CZ,1997,54,
ESTAT:AEI_PR_GNB(1.0),14/03/22 23:00:00,A,N,BAL_UAA,CZ,1998,53,
ESTAT:AEI_PR_GNB(1.0),14/03/22 23:00:00,A,N,BAL_UAA,CZ,1999,47,
ESTAT:AEI_PR_GNB(1.0),14/03/22 23:00:00,A,N,BAL_UAA,CZ,2000,65.1,
ESTAT:AEI_PR_GNB(1.0),14/03/22 23:00:00,A,N,BAL_UAA,CZ,2001,71.5,
ESTAT:AEI_PR_GNB(1.0),14/03/22 23:00:00,A,N,BAL_UAA,CZ,2002,78.7,
ESTAT:AEI_PR_GNB(1.0),14/03/22 23:00:00,A,N,BAL_UAA,CZ,2003,76.8,
ESTAT:AEI_PR_GNB(1.0),14/03/22 23:00:00,A,N,BAL_UAA,CZ,2004,67.2,
ESTAT:AEI_PR_GNB(1.0),14/03/22 23:00:00,A,N,BAL_UAA,CZ,2005,71.5,
ESTAT:AEI_PR_GNB(1.0),14/03/22 23:00:00,A,N,BAL_UAA,CZ,2006,82.2,
ESTAT:AEI_PR_GNB(1.0),14/03/22 23:00:00,A,N,BAL_UAA,CZ,2007,85.9,
ESTAT:AEI_PR_GNB(1.0),14/03/22 23:00:00,A,N,BAL_UAA,CZ,2008,80.1,
ESTAT:AEI_PR_GNB(1.0),14/03/22 23:00:00,A,N,BAL_UAA,CZ,2009,56.5,
ESTAT:AEI_PR_GNB(1.0),14/03/22 23:00:00,A,N,BAL_UAA,CZ,2010,67.1,
ESTAT:AEI_PR_GNB(1.0),14/03/22 23:00:00,A,N,BAL_UAA,CZ,2011,79.5,
ESTAT:AEI_PR_GNB(1.0),14/03/22 23:00:00,A,N,BAL_UAA,CZ,2012,88,
ESTAT:AEI_PR_GNB(1.0),14/03/22 23:00:00,A,N,BAL_UAA,CZ,2013,75.7,
ESTAT:AEI_PR_GNB(1.0),14/03/22 23:00:00,A,N,BAL_UAA,CZ,2014,63.3,
ESTAT:AEI_PR_GNB(1.0),14/03/22 23:00:00,A,N,BAL_UAA,CZ,2015,98.3,
ESTAT:AEI_PR_GNB(1.0),14/03/22 23:00:00,A,N,BAL_UAA,CZ,2016,92.3,
ESTAT:AEI_PR_GNB(1.0),14/03/22 23:00:00,A,N,BAL_UAA,CZ,2017,102.4,
ESTAT:AEI_PR_GNB(1.0),14/03/22 23:00:00,A,N,BAL_UAA,CZ,2018,94.7,r
ESTAT:AEI_PR_GNB(1.0),14/03/22 23:00:00,A,N,BAL_UAA,CZ,2019,75.6,
ESTAT:AEI_PR_GNB(1.0),14/03/22 23:00:00,A,N,BAL_UAA,DE,1990,139,
ESTAT:AEI_PR_GNB(1.0),14/03/22 23:00:00,A,N,BAL_UAA,DE,1991,118,
ESTAT:AEI_PR_GNB(1.0),14/03/22 23:00:00,A,N,BAL_UAA,DE,1992,114,
ESTAT:AEI_PR_GNB(1.0),14/03/22 23:00:00,A,N,BAL_UAA,DE,1993,104,
ESTAT:AEI_PR_GNB(1.0),14/03/22 23:00:00,A,N,BAL_UAA,DE,1994,102,
ESTAT:AEI_PR_GNB(1.0),14/03/22 23:00:00,A,N,BAL_UAA,DE,1995,109,
ESTAT:AEI_PR_GNB(1.0),14/03/22 23:00:00,A,N,BAL_UAA,DE,1996,106,
ESTAT:AEI_PR_GNB(1.0),14/03/22 23:00:00,A,N,BAL_UAA,DE,1997,99,
ESTAT:AEI_PR_GNB(1.0),14/03/22 23:00:00,A,N,BAL_UAA,DE,1998,97,
ESTAT:AEI_PR_GNB(1.0),14/03/22 23:00:00,A,N,BAL_UAA,DE,1999,102,
ESTAT:AEI_PR_GNB(1.0),14/03/22 23:00:00,A,N,BAL_UAA,DE,2000,110,
ESTAT:AEI_PR_GNB(1.0),14/03/22 23:00:00,A,N,BAL_UAA,DE,2001,97.5,
ESTAT:AEI_PR_GNB(1.0),14/03/22 23:00:00,A,N,BAL_UAA,DE,2002,100.7,
ESTAT:AEI_PR_GNB(1.0),14/03/22 23:00:00,A,N,BAL_UAA,DE,2003,113.7,
ESTAT:AEI_PR_GNB(1.0),14/03/22 23:00:00,A,N,BAL_UAA,DE,2004,84.5,
ESTAT:AEI_PR_GNB(1.0),14/03/22 23:00:00,A,N,BAL_UAA,DE,2005,85.2,
ESTAT:AEI_PR_GNB(1.0),14/03/22 23:00:00,A,N,BAL_UAA,DE,2006,94.2,
ESTAT:AEI_PR_GNB(1.0),14/03/22 23:00:00,A,N,BAL_UAA,DE,2007,79,
ESTAT:AEI_PR_GNB(1.0),14/03/22 23:00:00,A,N,BAL_UAA,DE,2008,83.7,
ESTAT:AEI_PR_GNB(1.0),14/03/22 23:00:00,A,N,BAL_UAA,DE,2009,65.4,
ESTAT:AEI_PR_GNB(1.0),14/03/22 23:00:00,A,N,BAL_UAA,DE,2010,77.7,
ESTAT:AEI_PR_GNB(1.0),14/03/22 23:00:00,A,N,BAL_UAA,DE,2011,88.6,
ESTAT:AEI_PR_GNB(1.0),14/03/22 23:00:00,A,N,BAL_UAA,DE,2012,75.1,
ESTAT:AEI_PR_GNB(1.0),14/03/22 23:00:00,A,N,BAL_UAA,DE,2013,78.9,
ESTAT:AEI_PR_GNB(1.0),14/03/22 23:00:00,A,N,BAL_UAA,DE,2014,65.9,
ESTAT:AEI_PR_GNB(1.0),14/03/22 23:00:00,A,N,BAL_UAA,DE,2015,81.8,
ESTAT:AEI_PR_GNB(1.0),14/03/22 23:00:00,A,N,BAL_UAA,DE,2016,69.05,
ESTAT:AEI_PR_GNB(1.0),14/03/22 23:00:00,A,N,BAL_UAA,DE,2017,61.51,
ESTAT:AEI_PR_GNB(1.0),14/03/22 23:00:00,A,N,BAL_UAA,DE,2018,77.9,
ESTAT:AEI_PR_GNB(1.0),14/03/22 23:00:00,A,N,BAL_UAA,DE,2019,53.4,
ESTAT:AEI_PR_GNB(1.0),14/03/22 23:00:00,A,N,BAL_UAA,DK,1990,178,e
ESTAT:AEI_PR_GNB(1.0),14/03/22 23:00:00,A,N,BAL_UAA,DK,1991,182,e
ESTAT:AEI_PR_GNB(1.0),14/03/22 23:00:00,A,N,BAL_UAA,DK,1992,197,e
ESTAT:AEI_PR_GNB(1.0),14/03/22 23:00:00,A,N,BAL_UAA,DK,1993,173,e
ESTAT:AEI_PR_GNB(1.0),14/03/22 23:00:00,A,N,BAL_UAA,DK,1994,171,e
ESTAT:AEI_PR_GNB(1.0),14/03/22 23:00:00,A,N,BAL_UAA,DK,1995,156,e
ESTAT:AEI_PR_GNB(1.0),14/03/22 23:00:00,A,N,BAL_UAA,DK,1996,139,e
ESTAT:AEI_PR_GNB(1.0),14/03/22 23:00:00,A,N,BAL_UAA,DK,1997,132,e
ESTAT:AEI_PR_GNB(1.0),14/03/22 23:00:00,A,N,BAL_UAA,DK,1998,132,e
ESTAT:AEI_PR_GNB(1.0),14/03/22 23:00:00,A,N,BAL_UAA,DK,1999,125,e
ESTAT:AEI_PR_GNB(1.0),14/03/22 23:00:00,A,N,BAL_UAA,DK,2000,131.7,e
ESTAT:AEI_PR_GNB(1.0),14/03/22 23:00:00,A,N,BAL_UAA,DK,2001,127.4,e
ESTAT:AEI_PR_GNB(1.0),14/03/22 23:00:00,A,N,BAL_UAA,DK,2002,124.4,e
ESTAT:AEI_PR_GNB(1.0),14/03/22 23:00:00,A,N,BAL_UAA,DK,2003,117.5,e
ESTAT:AEI_PR_GNB(1.0),14/03/22 23:00:00,A,N,BAL_UAA,DK,2004,121.3,e
ESTAT:AEI_PR_GNB(1.0),14/03/22 23:00:00,A,N,BAL_UAA,DK,2005,111.3,e
ESTAT:AEI_PR_GNB(1.0),14/03/22 23:00:00,A,N,BAL_UAA,DK,2006,101.7,e
ESTAT:AEI_PR_GNB(1.0),14/03/22 23:00:00,A,N,BAL_UAA,DK,2007,105.4,e
ESTAT:AEI_PR_GNB(1.0),14/03/22 23:00:00,A,N,BAL_UAA,DK,2008,106.2,e
ESTAT:AEI_PR_GNB(1.0),14/03/22 23:00:00,A,N,BAL_UAA,DK,2009,86.5,e
ESTAT:AEI_PR_GNB(1.0),14/03/22 23:00:00,A,N,BAL_UAA,DK,2010,90,e
ESTAT:AEI_PR_GNB(1.0),14/03/22 23:00:00,A,N,BAL_UAA,DK,2011,88,e
ESTAT:AEI_PR_GNB(1.0),14/03/22 23:00:00,A,N,BAL_UAA,DK,2012,83.4,e
ESTAT:AEI_PR_GNB(1.0),14/03/22 23:00:00,A,N,BAL_UAA,DK,2013,87.1,e
ESTAT:AEI_PR_GNB(1.0),14/03/22 23:00:00,A,N,BAL_UAA,DK,2014,79.8,e
ESTAT:AEI_PR_GNB(1.0),14/03/22 23:00:00,A,N,BAL_UAA,DK,2015,80,e
ESTAT:AEI_PR_GNB(1.0),14/03/22 23:00:00,A,N,BAL_UAA,EE,2004,36.5,
ESTAT:AEI_PR_GNB(1.0),14/03/22 23:00:00,A,N,BAL_UAA,EE,2005,20.9,
ESTAT:AEI_PR_GNB(1.0),14/03/22 23:00:00,A,N,BAL_UAA,EE,2006,32.4,
ESTAT:AEI_PR_GNB(1.0),14/03/22 23:00:00,A,N,BAL_UAA,EE,2007,22.1,
ESTAT:AEI_PR_GNB(1.0),14/03/22 23:00:00,A,N,BAL_UAA,EE,2008,36.0,
ESTAT:AEI_PR_GNB(1.0),14/03/22 23:00:00,A,N,BAL_UAA,EE,2009,25.1,
ESTAT:AEI_PR_GNB(1.0),14/03/22 23:00:00,A,N,BAL_UAA,EE,2010,30.8,
ESTAT:AEI_PR_GNB(1.0),14/03/22 23:00:00,A,N,BAL_UAA,EE,2011,32.4,
ESTAT:AEI_PR_GNB(1.0),14/03/22 23:00:00,A,N,BAL_UAA,EE,2012,28.0,
ESTAT:AEI_PR_GNB(1.0),14/03/22 23:00:00,A,N,BAL_UAA,EL,1990,117,e
ESTAT:AEI_PR_GNB(1.0),14/03/22 23:00:00,A,N,BAL_UAA,EL,1991,100,e
ESTAT:AEI_PR_GNB(1.0),14/03/22 23:00:00,A,N,BAL_UAA,EL,1992,101,e
ESTAT:AEI_PR_GNB(1.0),14/03/22 23:00:00,A,N,BAL_UAA,EL,1993,88,e
ESTAT:AEI_PR_GNB(1.0),14/03/22 23:00:00,A,N,BAL_UAA,EL,1994,79,e
ESTAT:AEI_PR_GNB(1.0),14/03/22 23:00:00,A,N,BAL_UAA,EL,1995,90,e
ESTAT:AEI_PR_GNB(1.0),14/03/22 23:00:00,A,N,BAL_UAA,EL,1996,92,e
ESTAT:AEI_PR_GNB(1.0),14/03/22 23:00:00,A,N,BAL_UAA,EL,1997,87,e
ESTAT:AEI_PR_GNB(1.0),14/03/22 23:00:00,A,N,BAL_UAA,EL,1998,89,e
ESTAT:AEI_PR_GNB(1.0),14/03/22 23:00:00,A,N,BAL_UAA,EL,1999,86,e
ESTAT:AEI_PR_GNB(1.0),14/03/22 23:00:00,A,N,BAL_UAA,EL,2000,81.8,e
ESTAT:AEI_PR_GNB(1.0),14/03/22 23:00:00,A,N,BAL_UAA,EL,2001,78.9,e
ESTAT:AEI_PR_GNB(1.0),14/03/22 23:00:00,A,N,BAL_UAA,EL,2002,83.6,e
ESTAT:AEI_PR_GNB(1.0),14/03/22 23:00:00,A,N,BAL_UAA,EL,2003,82.7,e
ESTAT:AEI_PR_GNB(1.0),14/03/22 23:00:00,A,N,BAL_UAA,EL,2004,79,e
ESTAT:AEI_PR_GNB(1.0),14/03/22 23:00:00,A,N,BAL_UAA,EL,2005,71.8,e
ESTAT:AEI_PR_GNB(1.0),14/03/22 23:00:00,A,N,BAL_UAA,EL,2006,78.5,e
ESTAT:AEI_PR_GNB(1.0),14/03/22 23:00:00,A,N,BAL_UAA,EL,2007,88.3,e
ESTAT:AEI_PR_GNB(1.0),14/03/22 23:00:00,A,N,BAL_UAA,EL,2008,69.1,e
ESTAT:AEI_PR_GNB(1.0),14/03/22 23:00:00,A,N,BAL_UAA,EL,2009,64.5,e
ESTAT:AEI_PR_GNB(1.0),14/03/22 23:00:00,A,N,BAL_UAA,EL,2010,71.1,e
ESTAT:AEI_PR_GNB(1.0),14/03/22 23:00:00,A,N,BAL_UAA,EL,2011,52.3,e
ESTAT:AEI_PR_GNB(1.0),14/03/22 23:00:00,A,N,BAL_UAA,EL,2012,50.2,e
ESTAT:AEI_PR_GNB(1.0),14/03/22 23:00:00,A,N,BAL_UAA,EL,2013,55.7,e
ESTAT:AEI_PR_GNB(1.0),14/03/22 23:00:00,A,N,BAL_UAA,EL,2014,58.6,e
ESTAT:AEI_PR_GNB(1.0),14/03/22 23:00:00,A,N,BAL_UAA,EL,2015,59,e
ESTAT:AEI_PR_GNB(1.0),14/03/22 23:00:00,A,N,BAL_UAA,ES,1990,30,
ESTAT:AEI_PR_GNB(1.0),14/03/22 23:00:00,A,N,BAL_UAA,ES,1991,29,
ESTAT:AEI_PR_GNB(1.0),14/03/22 23:00:00,A,N,BAL_UAA,ES,1992,29,
ESTAT:AEI_PR_GNB(1.0),14/03/22 23:00:00,A,N,BAL_UAA,ES,1993,24,
ESTAT:AEI_PR_GNB(1.0),14/03/22 23:00:00,A,N,BAL_UAA,ES,1994,32,
ESTAT:AEI_PR_GNB(1.0),14/03/22 23:00:00,A,N,BAL_UAA,ES,1995,34,
ESTAT:AEI_PR_GNB(1.0),14/03/22 23:00:00,A,N,BAL_UAA,ES,1996,33,
ESTAT:AEI_PR_GNB(1.0),14/03/22 23:00:00,A,N,BAL_UAA,ES,1997,30,
ESTAT:AEI_PR_GNB(1.0),14/03/22 23:00:00,A,N,BAL_UAA,ES,1998,33,
ESTAT:AEI_PR_GNB(1.0),14/03/22 23:00:00,A,N,BAL_UAA,ES,1999,39,
ESTAT:AEI_PR_GNB(1.0),14/03/22 23:00:00,A,N,BAL_UAA,ES,2000,40.2,
ESTAT:AEI_PR_GNB(1.0),14/03/22 23:00:00,A,N,BAL_UAA,ES,2001,40.5,
ESTAT:AEI_PR_GNB(1.0),14/03/22 23:00:00,A,N,BAL_UAA,ES,2002,35.5,
ESTAT:AEI_PR_GNB(1.0),14/03/22 23:00:00,A,N,BAL_UAA,ES,2003,39.5,
ESTAT:AEI_PR_GNB(1.0),14/03/22 23:00:00,A,N,BAL_UAA,ES,2004,35.8,
ESTAT:AEI_PR_GNB(1.0),14/03/22 23:00:00,A,N,BAL_UAA,ES,2005,38.3,
ESTAT:AEI_PR_GNB(1.0),14/03/22 23:00:00,A,N,BAL_UAA,ES,2006,35.7,
ESTAT:AEI_PR_GNB(1.0),14/03/22 23:00:00,A,N,BAL_UAA,ES,2007,34.5,
ESTAT:AEI_PR_GNB(1.0),14/03/22 23:00:00,A,N,BAL_UAA,ES,2008,26.8,
ESTAT:AEI_PR_GNB(1.0),14/03/22 23:00:00,A,N,BAL_UAA,ES,2009,31.1,
ESTAT:AEI_PR_GNB(1.0),14/03/22 23:00:00,A,N,BAL_UAA,ES,2010,35.2,
ESTAT:AEI_PR_GNB(1.0),14/03/22 23:00:00,A,N,BAL_UAA,ES,2011,29.5,
ESTAT:AEI_PR_GNB(1.0),14/03/22 23:00:00,A,N,BAL_UAA,ES,2012,33.6,
ESTAT:AEI_PR_GNB(1.0),14/03/22 23:00:00,A,N,BAL_UAA,ES,2013,28.7,
ESTAT:AEI_PR_GNB(1.0),14/03/22 23:00:00,A,N,BAL_UAA,ES,2014,39.4,
ESTAT:AEI_PR_GNB(1.0),14/03/22 23:00:00,A,N,BAL_UAA,ES,2015,38.5,
ESTAT:AEI_PR_GNB(1.0),14/03/22 23:00:00,A,N,BAL_UAA,ES,2016,39,
ESTAT:AEI_PR_GNB(1.0),14/03/22 23:00:00,A,N,BAL_UAA,ES,2017,49.3,
ESTAT:AEI_PR_GNB(1.0),14/03/22 23:00:00,A,N,BAL_UAA,EU,1995,73,e
ESTAT:AEI_PR_GNB(1.0),14/03/22 23:00:00,A,N,BAL_UAA,EU,2000,71.7,e
ESTAT:AEI_PR_GNB(1.0),14/03/22 23:00:00,A,N,BAL_UAA,EU,2001,70.1,e
ESTAT:AEI_PR_GNB(1.0),14/03/22 23:00:00,A,N,BAL_UAA,EU,2002,65.8,e
ESTAT:AEI_PR_GNB(1.0),14/03/22 23:00:00,A,N,BAL_UAA,EU,2003,71.8,e
ESTAT:AEI_PR_GNB(1.0),14/03/22 23:00:00,A,N,BAL_UAA,EU,2004,57.4,e
ESTAT:AEI_PR_GNB(1.0),14/03/22 23:00:00,A,N,BAL_UAA,EU,2005,57.3,e
ESTAT:AEI_PR_GNB(1.0),14/03/22 23:00:00,A,N,BAL_UAA,EU,2006,60.2,e
ESTAT:AEI_PR_GNB(1.0),14/03/22 23:00:00,A,N,BAL_UAA,EU,2007,55.9,e
ESTAT:AEI_PR_GNB(1.0),14/03/22 23:00:00,A,N,BAL_UAA,EU,2008,50.8,e
ESTAT:AEI_PR_GNB(1.0),14/03/22 23:00:00,A,N,BAL_UAA,EU,2009,45.9,e
ESTAT:AEI_PR_GNB(1.0),14/03/22 23:00:00,A,N,BAL_UAA,EU,2010,48.8,e
ESTAT:AEI_PR_GNB(1.0),14/03/22 23:00:00,A,N,BAL_UAA,EU,2011,49,e
ESTAT:AEI_PR_GNB(1.0),14/03/22 23:00:00,A,N,BAL_UAA,EU,2012,50.2,e
ESTAT:AEI_PR_GNB(1.0),14/03/22 23:00:00,A,N,BAL_UAA,EU,2013,49.6,e
ESTAT:AEI_PR_GNB(1.0),14/03/22 23:00:00,A,N,BAL_UAA,EU,2014,47.1,e
ESTAT:AEI_PR_GNB(1.0),14/03/22 23:00:00,A,N,BAL_UAA,EU27_2020,2000,58,e
ESTAT:AEI_PR_GNB(1.0),14/03/22 23:00:00,A,N,BAL_UAA,EU27_2020,2001,55.5,e
ESTAT:AEI_PR_GNB(1.0),14/03/22 23:00:00,A,N,BAL_UAA,EU27_2020,2002,54.3,e
ESTAT:AEI_PR_GNB(1.0),14/03/22 23:00:00,A,N,BAL_UAA,EU27_2020,2003,60.7,e
ESTAT:AEI_PR_GNB(1.0),14/03/22 23:00:00,A,N,BAL_UAA,EU27_2020,2004,49.4,e
ESTAT:AEI_PR_GNB(1.0),14/03/22 23:00:00,A,N,BAL_UAA,EU27_2020,2005,50.8,e
ESTAT:AEI_PR_GNB(1.0),14/03/22 23:00:00,A,N,BAL_UAA,EU27_2020,2006,53.8,e
ESTAT:AEI_PR_GNB(1.0),14/03/22 23:00:00,A,N,BAL_UAA,EU27_2020,2007,54.2,e
ESTAT:AEI_PR_GNB(1.0),14/03/22 23:00:00,A,N,BAL_UAA,EU27_2020,2008,49.1,e
ESTAT:AEI_PR_GNB(1.0),14/03/22 23:00:00,A,N,BAL_UAA,EU27_2020,2009,43.3,e
ESTAT:AEI_PR_GNB(1.0),14/03/22 23:00:00,A,N,BAL_UAA,EU27_2020,2010,46.2,e
ESTAT:AEI_PR_GNB(1.0),14/03/22 23:00:00,A,N,BAL_UAA,EU27_2020,2011,46.8,e
ESTAT:AEI_PR_GNB(1.0),14/03/22 23:00:00,A,N,BAL_UAA,EU27_2020,2012,47.8,e
ESTAT:AEI_PR_GNB(1.0),14/03/22 23:00:00,A,N,BAL_UAA,EU27_2020,2013,46.7,e
ESTAT:AEI_PR_GNB(1.0),14/03/22 23:00:00,A,N,BAL_UAA,EU27_2020,2014,44.4,e
ESTAT:AEI_PR_GNB(1.0),14/03/22 23:00:00,A,N,BAL_UAA,EU28,2000,61,e
ESTAT:AEI_PR_GNB(1.0),14/03/22 23:00:00,A,N,BAL_UAA,EU28,2001,58.8,e
ESTAT:AEI_PR_GNB(1.0),14/03/22 23:00:00,A,N,BAL_UAA,EU28,2002,57.3,e
ESTAT:AEI_PR_GNB(1.0),14/03/22 23:00:00,A,N,BAL_UAA,EU28,2003,62.9,e
ESTAT:AEI_PR_GNB(1.0),14/03/22 23:00:00,A,N,BAL_UAA,EU28,2004,52.3,e
ESTAT:AEI_PR_GNB(1.0),14/03/22 23:00:00,A,N,BAL_UAA,EU28,2005,53.4,e
ESTAT:AEI_PR_GNB(1.0),14/03/22 23:00:00,A,N,BAL_UAA,EU28,2006,56,e
ESTAT:AEI_PR_GNB(1.0),14/03/22 23:00:00,A,N,BAL_UAA,EU28,2007,56.4,e
ESTAT:AEI_PR_GNB(1.0),14/03/22 23:00:00,A,N,BAL_UAA,EU28,2008,51.3,e
ESTAT:AEI_PR_GNB(1.0),14/03/22 23:00:00,A,N,BAL_UAA,EU28,2009,46,e
ESTAT:AEI_PR_GNB(1.0),14/03/22 23:00:00,A,N,BAL_UAA,EU28,2010,49,e
ESTAT:AEI_PR_GNB(1.0),14/03/22 23:00:00,A,N,BAL_UAA,EU28,2011,49.4,e
ESTAT:AEI_PR_GNB(1.0),14/03/22 23:00:00,A,N,BAL_UAA,EU28,2012,50.5,e
ESTAT:AEI_PR_GNB(1.0),14/03/22 23:00:00,A,N,BAL_UAA,EU28,2013,49.5,e
ESTAT:AEI_PR_GNB(1.0),14/03/22 23:00:00,A,N,BAL_UAA,EU28,2014,47.1,e
ESTAT:AEI_PR_GNB(1.0),14/03/22 23:00:00,A,N,BAL_UAA,FI,1985,79,
ESTAT:AEI_PR_GNB(1.0),14/03/22 23:00:00,A,N,BAL_UAA,FI,1986,81,
ESTAT:AEI_PR_GNB(1.0),14/03/22 23:00:00,A,N,BAL_UAA,FI,1987,99,
ESTAT:AEI_PR_GNB(1.0),14/03/22 23:00:00,A,N,BAL_UAA,FI,1988,89,
ESTAT:AEI_PR_GNB(1.0),14/03/22 23:00:00,A,N,BAL_UAA,FI,1989,79,
ESTAT:AEI_PR_GNB(1.0),14/03/22 23:00:00,A,N,BAL_UAA,FI,1990,82,
ESTAT:AEI_PR_GNB(1.0),14/03/22 23:00:00,A,N,BAL_UAA,FI,1991,77,
ESTAT:AEI_PR_GNB(1.0),14/03/22 23:00:00,A,N,BAL_UAA,FI,1992,67,
ESTAT:AEI_PR_GNB(1.0),14/03/22 23:00:00,A,N,BAL_UAA,FI,1993,66,
ESTAT:AEI_PR_GNB(1.0),14/03/22 23:00:00,A,N,BAL_UAA,FI,1994,69,
ESTAT:AEI_PR_GNB(1.0),14/03/22 23:00:00,A,N,BAL_UAA,FI,1995,79,
ESTAT:AEI_PR_GNB(1.0),14/03/22 23:00:00,A,N,BAL_UAA,FI,1996,71,
ESTAT:AEI_PR_GNB(1.0),14/03/22 23:00:00,A,N,BAL_UAA,FI,1997,66,
ESTAT:AEI_PR_GNB(1.0),14/03/22 23:00:00,A,N,BAL_UAA,FI,1998,74,
ESTAT:AEI_PR_GNB(1.0),14/03/22 23:00:00,A,N,BAL_UAA,FI,1999,64,
ESTAT:AEI_PR_GNB(1.0),14/03/22 23:00:00,A,N,BAL_UAA,FI,2000,54.9,e
ESTAT:AEI_PR_GNB(1.0),14/03/22 23:00:00,A,N,BAL_UAA,FI,2001,59.1,e
ESTAT:AEI_PR_GNB(1.0),14/03/22 23:00:00,A,N,BAL_UAA,FI,2002,54.8,e
ESTAT:AEI_PR_GNB(1.0),14/03/22 23:00:00,A,N,BAL_UAA,FI,2003,55.8,e
ESTAT:AEI_PR_GNB(1.0),14/03/22 23:00:00,A,N,BAL_UAA,FI,2004,53.1,e
ESTAT:AEI_PR_GNB(1.0),14/03/22 23:00:00,A,N,BAL_UAA,FI,2005,48.6,e
ESTAT:AEI_PR_GNB(1.0),14/03/22 23:00:00,A,N,BAL_UAA,FI,2006,55.8,e
ESTAT:AEI_PR_GNB(1.0),14/03/22 23:00:00,A,N,BAL_UAA,FI,2007,43.1,e
ESTAT:AEI_PR_GNB(1.0),14/03/22 23:00:00,A,N,BAL_UAA,FI,2008,50.9,e
ESTAT:AEI_PR_GNB(1.0),14/03/22 23:00:00,A,N,BAL_UAA,FI,2009,38,e
ESTAT:AEI_PR_GNB(1.0),14/03/22 23:00:00,A,N,BAL_UAA,FI,2010,57.1,e
ESTAT:AEI_PR_GNB(1.0),14/03/22 23:00:00,A,N,BAL_UAA,FI,2011,50.2,e
ESTAT:AEI_PR_GNB(1.0),14/03/22 23:00:00,A,N,BAL_UAA,FI,2012,47.5,e
ESTAT:AEI_PR_GNB(1.0),14/03/22 23:00:00,A,N,BAL_UAA,FI,2013,46.5,e
ESTAT:AEI_PR_GNB(1.0),14/03/22 23:00:00,A,N,BAL_UAA,FI,2014,47.5,e
ESTAT:AEI_PR_GNB(1.0),14/03/22 23:00:00,A,N,BAL_UAA,FI,2015,49.5,
ESTAT:AEI_PR_GNB(1.0),14/03/22 23:00:00,A,N,BAL_UAA,FI,2016,47.4,
ESTAT:AEI_PR_GNB(1.0),14/03/22 23:00:00,A,N,BAL_UAA,FI,2017,51.5,
ESTAT:AEI_PR_GNB(1.0),14/03/22 23:00:00,A,N,BAL_UAA,FI,2018,58,
ESTAT:AEI_PR_GNB(1.0),14/03/22 23:00:00,A,N,BAL_UAA,FI,2019,43.7,
ESTAT:AEI_PR_GNB(1.0),14/03/22 23:00:00,A,N,BAL_UAA,FR,1990,71,
ESTAT:AEI_PR_GNB(1.0),14/03/22 23:00:00,A,N,BAL_UAA,FR,1991,59,
ESTAT:AEI_PR_GNB(1.0),14/03/22 23:00:00,A,N,BAL_UAA,FR,1992,61,
ESTAT:AEI_PR_GNB(1.0),14/03/22 23:00:00,A,N,BAL_UAA,FR,1993,51,
ESTAT:AEI_PR_GNB(1.0),14/03/22 23:00:00,A,N,BAL_UAA,FR,1994,53,
ESTAT:AEI_PR_GNB(1.0),14/03/22 23:00:00,A,N,BAL_UAA,FR,1995,55,
ESTAT:AEI_PR_GNB(1.0),14/03/22 23:00:00,A,N,BAL_UAA,FR,1996,58,
ESTAT:AEI_PR_GNB(1.0),14/03/22 23:00:00,A,N,BAL_UAA,FR,1997,53,
ESTAT:AEI_PR_GNB(1.0),14/03/22 23:00:00,A,N,BAL_UAA,FR,1998,51,
ESTAT:AEI_PR_GNB(1.0),14/03/22 23:00:00,A,N,BAL_UAA,FR,1999,55,
ESTAT:AEI_PR_GNB(1.0),14/03/22 23:00:00,A,N,BAL_UAA,FR,2000,42.6,r
ESTAT:AEI_PR_GNB(1.0),14/03/22 23:00:00,A,N,BAL_UAA,FR,2001,49.5,r
ESTAT:AEI_PR_GNB(1.0),14/03/22 23:00:00,A,N,BAL_UAA,FR,2002,39.6,r
ESTAT:AEI_PR_GNB(1.0),14/03/22 23:00:00,A,N,BAL_UAA,FR,2003,61,r
ESTAT:AEI_PR_GNB(1.0),14/03/22 23:00:00,A,N,BAL_UAA,FR,2004,35.6,r
ESTAT:AEI_PR_GNB(1.0),14/03/22 23:00:00,A,N,BAL_UAA,FR,2005,47.4,r
ESTAT:AEI_PR_GNB(1.0),14/03/22 23:00:00,A,N,BAL_UAA,FR,2006,39.3,r
ESTAT:AEI_PR_GNB(1.0),14/03/22 23:00:00,A,N,BAL_UAA,FR,2007,34.4,r
ESTAT:AEI_PR_GNB(1.0),14/03/22 23:00:00,A,N,BAL_UAA,FR,2008,35.6,r
ESTAT:AEI_PR_GNB(1.0),14/03/22 23:00:00,A,N,BAL_UAA,FR,2009,29.8,r
ESTAT:AEI_PR_GNB(1.0),14/03/22 23:00:00,A,N,BAL_UAA,FR,2010,36.3,r
ESTAT:AEI_PR_GNB(1.0),14/03/22 23:00:00,A,N,BAL_UAA,FR,2011,49.1,r
ESTAT:AEI_PR_GNB(1.0),14/03/22 23:00:00,A,N,BAL_UAA,FR,2012,23.5,r
ESTAT:AEI_PR_GNB(1.0),14/03/22 23:00:00,A,N,BAL_UAA,FR,2013,29.7,r
ESTAT:AEI_PR_GNB(1.0),14/03/22 23:00:00,A,N,BAL_UAA,FR,2014,29.6,r
ESTAT:AEI_PR_GNB(1.0),14/03/22 23:00:00,A,N,BAL_UAA,FR,2015,37.3,r
ESTAT:AEI_PR_GNB(1.0),14/03/22 23:00:00,A,N,BAL_UAA,FR,2016,47.5,r
ESTAT:AEI_PR_GNB(1.0),14/03/22 23:00:00,A,N,BAL_UAA,FR,2017,33.7,r
ESTAT:AEI_PR_GNB(1.0),14/03/22 23:00:00,A,N,BAL_UAA,FR,2018,40.8,r
ESTAT:AEI_PR_GNB(1.0),14/03/22 23:00:00,A,N,BAL_UAA,FR,2019,38,
ESTAT:AEI_PR_GNB(1.0),14/03/22 23:00:00,A,N,BAL_UAA,HR,2000,122.8,
ESTAT:AEI_PR_GNB(1.0),14/03/22 23:00:00,A,N,BAL_UAA,HR,2001,122.8,
ESTAT:AEI_PR_GNB(1.0),14/03/22 23:00:00,A,N,BAL_UAA,HR,2002,109.3,
ESTAT:AEI_PR_GNB(1.0),14/03/22 23:00:00,A,N,BAL_UAA,HR,2003,119.4,
ESTAT:AEI_PR_GNB(1.0),14/03/22 23:00:00,A,N,BAL_UAA,HR,2004,111.1,
ESTAT:AEI_PR_GNB(1.0),14/03/22 23:00:00,A,N,BAL_UAA,HR,2005,107.3,
ESTAT:AEI_PR_GNB(1.0),14/03/22 23:00:00,A,N,BAL_UAA,HR,2006,107.8,
ESTAT:AEI_PR_GNB(1.0),14/03/22 23:00:00,A,N,BAL_UAA,HR,2007,121.4,
ESTAT:AEI_PR_GNB(1.0),14/03/22 23:00:00,A,N,BAL_UAA,HR,2008,114.7,
ESTAT:AEI_PR_GNB(1.0),14/03/22 23:00:00,A,N,BAL_UAA,HR,2009,61.6,
ESTAT:AEI_PR_GNB(1.0),14/03/22 23:00:00,A,N,BAL_UAA,HR,2010,80.8,
ESTAT:AEI_PR_GNB(1.0),14/03/22 23:00:00,A,N,BAL_UAA,HR,2011,93.2,
ESTAT:AEI_PR_GNB(1.0),14/03/22 23:00:00,A,N,BAL_UAA,HR,2012,86.3,
ESTAT:AEI_PR_GNB(1.0),14/03/22 23:00:00,A,N,BAL_UAA,HR,2013,43.9,
ESTAT:AEI_PR_GNB(1.0),14/03/22 23:00:00,A,N,BAL_UAA,HR,2014,48.3,
ESTAT:AEI_PR_GNB(1.0),14/03/22 23:00:00,A,N,BAL_UAA,HR,2015,59.7,
ESTAT:AEI_PR_GNB(1.0),14/03/22 23:00:00,A,N,BAL_UAA,HR,2016,35.4,
ESTAT:AEI_PR_GNB(1.0),14/03/22 23:00:00,A,N,BAL_UAA,HR,2017,65.1,
ESTAT:AEI_PR_GNB(1.0),14/03/22 23:00:00,A,N,BAL_UAA,HR,2018,57.6,
ESTAT:AEI_PR_GNB(1.0),14/03/22 23:00:00,A,N,BAL_UAA,HR,2019,53.4,
ESTAT:AEI_PR_GNB(1.0),14/03/22 23:00:00,A,N,BAL_UAA,HU,2000,39.8,
ESTAT:AEI_PR_GNB(1.0),14/03/22 23:00:00,A,N,BAL_UAA,HU,2001,26.2,
ESTAT:AEI_PR_GNB(1.0),14/03/22 23:00:00,A,N,BAL_UAA,HU,2002,44,
ESTAT:AEI_PR_GNB(1.0),14/03/22 23:00:00,A,N,BAL_UAA,HU,2003,45.3,
ESTAT:AEI_PR_GNB(1.0),14/03/22 23:00:00,A,N,BAL_UAA,HU,2004,21.7,
ESTAT:AEI_PR_GNB(1.0),14/03/22 23:00:00,A,N,BAL_UAA,HU,2005,19.2,
ESTAT:AEI_PR_GNB(1.0),14/03/22 23:00:00,A,N,BAL_UAA,HU,2006,27.3,
ESTAT:AEI_PR_GNB(1.0),14/03/22 23:00:00,A,N,BAL_UAA,HU,2007,47.4,
ESTAT:AEI_PR_GNB(1.0),14/03/22 23:00:00,A,N,BAL_UAA,HU,2008,20.3,
ESTAT:AEI_PR_GNB(1.0),14/03/22 23:00:00,A,N,BAL_UAA,HU,2009,26.6,
ESTAT:AEI_PR_GNB(1.0),14/03/22 23:00:00,A,N,BAL_UAA,HU,2010,38,
ESTAT:AEI_PR_GNB(1.0),14/03/22 23:00:00,A,N,BAL_UAA,HU,2011,30.8,
ESTAT:AEI_PR_GNB(1.0),14/03/22 23:00:00,A,N,BAL_UAA,HU,2012,42.7,
ESTAT:AEI_PR_GNB(1.0),14/03/22 23:00:00,A,N,BAL_UAA,HU,2013,37,
ESTAT:AEI_PR_GNB(1.0),14/03/22 23:00:00,A,N,BAL_UAA,HU,2014,24.6,
ESTAT:AEI_PR_GNB(1.0),14/03/22 23:00:00,A,N,BAL_UAA,HU,2015,36.2,
ESTAT:AEI_PR_GNB(1.0),14/03/22 23:00:00,A,N,BAL_UAA,HU,2016,28.5,
ESTAT:AEI_PR_GNB(1.0),14/03/22 23:00:00,A,N,BAL_UAA,HU,2017,33.3,
ESTAT:AEI_PR_GNB(1.0),14/03/22 23:00:00,A,N,BAL_UAA,IE,1990,53,
ESTAT:AEI_PR_GNB(1.0),14/03/22 23:00:00,A,N,BAL_UAA,IE,1991,53,
ESTAT:AEI_PR_GNB(1.0),14/03/22 23:00:00,A,N,BAL_UAA,IE,1992,53,
ESTAT:AEI_PR_GNB(1.0),14/03/22 23:00:00,A,N,BAL_UAA,IE,1993,60,
ESTAT:AEI_PR_GNB(1.0),14/03/22 23:00:00,A,N,BAL_UAA,IE,1994,67,
ESTAT:AEI_PR_GNB(1.0),14/03/22 23:00:00,A,N,BAL_UAA,IE,1995,72,
ESTAT:AEI_PR_GNB(1.0),14/03/22 23:00:00,A,N,BAL_UAA,IE,1996,74,
ESTAT:AEI_PR_GNB(1.0),14/03/22 23:00:00,A,N,BAL_UAA,IE,1997,66,
ESTAT:AEI_PR_GNB(1.0),14/03/22 23:00:00,A,N,BAL_UAA,IE,1998,81,
ESTAT:AEI_PR_GNB(1.0),14/03/22 23:00:00,A,N,BAL_UAA,IE,1999,79,
ESTAT:AEI_PR_GNB(1.0),14/03/22 23:00:00,A,N,BAL_UAA,IE,2000,71.2,
ESTAT:AEI_PR_GNB(1.0),14/03/22 23:00:00,A,N,BAL_UAA,IE,2001,64.2,
ESTAT:AEI_PR_GNB(1.0),14/03/22 23:00:00,A,N,BAL_UAA,IE,2002,65.2,
ESTAT:AEI_PR_GNB(1.0),14/03/22 23:00:00,A,N,BAL_UAA,IE,2003,70.6,
ESTAT:AEI_PR_GNB(1.0),14/03/22 23:00:00,A,N,BAL_UAA,IE,2004,66,
ESTAT:AEI_PR_GNB(1.0),14/03/22 23:00:00,A,N,BAL_UAA,IE,2005,63.8,
ESTAT:AEI_PR_GNB(1.0),14/03/22 23:00:00,A,N,BAL_UAA,IE,2006,61.3,
ESTAT:AEI_PR_GNB(1.0),14/03/22 23:00:00,A,N,BAL_UAA,IE,2007,53.4,
ESTAT:AEI_PR_GNB(1.0),14/03/22 23:00:00,A,N,BAL_UAA,IE,2008,34.1,
ESTAT:AEI_PR_GNB(1.0),14/03/22 23:00:00,A,N,BAL_UAA,IE,2009,34.8,
ESTAT:AEI_PR_GNB(1.0),14/03/22 23:00:00,A,N,BAL_UAA,IE,2010,44.6,
ESTAT:AEI_PR_GNB(1.0),14/03/22 23:00:00,A,N,BAL_UAA,IE,2011,28.2,
ESTAT:AEI_PR_GNB(1.0),14/03/22 23:00:00,A,N,BAL_UAA,IE,2012,35.1,
ESTAT:AEI_PR_GNB(1.0),14/03/22 23:00:00,A,N,BAL_UAA,IE,2013,50.4,
ESTAT:AEI_PR_GNB(1.0),14/03/22 23:00:00,A,N,BAL_UAA,IE,2014,45.7,
ESTAT:AEI_PR_GNB(1.0),14/03/22 23:00:00,A,N,BAL_UAA,IE,2015,47.8,
ESTAT:AEI_PR_GNB(1.0),14/03/22 23:00:00,A,N,BAL_UAA,IE,2016,54.1,
ESTAT:AEI_PR_GNB(1.0),14/03/22 23:00:00,A,N,BAL_UAA,IE,2017,62.3,
ESTAT:AEI_PR_GNB(1.0),14/03/22 23:00:00,A,N,BAL_UAA,IT,1990,70,e
ESTAT:AEI_PR_GNB(1.0),14/03/22 23:00:00,A,N,BAL_UAA,IT,1991,66,e
ESTAT:AEI_PR_GNB(1.0),14/03/22 23:00:00,A,N,BAL_UAA,IT,1992,70,e
ESTAT:AEI_PR_GNB(1.0),14/03/22 23:00:00,A,N,BAL_UAA,IT,1993,76,e
ESTAT:AEI_PR_GNB(1.0),14/03/22 23:00:00,A,N,BAL_UAA,IT,1994,71,e
ESTAT:AEI_PR_GNB(1.0),14/03/22 23:00:00,A,N,BAL_UAA,IT,1995,68,e
ESTAT:AEI_PR_GNB(1.0),14/03/22 23:00:00,A,N,BAL_UAA,IT,1996,70,e
ESTAT:AEI_PR_GNB(1.0),14/03/22 23:00:00,A,N,BAL_UAA,IT,1997,73,e
ESTAT:AEI_PR_GNB(1.0),14/03/22 23:00:00,A,N,BAL_UAA,IT,1998,67,e
ESTAT:AEI_PR_GNB(1.0),14/03/22 23:00:00,A,N,BAL_UAA,IT,1999,66,e
ESTAT:AEI_PR_GNB(1.0),14/03/22 23:00:00,A,N,BAL_UAA,IT,2000,71.4,e
ESTAT:AEI_PR_GNB(1.0),14/03/22 23:00:00,A,N,BAL_UAA,IT,2001,72.3,e
ESTAT:AEI_PR_GNB(1.0),14/03/22 23:00:00,A,N,BAL_UAA,IT,2002,71.7,e
ESTAT:AEI_PR_GNB(1.0),14/03/22 23:00:00,A,N,BAL_UAA,IT,2003,78.8,e
ESTAT:AEI_PR_GNB(1.0),14/03/22 23:00:00,A,N,BAL_UAA,IT,2004,64.5,e
ESTAT:AEI_PR_GNB(1.0),14/03/22 23:00:00,A,N,BAL_UAA,IT,2005,63.2,e
ESTAT:AEI_PR_GNB(1.0),14/03/22 23:00:00,A,N,BAL_UAA,IT,2006,74.4,e
ESTAT:AEI_PR_GNB(1.0),14/03/22 23:00:00,A,N,BAL_UAA,IT,2007,67.8,e
ESTAT:AEI_PR_GNB(1.0),14/03/22 23:00:00,A,N,BAL_UAA,IT,2008,64.8,e
ESTAT:AEI_PR_GNB(1.0),14/03/22 23:00:00,A,N,BAL_UAA,IT,2009,60.3,e
ESTAT:AEI_PR_GNB(1.0),14/03/22 23:00:00,A,N,BAL_UAA,IT,2010,58.8,e
ESTAT:AEI_PR_GNB(1.0),14/03/22 23:00:00,A,N,BAL_UAA,IT,2011,62.5,e
ESTAT:AEI_PR_GNB(1.0),14/03/22 23:00:00,A,N,BAL_UAA,IT,2012,79.6,e
ESTAT:AEI_PR_GNB(1.0),14/03/22 23:00:00,A,N,BAL_UAA,IT,2013,70.1,e
ESTAT:AEI_PR_GNB(1.0),14/03/22 23:00:00,A,N,BAL_UAA,IT,2014,65.7,e
ESTAT:AEI_PR_GNB(1.0),14/03/22 23:00:00,A,N,BAL_UAA,IT,2015,66,e
ESTAT:AEI_PR_GNB(1.0),14/03/22 23:00:00,A,N,BAL_UAA,IT,2016,64.6,
ESTAT:AEI_PR_GNB(1.0),14/03/22 23:00:00,A,N,BAL_UAA,IT,2017,68,
ESTAT:AEI_PR_GNB(1.0),14/03/22 23:00:00,A,N,BAL_UAA,LT,1990,93,e
ESTAT:AEI_PR_GNB(1.0),14/03/22 23:00:00,A,N,BAL_UAA,LT,1991,100,e
ESTAT:AEI_PR_GNB(1.0),14/03/22 23:00:00,A,N,BAL_UAA,LT,1992,51,e
ESTAT:AEI_PR_GNB(1.0),14/03/22 23:00:00,A,N,BAL_UAA,LT,1993,28,e
ESTAT:AEI_PR_GNB(1.0),14/03/22 23:00:00,A,N,BAL_UAA,LT,1994,29,e
ESTAT:AEI_PR_GNB(1.0),14/03/22 23:00:00,A,N,BAL_UAA,LT,1995,26,e
ESTAT:AEI_PR_GNB(1.0),14/03/22 23:00:00,A,N,BAL_UAA,LT,1996,31,e
ESTAT:AEI_PR_GNB(1.0),14/03/22 23:00:00,A,N,BAL_UAA,LT,1997,30,e
ESTAT:AEI_PR_GNB(1.0),14/03/22 23:00:00,A,N,BAL_UAA,LT,1998,32,e
ESTAT:AEI_PR_GNB(1.0),14/03/22 23:00:00,A,N,BAL_UAA,LT,1999,36,e
ESTAT:AEI_PR_GNB(1.0),14/03/22 23:00:00,A,N,BAL_UAA,LT,2000,31.4,e
ESTAT:AEI_PR_GNB(1.0),14/03/22 23:00:00,A,N,BAL_UAA,LT,2001,33,e
ESTAT:AEI_PR_GNB(1.0),14/03/22 23:00:00,A,N,BAL_UAA,LT,2002,36.2,e
ESTAT:AEI_PR_GNB(1.0),14/03/22 23:00:00,A,N,BAL_UAA,LT,2003,41.6,e
ESTAT:AEI_PR_GNB(1.0),14/03/22 23:00:00,A,N,BAL_UAA,LT,2004,39.9,e
ESTAT:AEI_PR_GNB(1.0),14/03/22 23:00:00,A,N,BAL_UAA,LT,2005,34.9,e
ESTAT:AEI_PR_GNB(1.0),14/03/22 23:00:00,A,N,BAL_UAA,LT,2006,50.2,e
ESTAT:AEI_PR_GNB(1.0),14/03/22 23:00:00,A,N,BAL_UAA,LT,2007,27.7,e
ESTAT:AEI_PR_GNB(1.0),14/03/22 23:00:00,A,N,BAL_UAA,LT,2008,34.1,e
ESTAT:AEI_PR_GNB(1.0),14/03/22 23:00:00,A,N,BAL_UAA,LT,2009,35.5,e
ESTAT:AEI_PR_GNB(1.0),14/03/22 23:00:00,A,N,BAL_UAA,LT,2010,43.8,e
ESTAT:AEI_PR_GNB(1.0),14/03/22 23:00:00,A,N,BAL_UAA,LT,2011,40,e
ESTAT:AEI_PR_GNB(1.0),14/03/22 23:00:00,A,N,BAL_UAA,LT,2012,29.2,e
ESTAT:AEI_PR_GNB(1.0),14/03/22 23:00:00,A,N,BAL_UAA,LT,2013,31.2,e
ESTAT:AEI_PR_GNB(1.0),14/03/22 23:00:00,A,N,BAL_UAA,LT,2014,24.8,e
ESTAT:AEI_PR_GNB(1.0),14/03/22 23:00:00,A,N,BAL_UAA,LT,2015,25,e
ESTAT:AEI_PR_GNB(1.0),14/03/22 23:00:00,A,N,BAL_UAA,LT,2018,43.5,
ESTAT:AEI_PR_GNB(1.0),14/03/22 23:00:00,A,N,BAL_UAA,LT,2019,40.8,
ESTAT:AEI_PR_GNB(1.0),14/03/22 23:00:00,A,N,BAL_UAA,LU,1990,181,e
ESTAT:AEI_PR_GNB(1.0),14/03/22 23:00:00,A,N,BAL_UAA,LU,1991,196,e
ESTAT:AEI_PR_GNB(1.0),14/03/22 23:00:00,A,N,BAL_UAA,LU,1992,171,e
ESTAT:AEI_PR_GNB(1.0),14/03/22 23:00:00,A,N,BAL_UAA,LU,1993,164,e
ESTAT:AEI_PR_GNB(1.0),14/03/22 23:00:00,A,N,BAL_UAA,LU,1994,163,e
ESTAT:AEI_PR_GNB(1.0),14/03/22 23:00:00,A,N,BAL_UAA,LU,1995,166,e
ESTAT:AEI_PR_GNB(1.0),14/03/22 23:00:00,A,N,BAL_UAA,LU,1996,160,e
ESTAT:AEI_PR_GNB(1.0),14/03/22 23:00:00,A,N,BAL_UAA,LU,1997,156,e
ESTAT:AEI_PR_GNB(1.0),14/03/22 23:00:00,A,N,BAL_UAA,LU,1998,159,e
ESTAT:AEI_PR_GNB(1.0),14/03/22 23:00:00,A,N,BAL_UAA,LU,1999,168,e
ESTAT:AEI_PR_GNB(1.0),14/03/22 23:00:00,A,N,BAL_UAA,LU,2000,156.6,e
ESTAT:AEI_PR_GNB(1.0),14/03/22 23:00:00,A,N,BAL_UAA,LU,2001,142.9,e
ESTAT:AEI_PR_GNB(1.0),14/03/22 23:00:00,A,N,BAL_UAA,LU,2002,151.8,e
ESTAT:AEI_PR_GNB(1.0),14/03/22 23:00:00,A,N,BAL_UAA,LU,2003,126.1,e
ESTAT:AEI_PR_GNB(1.0),14/03/22 23:00:00,A,N,BAL_UAA,LU,2004,145.3,e
ESTAT:AEI_PR_GNB(1.0),14/03/22 23:00:00,A,N,BAL_UAA,LU,2005,129.5,e
ESTAT:AEI_PR_GNB(1.0),14/03/22 23:00:00,A,N,BAL_UAA,LU,2006,128.8,e
ESTAT:AEI_PR_GNB(1.0),14/03/22 23:00:00,A,N,BAL_UAA,LU,2007,123,e
ESTAT:AEI_PR_GNB(1.0),14/03/22 23:00:00,A,N,BAL_UAA,LU,2008,121.6,e
ESTAT:AEI_PR_GNB(1.0),14/03/22 23:00:00,A,N,BAL_UAA,LU,2009,120.3,e
ESTAT:AEI_PR_GNB(1.0),14/03/22 23:00:00,A,N,BAL_UAA,LU,2010,126.8,e
ESTAT:AEI_PR_GNB(1.0),14/03/22 23:00:00,A,N,BAL_UAA,LU,2011,138.3,e
ESTAT:AEI_PR_GNB(1.0),14/03/22 23:00:00,A,N,BAL_UAA,LU,2012,124.9,e
ESTAT:AEI_PR_GNB(1.0),14/03/22 23:00:00,A,N,BAL_UAA,LU,2013,127.3,e
ESTAT:AEI_PR_GNB(1.0),14/03/22 23:00:00,A,N,BAL_UAA,LU,2014,128.7,e
ESTAT:AEI_PR_GNB(1.0),14/03/22 23:00:00,A,N,BAL_UAA,LU,2015,129,e
ESTAT:AEI_PR_GNB(1.0),14/03/22 23:00:00,A,N,BAL_UAA,LV,1990,99,e
ESTAT:AEI_PR_GNB(1.0),14/03/22 23:00:00,A,N,BAL_UAA,LV,1991,89,e
ESTAT:AEI_PR_GNB(1.0),14/03/22 23:00:00,A,N,BAL_UAA,LV,1992,53,e
ESTAT:AEI_PR_GNB(1.0),14/03/22 23:00:00,A,N,BAL_UAA,LV,1993,26,e
ESTAT:AEI_PR_GNB(1.0),14/03/22 23:00:00,A,N,BAL_UAA,LV,1994,23,e
ESTAT:AEI_PR_GNB(1.0),14/03/22 23:00:00,A,N,BAL_UAA,LV,1995,9,e
ESTAT:AEI_PR_GNB(1.0),14/03/22 23:00:00,A,N,BAL_UAA,LV,1996,8,e
ESTAT:AEI_PR_GNB(1.0),14/03/22 23:00:00,A,N,BAL_UAA,LV,1997,11,e
ESTAT:AEI_PR_GNB(1.0),14/03/22 23:00:00,A,N,BAL_UAA,LV,1998,7,e
ESTAT:AEI_PR_GNB(1.0),14/03/22 23:00:00,A,N,BAL_UAA,LV,1999,12,e
ESTAT:AEI_PR_GNB(1.0),14/03/22 23:00:00,A,N,BAL_UAA,LV,2000,10.5,e
ESTAT:AEI_PR_GNB(1.0),14/03/22 23:00:00,A,N,BAL_UAA,LV,2001,22,e
ESTAT:AEI_PR_GNB(1.0),14/03/22 23:00:00,A,N,BAL_UAA,LV,2002,13.7,e
ESTAT:AEI_PR_GNB(1.0),14/03/22 23:00:00,A,N,BAL_UAA,LV,2003,19.7,e
ESTAT:AEI_PR_GNB(1.0),14/03/22 23:00:00,A,N,BAL_UAA,LV,2004,16.1,e
ESTAT:AEI_PR_GNB(1.0),14/03/22 23:00:00,A,N,BAL_UAA,LV,2005,16.1,e
ESTAT:AEI_PR_GNB(1.0),14/03/22 23:00:00,A,N,BAL_UAA,LV,2006,21.4,e
ESTAT:AEI_PR_GNB(1.0),14/03/22 23:00:00,A,N,BAL_UAA,LV,2007,19.6,e
ESTAT:AEI_PR_GNB(1.0),14/03/22 23:00:00,A,N,BAL_UAA,LV,2008,16.5,e
ESTAT:AEI_PR_GNB(1.0),14/03/22 23:00:00,A,N,BAL_UAA,LV,2009,21.7,e
ESTAT:AEI_PR_GNB(1.0),14/03/22 23:00:00,A,N,BAL_UAA,LV,2010,29.2,e
ESTAT:AEI_PR_GNB(1.0),14/03/22 23:00:00,A,N,BAL_UAA,LV,2011,28.3,e
ESTAT:AEI_PR_GNB(1.0),14/03/22 23:00:00,A,N,BAL_UAA,LV,2012,24,e
ESTAT:AEI_PR_GNB(1.0),14/03/22 23:00:00,A,N,BAL_UAA,LV,2013,27.7,e
ESTAT:AEI_PR_GNB(1.0),14/03/22 23:00:00,A,N,BAL_UAA,LV,2014,27.8,e
ESTAT:AEI_PR_GNB(1.0),14/03/22 23:00:00,A,N,BAL_UAA,LV,2015,28,e
ESTAT:AEI_PR_GNB(1.0),14/03/22 23:00:00,A,N,BAL_UAA,LV,2016,25.4,
ESTAT:AEI_PR_GNB(1.0),14/03/22 23:00:00,A,N,BAL_UAA,LV,2017,22.2,
ESTAT:AEI_PR_GNB(1.0),14/03/22 23:00:00,A,N,BAL_UAA,LV,2018,26.4,
ESTAT:AEI_PR_GNB(1.0),14/03/22 23:00:00,A,N,BAL_UAA,LV,2019,12.4,
ESTAT:AEI_PR_GNB(1.0),14/03/22 23:00:00,A,N,BAL_UAA,MT,1990,137,e
ESTAT:AEI_PR_GNB(1.0),14/03/22 23:00:00,A,N,BAL_UAA,MT,1991,149,e
ESTAT:AEI_PR_GNB(1.0),14/03/22 23:00:00,A,N,BAL_UAA,MT,1992,161,e
ESTAT:AEI_PR_GNB(1.0),14/03/22 23:00:00,A,N,BAL_UAA,MT,1993,186,e
ESTAT:AEI_PR_GNB(1.0),14/03/22 23:00:00,A,N,BAL_UAA,MT,1994,206,e
ESTAT:AEI_PR_GNB(1.0),14/03/22 23:00:00,A,N,BAL_UAA,MT,1995,222,e
ESTAT:AEI_PR_GNB(1.0),14/03/22 23:00:00,A,N,BAL_UAA,MT,1996,226,e
ESTAT:AEI_PR_GNB(1.0),14/03/22 23:00:00,A,N,BAL_UAA,MT,1997,244,e
ESTAT:AEI_PR_GNB(1.0),14/03/22 23:00:00,A,N,BAL_UAA,MT,1998,179,e
ESTAT:AEI_PR_GNB(1.0),14/03/22 23:00:00,A,N,BAL_UAA,MT,1999,196,e
ESTAT:AEI_PR_GNB(1.0),14/03/22 23:00:00,A,N,BAL_UAA,MT,2000,257.1,e
ESTAT:AEI_PR_GNB(1.0),14/03/22 23:00:00,A,N,BAL_UAA,MT,2001,270,e
ESTAT:AEI_PR_GNB(1.0),14/03/22 23:00:00,A,N,BAL_UAA,MT,2002,244.9,e
ESTAT:AEI_PR_GNB(1.0),14/03/22 23:00:00,A,N,BAL_UAA,MT,2003,203,e
ESTAT:AEI_PR_GNB(1.0),14/03/22 23:00:00,A,N,BAL_UAA,MT,2004,260.9,e
ESTAT:AEI_PR_GNB(1.0),14/03/22 23:00:00,A,N,BAL_UAA,MT,2005,233.2,e
ESTAT:AEI_PR_GNB(1.0),14/03/22 23:00:00,A,N,BAL_UAA,MT,2006,231.9,e
ESTAT:AEI_PR_GNB(1.0),14/03/22 23:00:00,A,N,BAL_UAA,MT,2007,243.8,e
ESTAT:AEI_PR_GNB(1.0),14/03/22 23:00:00,A,N,BAL_UAA,MT,2008,214.9,e
ESTAT:AEI_PR_GNB(1.0),14/03/22 23:00:00,A,N,BAL_UAA,MT,2009,199.9,e
ESTAT:AEI_PR_GNB(1.0),14/03/22 23:00:00,A,N,BAL_UAA,MT,2010,168.6,e
ESTAT:AEI_PR_GNB(1.0),14/03/22 23:00:00,A,N,BAL_UAA,MT,2011,131.9,e
ESTAT:AEI_PR_GNB(1.0),14/03/22 23:00:00,A,N,BAL_UAA,MT,2012,140.5,e
ESTAT:AEI_PR_GNB(1.0),14/03/22 23:00:00,A,N,BAL_UAA,MT,2013,147.2,e
ESTAT:AEI_PR_GNB(1.0),14/03/22 23:00:00,A,N,BAL_UAA,MT,2014,147.2,e
ESTAT:AEI_PR_GNB(1.0),14/03/22 23:00:00,A,N,BAL_UAA,MT,2015,147,e
ESTAT:AEI_PR_GNB(1.0),14/03/22 23:00:00,A,N,BAL_UAA,NL,1990,327.7,r
ESTAT:AEI_PR_GNB(1.0),14/03/22 23:00:00,A,N,BAL_UAA,NL,1991,342.3,r
ESTAT:AEI_PR_GNB(1.0),14/03/22 23:00:00,A,N,BAL_UAA,NL,1992,317.8,r
ESTAT:AEI_PR_GNB(1.0),14/03/22 23:00:00,A,N,BAL_UAA,NL,1993,314.6,r
ESTAT:AEI_PR_GNB(1.0),14/03/22 23:00:00,A,N,BAL_UAA,NL,1994,319.9,r
ESTAT:AEI_PR_GNB(1.0),14/03/22 23:00:00,A,N,BAL_UAA,NL,1995,332.9,r
ESTAT:AEI_PR_GNB(1.0),14/03/22 23:00:00,A,N,BAL_UAA,NL,1996,308.9,r
ESTAT:AEI_PR_GNB(1.0),14/03/22 23:00:00,A,N,BAL_UAA,NL,1997,299.9,r
ESTAT:AEI_PR_GNB(1.0),14/03/22 23:00:00,A,N,BAL_UAA,NL,1998,316.4,r
ESTAT:AEI_PR_GNB(1.0),14/03/22 23:00:00,A,N,BAL_UAA,NL,1999,291.9,r
ESTAT:AEI_PR_GNB(1.0),14/03/22 23:00:00,A,N,BAL_UAA,NL,2000,253.8,r
ESTAT:AEI_PR_GNB(1.0),14/03/22 23:00:00,A,N,BAL_UAA,NL,2001,229.6,r
ESTAT:AEI_PR_GNB(1.0),14/03/22 23:00:00,A,N,BAL_UAA,NL,2002,196.8,r
ESTAT:AEI_PR_GNB(1.0),14/03/22 23:00:00,A,N,BAL_UAA,NL,2003,229.4,r
ESTAT:AEI_PR_GNB(1.0),14/03/22 23:00:00,A,N,BAL_UAA,NL,2004,209.7,r
ESTAT:AEI_PR_GNB(1.0),14/03/22 23:00:00,A,N,BAL_UAA,NL,2005,203.4,r
ESTAT:AEI_PR_GNB(1.0),14/03/22 23:00:00,A,N,BAL_UAA,NL,2006,209.9,r
ESTAT:AEI_PR_GNB(1.0),14/03/22 23:00:00,A,N,BAL_UAA,NL,2007,195.3,r
ESTAT:AEI_PR_GNB(1.0),14/03/22 23:00:00,A,N,BAL_UAA,NL,2008,173.8,r
ESTAT:AEI_PR_GNB(1.0),14/03/22 23:00:00,A,N,BAL_UAA,NL,2009,171.3,
ESTAT:AEI_PR_GNB(1.0),14/03/22 23:00:00,A,N,BAL_UAA,NL,2010,171.8,r
ESTAT:AEI_PR_GNB(1.0),14/03/22 23:00:00,A,N,BAL_UAA,NL,2011,172.8,r
ESTAT:AEI_PR_GNB(1.0),14/03/22 23:00:00,A,N,BAL_UAA,NL,2012,170,r
ESTAT:AEI_PR_GNB(1.0),14/03/22 23:00:00,A,N,BAL_UAA,NL,2013,171.4,r
ESTAT:AEI_PR_GNB(1.0),14/03/22 23:00:00,A,N,BAL_UAA,NL,2014,162.6,r
ESTAT:AEI_PR_GNB(1.0),14/03/22 23:00:00,A,N,BAL_UAA,NL,2015,192.4,r
ESTAT:AEI_PR_GNB(1.0),14/03/22 23:00:00,A,N,BAL_UAA,NL,2016,194.5,r
ESTAT:AEI_PR_GNB(1.0),14/03/22 23:00:00,A,N,BAL_UAA,NL,2017,182,r
ESTAT:AEI_PR_GNB(1.0),14/03/22 23:00:00,A,N,BAL_UAA,NL,2018,196.0,
ESTAT:AEI_PR_GNB(1.0),14/03/22 23:00:00,A,N,BAL_UAA,NL,2019,165.8,
ESTAT:AEI_PR_GNB(1.0),14/03/22 23:00:00,A,N,BAL_UAA,NO,1985,112,
ESTAT:AEI_PR_GNB(1.0),14/03/22 23:00:00,A,N,BAL_UAA,NO,1986,112,
ESTAT:AEI_PR_GNB(1.0),14/03/22 23:00:00,A,N,BAL_UAA,NO,1987,109,
ESTAT:AEI_PR_GNB(1.0),14/03/22 23:00:00,A,N,BAL_UAA,NO,1988,108,
ESTAT:AEI_PR_GNB(1.0),14/03/22 23:00:00,A,N,BAL_UAA,NO,1989,107,
ESTAT:AEI_PR_GNB(1.0),14/03/22 23:00:00,A,N,BAL_UAA,NO,1990,99,
ESTAT:AEI_PR_GNB(1.0),14/03/22 23:00:00,A,N,BAL_UAA,NO,1991,100,
ESTAT:AEI_PR_GNB(1.0),14/03/22 23:00:00,A,N,BAL_UAA,NO,1992,115,
ESTAT:AEI_PR_GNB(1.0),14/03/22 23:00:00,A,N,BAL_UAA,NO,1993,97,
ESTAT:AEI_PR_GNB(1.0),14/03/22 23:00:00,A,N,BAL_UAA,NO,1994,106,
ESTAT:AEI_PR_GNB(1.0),14/03/22 23:00:00,A,N,BAL_UAA,NO,1995,108,
ESTAT:AEI_PR_GNB(1.0),14/03/22 23:00:00,A,N,BAL_UAA,NO,1996,106,
ESTAT:AEI_PR_GNB(1.0),14/03/22 23:00:00,A,N,BAL_UAA,NO,1997,105,
ESTAT:AEI_PR_GNB(1.0),14/03/22 23:00:00,A,N,BAL_UAA,NO,1998,103,
ESTAT:AEI_PR_GNB(1.0),14/03/22 23:00:00,A,N,BAL_UAA,NO,1999,102,
ESTAT:AEI_PR_GNB(1.0),14/03/22 23:00:00,A,N,BAL_UAA,NO,2000,85.3,
ESTAT:AEI_PR_GNB(1.0),14/03/22 23:00:00,A,N,BAL_UAA,NO,2001,80.1,
ESTAT:AEI_PR_GNB(1.0),14/03/22 23:00:00,A,N,BAL_UAA,NO,2002,85,
ESTAT:AEI_PR_GNB(1.0),14/03/22 23:00:00,A,N,BAL_UAA,NO,2003,91.6,
ESTAT:AEI_PR_GNB(1.0),14/03/22 23:00:00,A,N,BAL_UAA,NO,2004,88.3,
ESTAT:AEI_PR_GNB(1.0),14/03/22 23:00:00,A,N,BAL_UAA,NO,2005,96.3,
ESTAT:AEI_PR_GNB(1.0),14/03/22 23:00:00,A,N,BAL_UAA,NO,2006,97.3,
ESTAT:AEI_PR_GNB(1.0),14/03/22 23:00:00,A,N,BAL_UAA,NO,2007,99.4,
ESTAT:AEI_PR_GNB(1.0),14/03/22 23:00:00,A,N,BAL_UAA,NO,2008,90.3,
ESTAT:AEI_PR_GNB(1.0),14/03/22 23:00:00,A,N,BAL_UAA,NO,2009,88.2,
ESTAT:AEI_PR_GNB(1.0),14/03/22 23:00:00,A,N,BAL_UAA,NO,2010,82.9,
ESTAT:AEI_PR_GNB(1.0),14/03/22 23:00:00,A,N,BAL_UAA,NO,2011,97.1,
ESTAT:AEI_PR_GNB(1.0),14/03/22 23:00:00,A,N,BAL_UAA,NO,2012,90.2,
ESTAT:AEI_PR_GNB(1.0),14/03/22 23:00:00,A,N,BAL_UAA,NO,2013,102.3,
ESTAT:AEI_PR_GNB(1.0),14/03/22 23:00:00,A,N,BAL_UAA,NO,2014,89.2,
ESTAT:AEI_PR_GNB(1.0),14/03/22 23:00:00,A,N,BAL_UAA,NO,2015,86.8,
ESTAT:AEI_PR_GNB(1.0),14/03/22 23:00:00,A,N,BAL_UAA,NO,2016,94.5,
ESTAT:AEI_PR_GNB(1.0),14/03/22 23:00:00,A,N,BAL_UAA,PL,1985,70,
ESTAT:AEI_PR_GNB(1.0),14/03/22 23:00:00,A,N,BAL_UAA,PL,1986,70,
ESTAT:AEI_PR_GNB(1.0),14/03/22 23:00:00,A,N,BAL_UAA,PL,1987,70,
ESTAT:AEI_PR_GNB(1.0),14/03/22 23:00:00,A,N,BAL_UAA,PL,1988,69.9,
ESTAT:AEI_PR_GNB(1.0),14/03/22 23:00:00,A,N,BAL_UAA,PL,1989,78.2,
ESTAT:AEI_PR_GNB(1.0),14/03/22 23:00:00,A,N,BAL_UAA,PL,1990,63.9,
ESTAT:AEI_PR_GNB(1.0),14/03/22 23:00:00,A,N,BAL_UAA,PL,1991,38.2,
ESTAT:AEI_PR_GNB(1.0),14/03/22 23:00:00,A,N,BAL_UAA,PL,1992,49.5,
ESTAT:AEI_PR_GNB(1.0),14/03/22 23:00:00,A,N,BAL_UAA,PL,1993,29.3,
ESTAT:AEI_PR_GNB(1.0),14/03/22 23:00:00,A,N,BAL_UAA,PL,1994,45.3,
ESTAT:AEI_PR_GNB(1.0),14/03/22 23:00:00,A,N,BAL_UAA,PL,1995,33.5,
ESTAT:AEI_PR_GNB(1.0),14/03/22 23:00:00,A,N,BAL_UAA,PL,1996,38.6,
ESTAT:AEI_PR_GNB(1.0),14/03/22 23:00:00,A,N,BAL_UAA,PL,1997,42.5,
ESTAT:AEI_PR_GNB(1.0),14/03/22 23:00:00,A,N,BAL_UAA,PL,1998,38.7,
ESTAT:AEI_PR_GNB(1.0),14/03/22 23:00:00,A,N,BAL_UAA,PL,1999,40.5,
ESTAT:AEI_PR_GNB(1.0),14/03/22 23:00:00,A,N,BAL_UAA,PL,2000,44.2,
ESTAT:AEI_PR_GNB(1.0),14/03/22 23:00:00,A,N,BAL_UAA,PL,2001,39.6,
ESTAT:AEI_PR_GNB(1.0),14/03/22 23:00:00,A,N,BAL_UAA,PL,2002,44.9,
ESTAT:AEI_PR_GNB(1.0),14/03/22 23:00:00,A,N,BAL_UAA,PL,2003,50.8,
ESTAT:AEI_PR_GNB(1.0),14/03/22 23:00:00,A,N,BAL_UAA,PL,2004,39.2,
ESTAT:AEI_PR_GNB(1.0),14/03/22 23:00:00,A,N,BAL_UAA,PL,2005,44.9,
ESTAT:AEI_PR_GNB(1.0),14/03/22 23:00:00,A,N,BAL_UAA,PL,2006,62.2,
ESTAT:AEI_PR_GNB(1.0),14/03/22 23:00:00,A,N,BAL_UAA,PL,2007,52.1,
ESTAT:AEI_PR_GNB(1.0),14/03/22 23:00:00,A,N,BAL_UAA,PL,2008,57.4,
ESTAT:AEI_PR_GNB(1.0),14/03/22 23:00:00,A,N,BAL_UAA,PL,2009,47.8,
ESTAT:AEI_PR_GNB(1.0),14/03/22 23:00:00,A,N,BAL_UAA,PL,2010,52.0,
ESTAT:AEI_PR_GNB(1.0),14/03/22 23:00:00,A,N,BAL_UAA,PL,2011,53.0,
ESTAT:AEI_PR_GNB(1.0),14/03/22 23:00:00,A,N,BAL_UAA,PL,2012,48.1,
ESTAT:AEI_PR_GNB(1.0),14/03/22 23:00:00,A,N,BAL_UAA,PL,2013,54.8,
ESTAT:AEI_PR_GNB(1.0),14/03/22 23:00:00,A,N,BAL_UAA,PL,2014,39.8,
ESTAT:AEI_PR_GNB(1.0),14/03/22 23:00:00,A,N,BAL_UAA,PL,2015,47.8,
ESTAT:AEI_PR_GNB(1.0),14/03/22 23:00:00,A,N,BAL_UAA,PL,2016,44.1,
ESTAT:AEI_PR_GNB(1.0),14/03/22 23:00:00,A,N,BAL_UAA,PL,2017,48.4,
ESTAT:AEI_PR_GNB(1.0),14/03/22 23:00:00,A,N,BAL_UAA,PL,2018,61.8,
ESTAT:AEI_PR_GNB(1.0),14/03/22 23:00:00,A,N,BAL_UAA,PL,2019,47.4,
ESTAT:AEI_PR_GNB(1.0),14/03/22 23:00:00,A,N,BAL_UAA,PT,1995,44.4,r
ESTAT:AEI_PR_GNB(1.0),14/03/22 23:00:00,A,N,BAL_UAA,PT,1996,46.8,r
ESTAT:AEI_PR_GNB(1.0),14/03/22 23:00:00,A,N,BAL_UAA,PT,1997,49.6,r
ESTAT:AEI_PR_GNB(1.0),14/03/22 23:00:00,A,N,BAL_UAA,PT,1998,51,r
ESTAT:AEI_PR_GNB(1.0),14/03/22 23:00:00,A,N,BAL_UAA,PT,1999,34.2,r
ESTAT:AEI_PR_GNB(1.0),14/03/22 23:00:00,A,N,BAL_UAA,PT,2000,39.1,r
ESTAT:AEI_PR_GNB(1.0),14/03/22 23:00:00,A,N,BAL_UAA,PT,2001,47.2,r
ESTAT:AEI_PR_GNB(1.0),14/03/22 23:00:00,A,N,BAL_UAA,PT,2002,36,r
ESTAT:AEI_PR_GNB(1.0),14/03/22 23:00:00,A,N,BAL_UAA,PT,2003,41.8,r
ESTAT:AEI_PR_GNB(1.0),14/03/22 23:00:00,A,N,BAL_UAA,PT,2004,38.8,r
ESTAT:AEI_PR_GNB(1.0),14/03/22 23:00:00,A,N,BAL_UAA,PT,2005,44.7,r
ESTAT:AEI_PR_GNB(1.0),14/03/22 23:00:00,A,N,BAL_UAA,PT,2006,28.3,r
ESTAT:AEI_PR_GNB(1.0),14/03/22 23:00:00,A,N,BAL_UAA,PT,2007,43.5,r
ESTAT:AEI_PR_GNB(1.0),14/03/22 23:00:00,A,N,BAL_UAA,PT,2008,33,r
ESTAT:AEI_PR_GNB(1.0),14/03/22 23:00:00,A,N,BAL_UAA,PT,2009,36,r
ESTAT:AEI_PR_GNB(1.0),14/03/22 23:00:00,A,N,BAL_UAA,PT,2010,40.3,r
ESTAT:AEI_PR_GNB(1.0),14/03/22 23:00:00,A,N,BAL_UAA,PT,2011,39.6,r
ESTAT:AEI_PR_GNB(1.0),14/03/22 23:00:00,A,N,BAL_UAA,PT,2012,43.9,r
ESTAT:AEI_PR_GNB(1.0),14/03/22 23:00:00,A,N,BAL_UAA,PT,2013,38.7,r
ESTAT:AEI_PR_GNB(1.0),14/03/22 23:00:00,A,N,BAL_UAA,PT,2014,44.9,r
ESTAT:AEI_PR_GNB(1.0),14/03/22 23:00:00,A,N,BAL_UAA,PT,2015,44.3,r
ESTAT:AEI_PR_GNB(1.0),14/03/22 23:00:00,A,N,BAL_UAA,PT,2016,46.7,r
ESTAT:AEI_PR_GNB(1.0),14/03/22 23:00:00,A,N,BAL_UAA,PT,2017,44.9,r
ESTAT:AEI_PR_GNB(1.0),14/03/22 23:00:00,A,N,BAL_UAA,PT,2018,45.5,
ESTAT:AEI_PR_GNB(1.0),14/03/22 23:00:00,A,N,BAL_UAA,PT,2019,45.2,
ESTAT:AEI_PR_GNB(1.0),14/03/22 23:00:00,A,N,BAL_UAA,RO,1990,54,e
ESTAT:AEI_PR_GNB(1.0),14/03/22 23:00:00,A,N,BAL_UAA,RO,1991,27,e
ESTAT:AEI_PR_GNB(1.0),14/03/22 23:00:00,A,N,BAL_UAA,RO,1992,26,e
ESTAT:AEI_PR_GNB(1.0),14/03/22 23:00:00,A,N,BAL_UAA,RO,1993,25,e
ESTAT:AEI_PR_GNB(1.0),14/03/22 23:00:00,A,N,BAL_UAA,RO,1994,17,e
ESTAT:AEI_PR_GNB(1.0),14/03/22 23:00:00,A,N,BAL_UAA,RO,1995,15,e
ESTAT:AEI_PR_GNB(1.0),14/03/22 23:00:00,A,N,BAL_UAA,RO,1996,19,e
ESTAT:AEI_PR_GNB(1.0),14/03/22 23:00:00,A,N,BAL_UAA,RO,1997,9,e
ESTAT:AEI_PR_GNB(1.0),14/03/22 23:00:00,A,N,BAL_UAA,RO,1998,12,e
ESTAT:AEI_PR_GNB(1.0),14/03/22 23:00:00,A,N,BAL_UAA,RO,1999,8,e
ESTAT:AEI_PR_GNB(1.0),14/03/22 23:00:00,A,N,BAL_UAA,RO,2000,13.1,e
ESTAT:AEI_PR_GNB(1.0),14/03/22 23:00:00,A,N,BAL_UAA,RO,2001,6.9,e
ESTAT:AEI_PR_GNB(1.0),14/03/22 23:00:00,A,N,BAL_UAA,RO,2002,12.5,e
ESTAT:AEI_PR_GNB(1.0),14/03/22 23:00:00,A,N,BAL_UAA,RO,2003,14,e
ESTAT:AEI_PR_GNB(1.0),14/03/22 23:00:00,A,N,BAL_UAA,RO,2004,0.3,e
ESTAT:AEI_PR_GNB(1.0),14/03/22 23:00:00,A,N,BAL_UAA,RO,2005,12.2,e
ESTAT:AEI_PR_GNB(1.0),14/03/22 23:00:00,A,N,BAL_UAA,RO,2006,13.2,e
ESTAT:AEI_PR_GNB(1.0),14/03/22 23:00:00,A,N,BAL_UAA,RO,2007,31.7,e
ESTAT:AEI_PR_GNB(1.0),14/03/22 23:00:00,A,N,BAL_UAA,RO,2008,14,e
ESTAT:AEI_PR_GNB(1.0),14/03/22 23:00:00,A,N,BAL_UAA,RO,2009,18.1,e
ESTAT:AEI_PR_GNB(1.0),14/03/22 23:00:00,A,N,BAL_UAA,RO,2010,-0.9,e
ESTAT:AEI_PR_GNB(1.0),14/03/22 23:00:00,A,N,BAL_UAA,RO,2011,-11.2,e
ESTAT:AEI_PR_GNB(1.0),14/03/22 23:00:00,A,N,BAL_UAA,RO,2012,16.3,e
ESTAT:AEI_PR_GNB(1.0),14/03/22 23:00:00,A,N,BAL_UAA,RO,2013,4.2,e
ESTAT:AEI_PR_GNB(1.0),14/03/22 23:00:00,A,N,BAL_UAA,RO,2014,-0.7,e
ESTAT:AEI_PR_GNB(1.0),14/03/22 23:00:00,A,N,BAL_UAA,RO,2015,8.6,
ESTAT:AEI_PR_GNB(1.0),14/03/22 23:00:00,A,N,BAL_UAA,RO,2016,-1.4,
ESTAT:AEI_PR_GNB(1.0),14/03/22 23:00:00,A,N,BAL_UAA,RO,2017,-12.6,
ESTAT:AEI_PR_GNB(1.0),14/03/22 23:00:00,A,N,BAL_UAA,RO,2018,-27.4,
ESTAT:AEI_PR_GNB(1.0),14/03/22 23:00:00,A,N,BAL_UAA,RO,2019,-24.9,
ESTAT:AEI_PR_GNB(1.0),14/03/22 23:00:00,A,N,BAL_UAA,SE,1985,67.1,r
ESTAT:AEI_PR_GNB(1.0),14/03/22 23:00:00,A,N,BAL_UAA,SE,1986,60.2,r
ESTAT:AEI_PR_GNB(1.0),14/03/22 23:00:00,A,N,BAL_UAA,SE,1987,61.7,r
ESTAT:AEI_PR_GNB(1.0),14/03/22 23:00:00,A,N,BAL_UAA,SE,1988,71.7,r
ESTAT:AEI_PR_GNB(1.0),14/03/22 23:00:00,A,N,BAL_UAA,SE,1989,55.4,r
ESTAT:AEI_PR_GNB(1.0),14/03/22 23:00:00,A,N,BAL_UAA,SE,1990,55.6,r
ESTAT:AEI_PR_GNB(1.0),14/03/22 23:00:00,A,N,BAL_UAA,SE,1991,59.4,r
ESTAT:AEI_PR_GNB(1.0),14/03/22 23:00:00,A,N,BAL_UAA,SE,1992,56.9,r
ESTAT:AEI_PR_GNB(1.0),14/03/22 23:00:00,A,N,BAL_UAA,SE,1993,56.3,r
ESTAT:AEI_PR_GNB(1.0),14/03/22 23:00:00,A,N,BAL_UAA,SE,1994,65.6,r
ESTAT:AEI_PR_GNB(1.0),14/03/22 23:00:00,A,N,BAL_UAA,SE,1995,60.8,r
ESTAT:AEI_PR_GNB(1.0),14/03/22 23:00:00,A,N,BAL_UAA,SE,1996,52.8,r
ESTAT:AEI_PR_GNB(1.0),14/03/22 23:00:00,A,N,BAL_UAA,SE,1997,57.3,r
ESTAT:AEI_PR_GNB(1.0),14/03/22 23:00:00,A,N,BAL_UAA,SE,1998,59.8,r
ESTAT:AEI_PR_GNB(1.0),14/03/22 23:00:00,A,N,BAL_UAA,SE,1999,54,r
ESTAT:AEI_PR_GNB(1.0),14/03/22 23:00:00,A,N,BAL_UAA,SE,2000,54.6,
ESTAT:AEI_PR_GNB(1.0),14/03/22 23:00:00,A,N,BAL_UAA,SE,2001,57.8,
ESTAT:AEI_PR_GNB(1.0),14/03/22 23:00:00,A,N,BAL_UAA,SE,2002,50.3,
ESTAT:AEI_PR_GNB(1.0),14/03/22 23:00:00,A,N,BAL_UAA,SE,2003,50.5,
ESTAT:AEI_PR_GNB(1.0),14/03/22 23:00:00,A,N,BAL_UAA,SE,2004,46.9,
ESTAT:AEI_PR_GNB(1.0),14/03/22 23:00:00,A,N,BAL_UAA,SE,2005,44.7,
ESTAT:AEI_PR_GNB(1.0),14/03/22 23:00:00,A,N,BAL_UAA,SE,2006,50.7,
ESTAT:AEI_PR_GNB(1.0),14/03/22 23:00:00,A,N,BAL_UAA,SE,2007,45.9,
ESTAT:AEI_PR_GNB(1.0),14/03/22 23:00:00,A,N,BAL_UAA,SE,2008,51.7,
ESTAT:AEI_PR_GNB(1.0),14/03/22 23:00:00,A,N,BAL_UAA,SE,2009,30.1,
ESTAT:AEI_PR_GNB(1.0),14/03/22 23:00:00,A,N,BAL_UAA,SE,2010,38.2,
ESTAT:AEI_PR_GNB(1.0),14/03/22 23:00:00,A,N,BAL_UAA,SE,2011,42.2,
ESTAT:AEI_PR_GNB(1.0),14/03/22 23:00:00,A,N,BAL_UAA,SE,2012,31.2,
ESTAT:AEI_PR_GNB(1.0),14/03/22 23:00:00,A,N,BAL_UAA,SE,2013,34.5,
ESTAT:AEI_PR_GNB(1.0),14/03/22 23:00:00,A,N,BAL_UAA,SE,2014,30.7,
ESTAT:AEI_PR_GNB(1.0),14/03/22 23:00:00,A,N,BAL_UAA,SE,2015,31.7,
ESTAT:AEI_PR_GNB(1.0),14/03/22 23:00:00,A,N,BAL_UAA,SE,2016,36.7,
ESTAT:AEI_PR_GNB(1.0),14/03/22 23:00:00,A,N,BAL_UAA,SE,2017,35.3,
ESTAT:AEI_PR_GNB(1.0),14/03/22 23:00:00,A,N,BAL_UAA,SE,2018,60.6,r
ESTAT:AEI_PR_GNB(1.0),14/03/22 23:00:00,A,N,BAL_UAA,SE,2019,26.1,
ESTAT:AEI_PR_GNB(1.0),14/03/22 23:00:00,A,N,BAL_UAA,SI,1991,59.1,r
ESTAT:AEI_PR_GNB(1.0),14/03/22 23:00:00,A,N,BAL_UAA,SI,1992,112.5,r
ESTAT:AEI_PR_GNB(1.0),14/03/22 23:00:00,A,N,BAL_UAA,SI,1993,96.9,r
ESTAT:AEI_PR_GNB(1.0),14/03/22 23:00:00,A,N,BAL_UAA,SI,1994,61.7,r
ESTAT:AEI_PR_GNB(1.0),14/03/22 23:00:00,A,N,BAL_UAA,SI,1995,66.8,r
ESTAT:AEI_PR_GNB(1.0),14/03/22 23:00:00,A,N,BAL_UAA,SI,1996,66.2,r
ESTAT:AEI_PR_GNB(1.0),14/03/22 23:00:00,A,N,BAL_UAA,SI,1997,63.9,r
ESTAT:AEI_PR_GNB(1.0),14/03/22 23:00:00,A,N,BAL_UAA,SI,1998,66.9,r
ESTAT:AEI_PR_GNB(1.0),14/03/22 23:00:00,A,N,BAL_UAA,SI,1999,70.4,r
ESTAT:AEI_PR_GNB(1.0),14/03/22 23:00:00,A,N,BAL_UAA,SI,2000,85.6,r
ESTAT:AEI_PR_GNB(1.0),14/03/22 23:00:00,A,N,BAL_UAA,SI,2001,86.1,r
ESTAT:AEI_PR_GNB(1.0),14/03/22 23:00:00,A,N,BAL_UAA,SI,2002,67.8,r
ESTAT:AEI_PR_GNB(1.0),14/03/22 23:00:00,A,N,BAL_UAA,SI,2003,97.2,r
ESTAT:AEI_PR_GNB(1.0),14/03/22 23:00:00,A,N,BAL_UAA,SI,2004,52.9,r
ESTAT:AEI_PR_GNB(1.0),14/03/22 23:00:00,A,N,BAL_UAA,SI,2005,43,r
ESTAT:AEI_PR_GNB(1.0),14/03/22 23:00:00,A,N,BAL_UAA,SI,2006,68.1,r
ESTAT:AEI_PR_GNB(1.0),14/03/22 23:00:00,A,N,BAL_UAA,SI,2007,59.7,r
ESTAT:AEI_PR_GNB(1.0),14/03/22 23:00:00,A,N,BAL_UAA,SI,2008,43.7,r
ESTAT:AEI_PR_GNB(1.0),14/03/22 23:00:00,A,N,BAL_UAA,SI,2009,54.3,r
ESTAT:AEI_PR_GNB(1.0),14/03/22 23:00:00,A,N,BAL_UAA,SI,2010,44.6,r
ESTAT:AEI_PR_GNB(1.0),14/03/22 23:00:00,A,N,BAL_UAA,SI,2011,49.4,r
ESTAT:AEI_PR_GNB(1.0),14/03/22 23:00:00,A,N,BAL_UAA,SI,2012,56.8,r
ESTAT:AEI_PR_GNB(1.0),14/03/22 23:00:00,A,N,BAL_UAA,SI,2013,68.8,r
ESTAT:AEI_PR_GNB(1.0),14/03/22 23:00:00,A,N,BAL_UAA,SI,2014,42.1,r
ESTAT:AEI_PR_GNB(1.0),14/03/22 23:00:00,A,N,BAL_UAA,SI,2015,44.9,r
ESTAT:AEI_PR_GNB(1.0),14/03/22 23:00:00,A,N,BAL_UAA,SI,2016,41.8,r
ESTAT:AEI_PR_GNB(1.0),14/03/22 23:00:00,A,N,BAL_UAA,SI,2017,64.6,r
ESTAT:AEI_PR_GNB(1.0),14/03/22 23:00:00,A,N,BAL_UAA,SI,2018,43.4,
ESTAT:AEI_PR_GNB(1.0),14/03/22 23:00:00,A,N,BAL_UAA,SI,2019,43.2,
ESTAT:AEI_PR_GNB(1.0),14/03/22 23:00:00,A,N,BAL_UAA,SK,1990,114,
ESTAT:AEI_PR_GNB(1.0),14/03/22 23:00:00,A,N,BAL_UAA,SK,1991,76,
ESTAT:AEI_PR_GNB(1.0),14/03/22 23:00:00,A,N,BAL_UAA,SK,1992,56,
ESTAT:AEI_PR_GNB(1.0),14/03/22 23:00:00,A,N,BAL_UAA,SK,1993,42,
ESTAT:AEI_PR_GNB(1.0),14/03/22 23:00:00,A,N,BAL_UAA,SK,1994,31,
ESTAT:AEI_PR_GNB(1.0),14/03/22 23:00:00,A,N,BAL_UAA,SK,1995,36,
ESTAT:AEI_PR_GNB(1.0),14/03/22 23:00:00,A,N,BAL_UAA,SK,1996,36,
ESTAT:AEI_PR_GNB(1.0),14/03/22 23:00:00,A,N,BAL_UAA,SK,1997,34,
ESTAT:AEI_PR_GNB(1.0),14/03/22 23:00:00,A,N,BAL_UAA,SK,1998,30,
ESTAT:AEI_PR_GNB(1.0),14/03/22 23:00:00,A,N,BAL_UAA,SK,1999,26,
ESTAT:AEI_PR_GNB(1.0),14/03/22 23:00:00,A,N,BAL_UAA,SK,2000,45.4,
ESTAT:AEI_PR_GNB(1.0),14/03/22 23:00:00,A,N,BAL_UAA,SK,2001,35.5,
ESTAT:AEI_PR_GNB(1.0),14/03/22 23:00:00,A,N,BAL_UAA,SK,2002,39.3,
ESTAT:AEI_PR_GNB(1.0),14/03/22 23:00:00,A,N,BAL_UAA,SK,2003,48.1,
ESTAT:AEI_PR_GNB(1.0),14/03/22 23:00:00,A,N,BAL_UAA,SK,2004,28.9,
ESTAT:AEI_PR_GNB(1.0),14/03/22 23:00:00,A,N,BAL_UAA,SK,2005,33.6,
ESTAT:AEI_PR_GNB(1.0),14/03/22 23:00:00,A,N,BAL_UAA,SK,2006,39.5,
ESTAT:AEI_PR_GNB(1.0),14/03/22 23:00:00,A,N,BAL_UAA,SK,2007,50.3,
ESTAT:AEI_PR_GNB(1.0),14/03/22 23:00:00,A,N,BAL_UAA,SK,2008,28.7,
ESTAT:AEI_PR_GNB(1.0),14/03/22 23:00:00,A,N,BAL_UAA,SK,2009,29.3,
ESTAT:AEI_PR_GNB(1.0),14/03/22 23:00:00,A,N,BAL_UAA,SK,2010,45.7,
ESTAT:AEI_PR_GNB(1.0),14/03/22 23:00:00,A,N,BAL_UAA,SK,2011,32.2,
ESTAT:AEI_PR_GNB(1.0),14/03/22 23:00:00,A,N,BAL_UAA,SK,2012,40.6,
ESTAT:AEI_PR_GNB(1.0),14/03/22 23:00:00,A,N,BAL_UAA,SK,2013,40.9,
ESTAT:AEI_PR_GNB(1.0),14/03/22 23:00:00,A,N,BAL_UAA,SK,2014,18.7,
ESTAT:AEI_PR_GNB(1.0),14/03/22 23:00:00,A,N,BAL_UAA,SK,2015,38.4,
ESTAT:AEI_PR_GNB(1.0),14/03/22 23:00:00,A,N,BAL_UAA,SK,2016,16.4,
ESTAT:AEI_PR_GNB(1.0),14/03/22 23:00:00,A,N,BAL_UAA,SK,2017,27.1,r
ESTAT:AEI_PR_GNB(1.0),14/03/22 23:00:00,A,N,BAL_UAA,SK,2018,62.6,r
ESTAT:AEI_PR_GNB(1.0),14/03/22 23:00:00,A,N,BAL_UAA,SK,2019,63.3,
ESTAT:AEI_PR_GNB(1.0),14/03/22 23:00:00,A,N,BAL_UAA,UK,1990,136,
ESTAT:AEI_PR_GNB(1.0),14/03/22 23:00:00,A,N,BAL_UAA,UK,1995,119,
ESTAT:AEI_PR_GNB(1.0),14/03/22 23:00:00,A,N,BAL_UAA,UK,2000,107,
ESTAT:AEI_PR_GNB(1.0),14/03/22 23:00:00,A,N,BAL_UAA,UK,2001,109,
ESTAT:AEI_PR_GNB(1.0),14/03/22 23:00:00,A,N,BAL_UAA,UK,2002,102,
ESTAT:AEI_PR_GNB(1.0),14/03/22 23:00:00,A,N,BAL_UAA,UK,2003,95.9,
ESTAT:AEI_PR_GNB(1.0),14/03/22 23:00:00,A,N,BAL_UAA,UK,2004,95.5,
ESTAT:AEI_PR_GNB(1.0),14/03/22 23:00:00,A,N,BAL_UAA,UK,2005,91,
ESTAT:AEI_PR_GNB(1.0),14/03/22 23:00:00,A,N,BAL_UAA,UK,2006,86.7,
ESTAT:AEI_PR_GNB(1.0),14/03/22 23:00:00,A,N,BAL_UAA,UK,2007,87.9,
ESTAT:AEI_PR_GNB(1.0),14/03/22 23:00:00,A,N,BAL_UAA,UK,2008,82.4,
ESTAT:AEI_PR_GNB(1.0),14/03/22 23:00:00,A,N,BAL_UAA,UK,2009,84.1,
ESTAT:AEI_PR_GNB(1.0),14/03/22 23:00:00,A,N,BAL_UAA,UK,2010,89.7,
ESTAT:AEI_PR_GNB(1.0),14/03/22 23:00:00,A,N,BAL_UAA,UK,2011,85.3,
ESTAT:AEI_PR_GNB(1.0),14/03/22 23:00:00,A,N,BAL_UAA,UK,2012,87.5,
ESTAT:AEI_PR_GNB(1.0),14/03/22 23:00:00,A,N,BAL_UAA,UK,2013,88.3,
ESTAT:AEI_PR_GNB(1.0),14/03/22 23:00:00,A,N,BAL_UAA,UK,2014,85.1,
ESTAT:AEI_PR_GNB(1.0),14/03/22 23:00:00,A,N,BAL_UAA,UK,2015,83.3,
ESTAT:AEI_PR_GNB(1.0),14/03/22 23:00:00,A,N,BAL_UAA,UK,2016,86.5,
ESTAT:AEI_PR_GNB(1.0),14/03/22 23:00:00,A,N,BAL_UAA,UK,2017,86.1,
