DATAFLOW,LAST UPDATE,freq,pres,species,natvessr,dest_use,unit,geo,TIME_PERIOD,OBS_VALUE,OBS_FLAG
ESTAT:FISH_LD_MAIN(1.0),28/02/23 23:00:00,A,TOTAL,F00,TOTAL,TOTAL,EUR,BE,2002,1793468.3586,
ESTAT:FISH_LD_MAIN(1.0),28/02/23 23:00:00,A,TOTAL,F00,TOTAL,TOTAL,EUR,BE,2003,78327986.5847,
ESTAT:FISH_LD_MAIN(1.0),28/02/23 23:00:00,A,TOTAL,F00,TOTAL,TOTAL,EUR,BE,2004,78682071.8127,
ESTAT:FISH_LD_MAIN(1.0),28/02/23 23:00:00,A,TOTAL,F00,TOTAL,TOTAL,EUR,BE,2005,79505321.9218,
ESTAT:FISH_LD_MAIN(1.0),28/02/23 23:00:00,A,TOTAL,F00,TOTAL,TOTAL,EUR,BE,2006,82910281.583,
ESTAT:FISH_LD_MAIN(1.0),28/02/23 23:00:00,A,TOTAL,F00,TOTAL,TOTAL,EUR,BE,2007,80359539.8,
ESTAT:FISH_LD_MAIN(1.0),28/02/23 23:00:00,A,TOTAL,F00,TOTAL,TOTAL,EUR,BE,2008,66809806.5,
ESTAT:FISH_LD_MAIN(1.0),28/02/23 23:00:00,A,TOTAL,F00,TOTAL,TOTAL,EUR,BE,2009,59605607.0902,
ESTAT:FISH_LD_MAIN(1.0),28/02/23 23:00:00,A,TOTAL,F00,TOTAL,TOTAL,EUR,BE,2010,65780100.4,
ESTAT:FISH_LD_MAIN(1.0),28/02/23 23:00:00,A,TOTAL,F00,TOTAL,TOTAL,EUR,BE,2011,69806787.1192,
ESTAT:FISH_LD_MAIN(1.0),28/02/23 23:00:00,A,TOTAL,F00,TOTAL,TOTAL,EUR,BE,2012,65092586.1204,
ESTAT:FISH_LD_MAIN(1.0),28/02/23 23:00:00,A,TOTAL,F00,TOTAL,TOTAL,EUR,BE,2013,57812410,
ESTAT:FISH_LD_MAIN(1.0),28/02/23 23:00:00,A,TOTAL,F00,TOTAL,TOTAL,EUR,BE,2014,69904006.4255,
ESTAT:FISH_LD_MAIN(1.0),28/02/23 23:00:00,A,TOTAL,F00,TOTAL,TOTAL,EUR,BE,2015,69936150.0491,
ESTAT:FISH_LD_MAIN(1.0),28/02/23 23:00:00,A,TOTAL,F00,TOTAL,TOTAL,EUR,BE,2016,66433391.1,
ESTAT:FISH_LD_MAIN(1.0),28/02/23 23:00:00,A,TOTAL,F00,TOTAL,TOTAL,EUR,BE,2017,68474323.4,
ESTAT:FISH_LD_MAIN(1.0),28/02/23 23:00:00,A,TOTAL,F00,TOTAL,TOTAL,EUR,BE,2018,64144315.5,
ESTAT:FISH_LD_MAIN(1.0),28/02/23 23:00:00,A,TOTAL,F00,TOTAL,TOTAL,EUR,BE,2019,60418774.1,
ESTAT:FISH_LD_MAIN(1.0),28/02/23 23:00:00,A,TOTAL,F00,TOTAL,TOTAL,EUR,BE,2020,57486650,
ESTAT:FISH_LD_MAIN(1.0),28/02/23 23:00:00,A,TOTAL,F00,TOTAL,TOTAL,EUR,BE,2021,61907684.1,
ESTAT:FISH_LD_MAIN(1.0),28/02/23 23:00:00,A,TOTAL,F00,TOTAL,TOTAL,EUR,BG,2005,2123932.3815,
ESTAT:FISH_LD_MAIN(1.0),28/02/23 23:00:00,A,TOTAL,F00,TOTAL,TOTAL,EUR,BG,2006,1697652.9181,
ESTAT:FISH_LD_MAIN(1.0),28/02/23 23:00:00,A,TOTAL,F00,TOTAL,TOTAL,EUR,BG,2007,2755084.3644,
ESTAT:FISH_LD_MAIN(1.0),28/02/23 23:00:00,A,TOTAL,F00,TOTAL,TOTAL,EUR,BG,2008,3138594.3398,
ESTAT:FISH_LD_MAIN(1.0),28/02/23 23:00:00,A,TOTAL,F00,TOTAL,TOTAL,EUR,BG,2009,3129924.2045,
ESTAT:FISH_LD_MAIN(1.0),28/02/23 23:00:00,A,TOTAL,F00,TOTAL,TOTAL,EUR,BG,2010,2296692.1115,
ESTAT:FISH_LD_MAIN(1.0),28/02/23 23:00:00,A,TOTAL,F00,TOTAL,TOTAL,EUR,BG,2011,3480597.2763,
ESTAT:FISH_LD_MAIN(1.0),28/02/23 23:00:00,A,TOTAL,F00,TOTAL,TOTAL,EUR,BG,2012,5066271.7148,
ESTAT:FISH_LD_MAIN(1.0),28/02/23 23:00:00,A,TOTAL,F00,TOTAL,TOTAL,EUR,BG,2013,4746236.837,
ESTAT:FISH_LD_MAIN(1.0),28/02/23 23:00:00,A,TOTAL,F00,TOTAL,TOTAL,EUR,BG,2014,4617727.2179,
ESTAT:FISH_LD_MAIN(1.0),28/02/23 23:00:00,A,TOTAL,F00,TOTAL,TOTAL,EUR,BG,2015,4542589.1666,
ESTAT:FISH_LD_MAIN(1.0),28/02/23 23:00:00,A,TOTAL,F00,TOTAL,TOTAL,EUR,BG,2016,7947131.9708,
ESTAT:FISH_LD_MAIN(1.0),28/02/23 23:00:00,A,TOTAL,F00,TOTAL,TOTAL,EUR,BG,2017,8573278.0381,e
ESTAT:FISH_LD_MAIN(1.0),28/02/23 23:00:00,A,TOTAL,F00,TOTAL,TOTAL,EUR,BG,2018,7948310.0387,
ESTAT:FISH_LD_MAIN(1.0),28/02/23 23:00:00,A,TOTAL,F00,TOTAL,TOTAL,EUR,BG,2019,6465041.8556,
ESTAT:FISH_LD_MAIN(1.0),28/02/23 23:00:00,A,TOTAL,F00,TOTAL,TOTAL,EUR,BG,2020,4804509.4081,e
ESTAT:FISH_LD_MAIN(1.0),28/02/23 23:00:00,A,TOTAL,F00,TOTAL,TOTAL,EUR,BG,2021,6497315.5099,
ESTAT:FISH_LD_MAIN(1.0),28/02/23 23:00:00,A,TOTAL,F00,TOTAL,TOTAL,EUR,CY,2004,3483114.1863,
ESTAT:FISH_LD_MAIN(1.0),28/02/23 23:00:00,A,TOTAL,F00,TOTAL,TOTAL,EUR,CY,2005,5724563.5548,
ESTAT:FISH_LD_MAIN(1.0),28/02/23 23:00:00,A,TOTAL,F00,TOTAL,TOTAL,EUR,CY,2006,7316035.5755,
ESTAT:FISH_LD_MAIN(1.0),28/02/23 23:00:00,A,TOTAL,F00,TOTAL,TOTAL,EUR,CY,2007,5762857.1636,
ESTAT:FISH_LD_MAIN(1.0),28/02/23 23:00:00,A,TOTAL,F00,TOTAL,TOTAL,EUR,CY,2008,12736276,
ESTAT:FISH_LD_MAIN(1.0),28/02/23 23:00:00,A,TOTAL,F00,TOTAL,TOTAL,EUR,CY,2009,8576586.7,
ESTAT:FISH_LD_MAIN(1.0),28/02/23 23:00:00,A,TOTAL,F00,TOTAL,TOTAL,EUR,CY,2010,10105432.9438,
ESTAT:FISH_LD_MAIN(1.0),28/02/23 23:00:00,A,TOTAL,F00,TOTAL,TOTAL,EUR,CY,2011,8302461.539,
ESTAT:FISH_LD_MAIN(1.0),28/02/23 23:00:00,A,TOTAL,F00,TOTAL,TOTAL,EUR,CY,2012,8735135.0226,
ESTAT:FISH_LD_MAIN(1.0),28/02/23 23:00:00,A,TOTAL,F00,TOTAL,TOTAL,EUR,CY,2013,7353649.0321,
ESTAT:FISH_LD_MAIN(1.0),28/02/23 23:00:00,A,TOTAL,F00,TOTAL,TOTAL,EUR,CY,2014,7546193.0822,
ESTAT:FISH_LD_MAIN(1.0),28/02/23 23:00:00,A,TOTAL,F00,TOTAL,TOTAL,EUR,CY,2015,7525175.1997,
ESTAT:FISH_LD_MAIN(1.0),28/02/23 23:00:00,A,TOTAL,F00,TOTAL,TOTAL,EUR,CY,2016,7752319.7589,
ESTAT:FISH_LD_MAIN(1.0),28/02/23 23:00:00,A,TOTAL,F00,TOTAL,TOTAL,EUR,CY,2017,8794065,
ESTAT:FISH_LD_MAIN(1.0),28/02/23 23:00:00,A,TOTAL,F00,TOTAL,TOTAL,EUR,CY,2018,5639910.5326,
ESTAT:FISH_LD_MAIN(1.0),28/02/23 23:00:00,A,TOTAL,F00,TOTAL,TOTAL,EUR,CY,2019,5748264.006,
ESTAT:FISH_LD_MAIN(1.0),28/02/23 23:00:00,A,TOTAL,F00,TOTAL,TOTAL,EUR,CY,2020,4941294.48,
ESTAT:FISH_LD_MAIN(1.0),28/02/23 23:00:00,A,TOTAL,F00,TOTAL,TOTAL,EUR,CY,2021,5963636.558,
ESTAT:FISH_LD_MAIN(1.0),28/02/23 23:00:00,A,TOTAL,F00,TOTAL,TOTAL,EUR,DE,2002,48560554.6607,
ESTAT:FISH_LD_MAIN(1.0),28/02/23 23:00:00,A,TOTAL,F00,TOTAL,TOTAL,EUR,DE,2003,80691981.0573,
ESTAT:FISH_LD_MAIN(1.0),28/02/23 23:00:00,A,TOTAL,F00,TOTAL,TOTAL,EUR,DE,2004,98933118.4092,
ESTAT:FISH_LD_MAIN(1.0),28/02/23 23:00:00,A,TOTAL,F00,TOTAL,TOTAL,EUR,DE,2005,121058434.9746,
ESTAT:FISH_LD_MAIN(1.0),28/02/23 23:00:00,A,TOTAL,F00,TOTAL,TOTAL,EUR,DE,2006,112010013.906,
ESTAT:FISH_LD_MAIN(1.0),28/02/23 23:00:00,A,TOTAL,F00,TOTAL,TOTAL,EUR,DE,2007,112079473.074,
ESTAT:FISH_LD_MAIN(1.0),28/02/23 23:00:00,A,TOTAL,F00,TOTAL,TOTAL,EUR,DE,2008,112597732.871,
ESTAT:FISH_LD_MAIN(1.0),28/02/23 23:00:00,A,TOTAL,F00,TOTAL,TOTAL,EUR,DE,2009,83906194.8266,
ESTAT:FISH_LD_MAIN(1.0),28/02/23 23:00:00,A,TOTAL,F00,TOTAL,TOTAL,EUR,DE,2010,95606654.436,
ESTAT:FISH_LD_MAIN(1.0),28/02/23 23:00:00,A,TOTAL,F00,TOTAL,TOTAL,EUR,DE,2011,130251701.079,
ESTAT:FISH_LD_MAIN(1.0),28/02/23 23:00:00,A,TOTAL,F00,TOTAL,TOTAL,EUR,DE,2012,144065174.129,
ESTAT:FISH_LD_MAIN(1.0),28/02/23 23:00:00,A,TOTAL,F00,TOTAL,TOTAL,EUR,DE,2013,130553053.692,
ESTAT:FISH_LD_MAIN(1.0),28/02/23 23:00:00,A,TOTAL,F00,TOTAL,TOTAL,EUR,DE,2014,122504247.3655,
ESTAT:FISH_LD_MAIN(1.0),28/02/23 23:00:00,A,TOTAL,F00,TOTAL,TOTAL,EUR,DE,2015,125485183.776,
ESTAT:FISH_LD_MAIN(1.0),28/02/23 23:00:00,A,TOTAL,F00,TOTAL,TOTAL,EUR,DE,2016,157041261.257,
ESTAT:FISH_LD_MAIN(1.0),28/02/23 23:00:00,A,TOTAL,F00,TOTAL,TOTAL,EUR,DE,2017,154278029.8996,
ESTAT:FISH_LD_MAIN(1.0),28/02/23 23:00:00,A,TOTAL,F00,TOTAL,TOTAL,EUR,DE,2018,161949028.984,
ESTAT:FISH_LD_MAIN(1.0),28/02/23 23:00:00,A,TOTAL,F00,TOTAL,TOTAL,EUR,DE,2019,108546721.59,
ESTAT:FISH_LD_MAIN(1.0),28/02/23 23:00:00,A,TOTAL,F00,TOTAL,TOTAL,EUR,DE,2020,123367159.82,
ESTAT:FISH_LD_MAIN(1.0),28/02/23 23:00:00,A,TOTAL,F00,TOTAL,TOTAL,EUR,DE,2021,86829163.29,
ESTAT:FISH_LD_MAIN(1.0),28/02/23 23:00:00,A,TOTAL,F00,TOTAL,TOTAL,EUR,DK,2002,443339287.342,
ESTAT:FISH_LD_MAIN(1.0),28/02/23 23:00:00,A,TOTAL,F00,TOTAL,TOTAL,EUR,DK,2003,370228560.2429,
ESTAT:FISH_LD_MAIN(1.0),28/02/23 23:00:00,A,TOTAL,F00,TOTAL,TOTAL,EUR,DK,2004,346952070.2721,
ESTAT:FISH_LD_MAIN(1.0),28/02/23 23:00:00,A,TOTAL,F00,TOTAL,TOTAL,EUR,DK,2005,411615891.3408,
ESTAT:FISH_LD_MAIN(1.0),28/02/23 23:00:00,A,TOTAL,F00,TOTAL,TOTAL,EUR,DK,2006,437117125.4167,
ESTAT:FISH_LD_MAIN(1.0),28/02/23 23:00:00,A,TOTAL,F00,TOTAL,TOTAL,EUR,DK,2007,495289602.5547,
ESTAT:FISH_LD_MAIN(1.0),28/02/23 23:00:00,A,TOTAL,F00,TOTAL,TOTAL,EUR,DK,2008,427276362.0423,
ESTAT:FISH_LD_MAIN(1.0),28/02/23 23:00:00,A,TOTAL,F00,TOTAL,TOTAL,EUR,DK,2009,357336947.8911,
ESTAT:FISH_LD_MAIN(1.0),28/02/23 23:00:00,A,TOTAL,F00,TOTAL,TOTAL,EUR,DK,2010,449552763.3768,
ESTAT:FISH_LD_MAIN(1.0),28/02/23 23:00:00,A,TOTAL,F00,TOTAL,TOTAL,EUR,DK,2011,491172329.7263,
ESTAT:FISH_LD_MAIN(1.0),28/02/23 23:00:00,A,TOTAL,F00,TOTAL,TOTAL,EUR,DK,2012,423131063.4383,
ESTAT:FISH_LD_MAIN(1.0),28/02/23 23:00:00,A,TOTAL,F00,TOTAL,TOTAL,EUR,DK,2013,451340170.1785,
ESTAT:FISH_LD_MAIN(1.0),28/02/23 23:00:00,A,TOTAL,F00,TOTAL,TOTAL,EUR,DK,2014,443885779.2933,
ESTAT:FISH_LD_MAIN(1.0),28/02/23 23:00:00,A,TOTAL,F00,TOTAL,TOTAL,EUR,DK,2015,526053109.2983,
ESTAT:FISH_LD_MAIN(1.0),28/02/23 23:00:00,A,TOTAL,F00,TOTAL,TOTAL,EUR,DK,2016,545432852.7504,
ESTAT:FISH_LD_MAIN(1.0),28/02/23 23:00:00,A,TOTAL,F00,TOTAL,TOTAL,EUR,DK,2017,,c
ESTAT:FISH_LD_MAIN(1.0),28/02/23 23:00:00,A,TOTAL,F00,TOTAL,TOTAL,EUR,DK,2018,,c
ESTAT:FISH_LD_MAIN(1.0),28/02/23 23:00:00,A,TOTAL,F00,TOTAL,TOTAL,EUR,DK,2019,,c
ESTAT:FISH_LD_MAIN(1.0),28/02/23 23:00:00,A,TOTAL,F00,TOTAL,TOTAL,EUR,DK,2020,453546991.3887,e
ESTAT:FISH_LD_MAIN(1.0),28/02/23 23:00:00,A,TOTAL,F00,TOTAL,TOTAL,EUR,DK,2021,425499137.286,e
ESTAT:FISH_LD_MAIN(1.0),28/02/23 23:00:00,A,TOTAL,F00,TOTAL,TOTAL,EUR,EE,2005,9862853.4699,
ESTAT:FISH_LD_MAIN(1.0),28/02/23 23:00:00,A,TOTAL,F00,TOTAL,TOTAL,EUR,EE,2006,11521827.1859,
ESTAT:FISH_LD_MAIN(1.0),28/02/23 23:00:00,A,TOTAL,F00,TOTAL,TOTAL,EUR,EE,2007,13064162.5257,
ESTAT:FISH_LD_MAIN(1.0),28/02/23 23:00:00,A,TOTAL,F00,TOTAL,TOTAL,EUR,EE,2008,14990192.6834,
ESTAT:FISH_LD_MAIN(1.0),28/02/23 23:00:00,A,TOTAL,F00,TOTAL,TOTAL,EUR,EE,2009,14141846.9036,
ESTAT:FISH_LD_MAIN(1.0),28/02/23 23:00:00,A,TOTAL,F00,TOTAL,TOTAL,EUR,EE,2010,13026804.1762,
ESTAT:FISH_LD_MAIN(1.0),28/02/23 23:00:00,A,TOTAL,F00,TOTAL,TOTAL,EUR,EE,2011,13365297.9837,
ESTAT:FISH_LD_MAIN(1.0),28/02/23 23:00:00,A,TOTAL,F00,TOTAL,TOTAL,EUR,EE,2012,15054644.5055,
ESTAT:FISH_LD_MAIN(1.0),28/02/23 23:00:00,A,TOTAL,F00,TOTAL,TOTAL,EUR,EE,2013,16890102.5271,
ESTAT:FISH_LD_MAIN(1.0),28/02/23 23:00:00,A,TOTAL,F00,TOTAL,TOTAL,EUR,EE,2014,15543201.7523,
ESTAT:FISH_LD_MAIN(1.0),28/02/23 23:00:00,A,TOTAL,F00,TOTAL,TOTAL,EUR,EE,2015,15112784.4904,
ESTAT:FISH_LD_MAIN(1.0),28/02/23 23:00:00,A,TOTAL,F00,TOTAL,TOTAL,EUR,EE,2016,14488271.6674,
ESTAT:FISH_LD_MAIN(1.0),28/02/23 23:00:00,A,TOTAL,F00,TOTAL,TOTAL,EUR,EE,2017,14641858.3303,
ESTAT:FISH_LD_MAIN(1.0),28/02/23 23:00:00,A,TOTAL,F00,TOTAL,TOTAL,EUR,EE,2018,14784516.0787,
ESTAT:FISH_LD_MAIN(1.0),28/02/23 23:00:00,A,TOTAL,F00,TOTAL,TOTAL,EUR,EE,2019,17331171.502,
ESTAT:FISH_LD_MAIN(1.0),28/02/23 23:00:00,A,TOTAL,F00,TOTAL,TOTAL,EUR,EE,2020,16651877.2704,
ESTAT:FISH_LD_MAIN(1.0),28/02/23 23:00:00,A,TOTAL,F00,TOTAL,TOTAL,EUR,EE,2021,18760325.8806,
ESTAT:FISH_LD_MAIN(1.0),28/02/23 23:00:00,A,TOTAL,F00,TOTAL,TOTAL,EUR,EL,2002,267108852.91,
ESTAT:FISH_LD_MAIN(1.0),28/02/23 23:00:00,A,TOTAL,F00,TOTAL,TOTAL,EUR,EL,2003,295218174.3,
ESTAT:FISH_LD_MAIN(1.0),28/02/23 23:00:00,A,TOTAL,F00,TOTAL,TOTAL,EUR,EL,2004,312007074.32,
ESTAT:FISH_LD_MAIN(1.0),28/02/23 23:00:00,A,TOTAL,F00,TOTAL,TOTAL,EUR,EL,2005,329386503.49,
ESTAT:FISH_LD_MAIN(1.0),28/02/23 23:00:00,A,TOTAL,F00,TOTAL,TOTAL,EUR,EL,2006,366130983.11,
ESTAT:FISH_LD_MAIN(1.0),28/02/23 23:00:00,A,TOTAL,F00,TOTAL,TOTAL,EUR,EL,2007,358571948.45,
ESTAT:FISH_LD_MAIN(1.0),28/02/23 23:00:00,A,TOTAL,F00,TOTAL,TOTAL,EUR,EL,2008,318647590.9,
ESTAT:FISH_LD_MAIN(1.0),28/02/23 23:00:00,A,TOTAL,F00,TOTAL,TOTAL,EUR,EL,2009,318019212.33,
ESTAT:FISH_LD_MAIN(1.0),28/02/23 23:00:00,A,TOTAL,F00,TOTAL,TOTAL,EUR,EL,2010,308109667.87,
ESTAT:FISH_LD_MAIN(1.0),28/02/23 23:00:00,A,TOTAL,F00,TOTAL,TOTAL,EUR,EL,2011,269642386.17,
ESTAT:FISH_LD_MAIN(1.0),28/02/23 23:00:00,A,TOTAL,F00,TOTAL,TOTAL,EUR,EL,2012,234043545.94,
ESTAT:FISH_LD_MAIN(1.0),28/02/23 23:00:00,A,TOTAL,F00,TOTAL,TOTAL,EUR,EL,2013,242216142.1,
ESTAT:FISH_LD_MAIN(1.0),28/02/23 23:00:00,A,TOTAL,F00,TOTAL,TOTAL,EUR,EL,2014,237236165.94,
ESTAT:FISH_LD_MAIN(1.0),28/02/23 23:00:00,A,TOTAL,F00,TOTAL,TOTAL,EUR,EL,2015,225156893.5664,
ESTAT:FISH_LD_MAIN(1.0),28/02/23 23:00:00,A,TOTAL,F00,TOTAL,TOTAL,EUR,EL,2016,,c
ESTAT:FISH_LD_MAIN(1.0),28/02/23 23:00:00,A,TOTAL,F00,TOTAL,TOTAL,EUR,EL,2017,,c
ESTAT:FISH_LD_MAIN(1.0),28/02/23 23:00:00,A,TOTAL,F00,TOTAL,TOTAL,EUR,EL,2018,,c
ESTAT:FISH_LD_MAIN(1.0),28/02/23 23:00:00,A,TOTAL,F00,TOTAL,TOTAL,EUR,EL,2019,287559036.25,p
ESTAT:FISH_LD_MAIN(1.0),28/02/23 23:00:00,A,TOTAL,F00,TOTAL,TOTAL,EUR,EL,2020,250867461.53,
ESTAT:FISH_LD_MAIN(1.0),28/02/23 23:00:00,A,TOTAL,F00,TOTAL,TOTAL,EUR,EL,2021,247263684.54,
ESTAT:FISH_LD_MAIN(1.0),28/02/23 23:00:00,A,TOTAL,F00,TOTAL,TOTAL,EUR,ES,2002,1958818702.1294,
ESTAT:FISH_LD_MAIN(1.0),28/02/23 23:00:00,A,TOTAL,F00,TOTAL,TOTAL,EUR,ES,2003,1873370884.8303,
ESTAT:FISH_LD_MAIN(1.0),28/02/23 23:00:00,A,TOTAL,F00,TOTAL,TOTAL,EUR,ES,2004,1847679585.778,
ESTAT:FISH_LD_MAIN(1.0),28/02/23 23:00:00,A,TOTAL,F00,TOTAL,TOTAL,EUR,ES,2005,1513229539.3125,
ESTAT:FISH_LD_MAIN(1.0),28/02/23 23:00:00,A,TOTAL,F00,TOTAL,TOTAL,EUR,ES,2006,1679665292.281,
ESTAT:FISH_LD_MAIN(1.0),28/02/23 23:00:00,A,TOTAL,F00,TOTAL,TOTAL,EUR,ES,2007,1671770264.9,
ESTAT:FISH_LD_MAIN(1.0),28/02/23 23:00:00,A,TOTAL,F00,TOTAL,TOTAL,EUR,ES,2008,1916031396.9,
ESTAT:FISH_LD_MAIN(1.0),28/02/23 23:00:00,A,TOTAL,F00,TOTAL,TOTAL,EUR,ES,2009,1793180677,
ESTAT:FISH_LD_MAIN(1.0),28/02/23 23:00:00,A,TOTAL,F00,TOTAL,TOTAL,EUR,ES,2010,1869410498.81,
ESTAT:FISH_LD_MAIN(1.0),28/02/23 23:00:00,A,TOTAL,F00,TOTAL,TOTAL,EUR,ES,2011,1765797220.3214,
ESTAT:FISH_LD_MAIN(1.0),28/02/23 23:00:00,A,TOTAL,F00,TOTAL,TOTAL,EUR,ES,2012,1842898363.8801,
ESTAT:FISH_LD_MAIN(1.0),28/02/23 23:00:00,A,TOTAL,F00,TOTAL,TOTAL,EUR,ES,2013,2139881623.2712,
ESTAT:FISH_LD_MAIN(1.0),28/02/23 23:00:00,A,TOTAL,F00,TOTAL,TOTAL,EUR,ES,2014,2696235587.728,
ESTAT:FISH_LD_MAIN(1.0),28/02/23 23:00:00,A,TOTAL,F00,TOTAL,TOTAL,EUR,ES,2015,2127581529.3549,
ESTAT:FISH_LD_MAIN(1.0),28/02/23 23:00:00,A,TOTAL,F00,TOTAL,TOTAL,EUR,ES,2016,2112557504.6058,
ESTAT:FISH_LD_MAIN(1.0),28/02/23 23:00:00,A,TOTAL,F00,TOTAL,TOTAL,EUR,ES,2017,2152022542.5692,
ESTAT:FISH_LD_MAIN(1.0),28/02/23 23:00:00,A,TOTAL,F00,TOTAL,TOTAL,EUR,ES,2018,1933794464.0441,
ESTAT:FISH_LD_MAIN(1.0),28/02/23 23:00:00,A,TOTAL,F00,TOTAL,TOTAL,EUR,ES,2019,1857544100.0022,
ESTAT:FISH_LD_MAIN(1.0),28/02/23 23:00:00,A,TOTAL,F00,TOTAL,TOTAL,EUR,ES,2020,1605870769.7458,
ESTAT:FISH_LD_MAIN(1.0),28/02/23 23:00:00,A,TOTAL,F00,TOTAL,TOTAL,EUR,ES,2021,1779608115.8992,
ESTAT:FISH_LD_MAIN(1.0),28/02/23 23:00:00,A,TOTAL,F00,TOTAL,TOTAL,EUR,EU,2002,5112130521.8505,
ESTAT:FISH_LD_MAIN(1.0),28/02/23 23:00:00,A,TOTAL,F00,TOTAL,TOTAL,EUR,EU,2003,6379518651.1704,
ESTAT:FISH_LD_MAIN(1.0),28/02/23 23:00:00,A,TOTAL,F00,TOTAL,TOTAL,EUR,EU,2004,6529695184.7434,
ESTAT:FISH_LD_MAIN(1.0),28/02/23 23:00:00,A,TOTAL,F00,TOTAL,TOTAL,EUR,EU,2005,5943221417.1172,
ESTAT:FISH_LD_MAIN(1.0),28/02/23 23:00:00,A,TOTAL,F00,TOTAL,TOTAL,EUR,EU,2006,6795872378.3976,
ESTAT:FISH_LD_MAIN(1.0),28/02/23 23:00:00,A,TOTAL,F00,TOTAL,TOTAL,EUR,EU,2007,7322345180.2808,
ESTAT:FISH_LD_MAIN(1.0),28/02/23 23:00:00,A,TOTAL,F00,TOTAL,TOTAL,EUR,EU,2008,6686817922.7413,
ESTAT:FISH_LD_MAIN(1.0),28/02/23 23:00:00,A,TOTAL,F00,TOTAL,TOTAL,EUR,EU,2009,6248084221.8553,
ESTAT:FISH_LD_MAIN(1.0),28/02/23 23:00:00,A,TOTAL,F00,TOTAL,TOTAL,EUR,EU,2010,6581833316.8657,
ESTAT:FISH_LD_MAIN(1.0),28/02/23 23:00:00,A,TOTAL,F00,TOTAL,TOTAL,EUR,EU,2011,6979521737.5447,
ESTAT:FISH_LD_MAIN(1.0),28/02/23 23:00:00,A,TOTAL,F00,TOTAL,TOTAL,EUR,EU,2012,,c
ESTAT:FISH_LD_MAIN(1.0),28/02/23 23:00:00,A,TOTAL,F00,TOTAL,TOTAL,EUR,EU,2013,,c
ESTAT:FISH_LD_MAIN(1.0),28/02/23 23:00:00,A,TOTAL,F00,TOTAL,TOTAL,EUR,EU,2014,,c
ESTAT:FISH_LD_MAIN(1.0),28/02/23 23:00:00,A,TOTAL,F00,TOTAL,TOTAL,EUR,EU,2015,,c
ESTAT:FISH_LD_MAIN(1.0),28/02/23 23:00:00,A,TOTAL,F00,TOTAL,TOTAL,EUR,EU,2016,,c
ESTAT:FISH_LD_MAIN(1.0),28/02/23 23:00:00,A,TOTAL,F00,TOTAL,TOTAL,EUR,EU,2017,,c
ESTAT:FISH_LD_MAIN(1.0),28/02/23 23:00:00,A,TOTAL,F00,TOTAL,TOTAL,EUR,EU27_2020,2011,6239966678.3602,
ESTAT:FISH_LD_MAIN(1.0),28/02/23 23:00:00,A,TOTAL,F00,TOTAL,TOTAL,EUR,EU27_2020,2012,,c
ESTAT:FISH_LD_MAIN(1.0),28/02/23 23:00:00,A,TOTAL,F00,TOTAL,TOTAL,EUR,EU27_2020,2013,,c
ESTAT:FISH_LD_MAIN(1.0),28/02/23 23:00:00,A,TOTAL,F00,TOTAL,TOTAL,EUR,EU27_2020,2014,,c
ESTAT:FISH_LD_MAIN(1.0),28/02/23 23:00:00,A,TOTAL,F00,TOTAL,TOTAL,EUR,EU27_2020,2015,,c
ESTAT:FISH_LD_MAIN(1.0),28/02/23 23:00:00,A,TOTAL,F00,TOTAL,TOTAL,EUR,EU27_2020,2016,,c
ESTAT:FISH_LD_MAIN(1.0),28/02/23 23:00:00,A,TOTAL,F00,TOTAL,TOTAL,EUR,EU27_2020,2017,,c
ESTAT:FISH_LD_MAIN(1.0),28/02/23 23:00:00,A,TOTAL,F00,TOTAL,TOTAL,EUR,EU27_2020,2018,,c
ESTAT:FISH_LD_MAIN(1.0),28/02/23 23:00:00,A,TOTAL,F00,TOTAL,TOTAL,EUR,EU27_2020,2019,,c
ESTAT:FISH_LD_MAIN(1.0),28/02/23 23:00:00,A,TOTAL,F00,TOTAL,TOTAL,EUR,EU27_2020,2020,,c
ESTAT:FISH_LD_MAIN(1.0),28/02/23 23:00:00,A,TOTAL,F00,TOTAL,TOTAL,EUR,EU28,2011,7060490614.3918,
ESTAT:FISH_LD_MAIN(1.0),28/02/23 23:00:00,A,TOTAL,F00,TOTAL,TOTAL,EUR,EU28,2012,,c
ESTAT:FISH_LD_MAIN(1.0),28/02/23 23:00:00,A,TOTAL,F00,TOTAL,TOTAL,EUR,EU28,2013,,c
ESTAT:FISH_LD_MAIN(1.0),28/02/23 23:00:00,A,TOTAL,F00,TOTAL,TOTAL,EUR,EU28,2014,,c
ESTAT:FISH_LD_MAIN(1.0),28/02/23 23:00:00,A,TOTAL,F00,TOTAL,TOTAL,EUR,EU28,2015,,c
ESTAT:FISH_LD_MAIN(1.0),28/02/23 23:00:00,A,TOTAL,F00,TOTAL,TOTAL,EUR,EU28,2016,,c
ESTAT:FISH_LD_MAIN(1.0),28/02/23 23:00:00,A,TOTAL,F00,TOTAL,TOTAL,EUR,EU28,2017,,c
ESTAT:FISH_LD_MAIN(1.0),28/02/23 23:00:00,A,TOTAL,F00,TOTAL,TOTAL,EUR,FI,2002,6011540.5297,
ESTAT:FISH_LD_MAIN(1.0),28/02/23 23:00:00,A,TOTAL,F00,TOTAL,TOTAL,EUR,FI,2003,18679466.4635,
ESTAT:FISH_LD_MAIN(1.0),28/02/23 23:00:00,A,TOTAL,F00,TOTAL,TOTAL,EUR,FI,2004,15602644.1366,
ESTAT:FISH_LD_MAIN(1.0),28/02/23 23:00:00,A,TOTAL,F00,TOTAL,TOTAL,EUR,FI,2005,15067420.6378,
ESTAT:FISH_LD_MAIN(1.0),28/02/23 23:00:00,A,TOTAL,F00,TOTAL,TOTAL,EUR,FI,2006,18488756.103,
ESTAT:FISH_LD_MAIN(1.0),28/02/23 23:00:00,A,TOTAL,F00,TOTAL,TOTAL,EUR,FI,2007,17649767.8,
ESTAT:FISH_LD_MAIN(1.0),28/02/23 23:00:00,A,TOTAL,F00,TOTAL,TOTAL,EUR,FI,2008,19169787.7,
ESTAT:FISH_LD_MAIN(1.0),28/02/23 23:00:00,A,TOTAL,F00,TOTAL,TOTAL,EUR,FI,2009,18042549.63,
ESTAT:FISH_LD_MAIN(1.0),28/02/23 23:00:00,A,TOTAL,F00,TOTAL,TOTAL,EUR,FI,2010,19397146.94,
ESTAT:FISH_LD_MAIN(1.0),28/02/23 23:00:00,A,TOTAL,F00,TOTAL,TOTAL,EUR,FI,2011,24333667.73,
ESTAT:FISH_LD_MAIN(1.0),28/02/23 23:00:00,A,TOTAL,F00,TOTAL,TOTAL,EUR,FI,2012,29088768.72,
ESTAT:FISH_LD_MAIN(1.0),28/02/23 23:00:00,A,TOTAL,F00,TOTAL,TOTAL,EUR,FI,2013,35165170.6413,
ESTAT:FISH_LD_MAIN(1.0),28/02/23 23:00:00,A,TOTAL,F00,TOTAL,TOTAL,EUR,FI,2014,30833423.148,
ESTAT:FISH_LD_MAIN(1.0),28/02/23 23:00:00,A,TOTAL,F00,TOTAL,TOTAL,EUR,FI,2015,25985385.13,
ESTAT:FISH_LD_MAIN(1.0),28/02/23 23:00:00,A,TOTAL,F00,TOTAL,TOTAL,EUR,FI,2016,27819433.8764,
ESTAT:FISH_LD_MAIN(1.0),28/02/23 23:00:00,A,TOTAL,F00,TOTAL,TOTAL,EUR,FI,2017,33167160.8888,
ESTAT:FISH_LD_MAIN(1.0),28/02/23 23:00:00,A,TOTAL,F00,TOTAL,TOTAL,EUR,FI,2018,30147046.3281,
ESTAT:FISH_LD_MAIN(1.0),28/02/23 23:00:00,A,TOTAL,F00,TOTAL,TOTAL,EUR,FI,2019,26544983.5783,
ESTAT:FISH_LD_MAIN(1.0),28/02/23 23:00:00,A,TOTAL,F00,TOTAL,TOTAL,EUR,FI,2020,26114928,
ESTAT:FISH_LD_MAIN(1.0),28/02/23 23:00:00,A,TOTAL,F00,TOTAL,TOTAL,EUR,FI,2021,24119805,
ESTAT:FISH_LD_MAIN(1.0),28/02/23 23:00:00,A,TOTAL,F00,TOTAL,TOTAL,EUR,FR,2002,879770609.6772,
ESTAT:FISH_LD_MAIN(1.0),28/02/23 23:00:00,A,TOTAL,F00,TOTAL,TOTAL,EUR,FR,2003,823315957.312,
ESTAT:FISH_LD_MAIN(1.0),28/02/23 23:00:00,A,TOTAL,F00,TOTAL,TOTAL,EUR,FR,2004,803281089.6475,
ESTAT:FISH_LD_MAIN(1.0),28/02/23 23:00:00,A,TOTAL,F00,TOTAL,TOTAL,EUR,FR,2005,774877364.2991,
ESTAT:FISH_LD_MAIN(1.0),28/02/23 23:00:00,A,TOTAL,F00,TOTAL,TOTAL,EUR,FR,2006,842040681.777,
ESTAT:FISH_LD_MAIN(1.0),28/02/23 23:00:00,A,TOTAL,F00,TOTAL,TOTAL,EUR,FR,2007,789883549.112,
ESTAT:FISH_LD_MAIN(1.0),28/02/23 23:00:00,A,TOTAL,F00,TOTAL,TOTAL,EUR,FR,2008,706194013.2,
ESTAT:FISH_LD_MAIN(1.0),28/02/23 23:00:00,A,TOTAL,F00,TOTAL,TOTAL,EUR,FR,2009,513775058.9099,
ESTAT:FISH_LD_MAIN(1.0),28/02/23 23:00:00,A,TOTAL,F00,TOTAL,TOTAL,EUR,FR,2010,527092463.6018,
ESTAT:FISH_LD_MAIN(1.0),28/02/23 23:00:00,A,TOTAL,F00,TOTAL,TOTAL,EUR,FR,2011,916774607.6241,
ESTAT:FISH_LD_MAIN(1.0),28/02/23 23:00:00,A,TOTAL,F00,TOTAL,TOTAL,EUR,FR,2012,830977269.4325,
ESTAT:FISH_LD_MAIN(1.0),28/02/23 23:00:00,A,TOTAL,F00,TOTAL,TOTAL,EUR,FR,2013,831907223.0598,
ESTAT:FISH_LD_MAIN(1.0),28/02/23 23:00:00,A,TOTAL,F00,TOTAL,TOTAL,EUR,FR,2014,818761540.3546,
ESTAT:FISH_LD_MAIN(1.0),28/02/23 23:00:00,A,TOTAL,F00,TOTAL,TOTAL,EUR,FR,2015,841275025.9312,
ESTAT:FISH_LD_MAIN(1.0),28/02/23 23:00:00,A,TOTAL,F00,TOTAL,TOTAL,EUR,FR,2016,862019613.6082,
ESTAT:FISH_LD_MAIN(1.0),28/02/23 23:00:00,A,TOTAL,F00,TOTAL,TOTAL,EUR,FR,2017,863342755.709,
ESTAT:FISH_LD_MAIN(1.0),28/02/23 23:00:00,A,TOTAL,F00,TOTAL,TOTAL,EUR,FR,2018,926090079.0946,p
ESTAT:FISH_LD_MAIN(1.0),28/02/23 23:00:00,A,TOTAL,F00,TOTAL,TOTAL,EUR,FR,2019,831363049.0921,p
ESTAT:FISH_LD_MAIN(1.0),28/02/23 23:00:00,A,TOTAL,F00,TOTAL,TOTAL,EUR,FR,2020,732261942.8036,p
ESTAT:FISH_LD_MAIN(1.0),28/02/23 23:00:00,A,TOTAL,F00,TOTAL,TOTAL,EUR,FR,2021,821263169.91,p
ESTAT:FISH_LD_MAIN(1.0),28/02/23 23:00:00,A,TOTAL,F00,TOTAL,TOTAL,EUR,HR,2011,80968876.8471,
ESTAT:FISH_LD_MAIN(1.0),28/02/23 23:00:00,A,TOTAL,F00,TOTAL,TOTAL,EUR,HR,2012,51650679.7995,
ESTAT:FISH_LD_MAIN(1.0),28/02/23 23:00:00,A,TOTAL,F00,TOTAL,TOTAL,EUR,HR,2013,66003773.8002,
ESTAT:FISH_LD_MAIN(1.0),28/02/23 23:00:00,A,TOTAL,F00,TOTAL,TOTAL,EUR,HR,2014,61845519.5012,
ESTAT:FISH_LD_MAIN(1.0),28/02/23 23:00:00,A,TOTAL,F00,TOTAL,TOTAL,EUR,HR,2015,61212530.6674,
ESTAT:FISH_LD_MAIN(1.0),28/02/23 23:00:00,A,TOTAL,F00,TOTAL,TOTAL,EUR,HR,2016,58868516.3547,
ESTAT:FISH_LD_MAIN(1.0),28/02/23 23:00:00,A,TOTAL,F00,TOTAL,TOTAL,EUR,HR,2017,56840893.7344,
ESTAT:FISH_LD_MAIN(1.0),28/02/23 23:00:00,A,TOTAL,F00,TOTAL,TOTAL,EUR,HR,2018,60659202.1436,
ESTAT:FISH_LD_MAIN(1.0),28/02/23 23:00:00,A,TOTAL,F00,TOTAL,TOTAL,EUR,HR,2019,57847470.7369,
ESTAT:FISH_LD_MAIN(1.0),28/02/23 23:00:00,A,TOTAL,F00,TOTAL,TOTAL,EUR,HR,2020,61940817.1824,
ESTAT:FISH_LD_MAIN(1.0),28/02/23 23:00:00,A,TOTAL,F00,TOTAL,TOTAL,EUR,HR,2021,61153215.3975,
ESTAT:FISH_LD_MAIN(1.0),28/02/23 23:00:00,A,TOTAL,F00,TOTAL,TOTAL,EUR,IE,2002,170811607.1477,
ESTAT:FISH_LD_MAIN(1.0),28/02/23 23:00:00,A,TOTAL,F00,TOTAL,TOTAL,EUR,IE,2003,253012674.4693,
ESTAT:FISH_LD_MAIN(1.0),28/02/23 23:00:00,A,TOTAL,F00,TOTAL,TOTAL,EUR,IE,2004,193896950.0584,
ESTAT:FISH_LD_MAIN(1.0),28/02/23 23:00:00,A,TOTAL,F00,TOTAL,TOTAL,EUR,IE,2005,149047926.3208,
ESTAT:FISH_LD_MAIN(1.0),28/02/23 23:00:00,A,TOTAL,F00,TOTAL,TOTAL,EUR,IE,2006,314809957.385,
ESTAT:FISH_LD_MAIN(1.0),28/02/23 23:00:00,A,TOTAL,F00,TOTAL,TOTAL,EUR,IE,2007,364209797.259,
ESTAT:FISH_LD_MAIN(1.0),28/02/23 23:00:00,A,TOTAL,F00,TOTAL,TOTAL,EUR,IE,2008,249668492,
ESTAT:FISH_LD_MAIN(1.0),28/02/23 23:00:00,A,TOTAL,F00,TOTAL,TOTAL,EUR,IE,2009,236062877.1893,
ESTAT:FISH_LD_MAIN(1.0),28/02/23 23:00:00,A,TOTAL,F00,TOTAL,TOTAL,EUR,IE,2010,288301571.7924,
ESTAT:FISH_LD_MAIN(1.0),28/02/23 23:00:00,A,TOTAL,F00,TOTAL,TOTAL,EUR,IE,2011,261199969.9945,
ESTAT:FISH_LD_MAIN(1.0),28/02/23 23:00:00,A,TOTAL,F00,TOTAL,TOTAL,EUR,IE,2012,396736171.0518,
ESTAT:FISH_LD_MAIN(1.0),28/02/23 23:00:00,A,TOTAL,F00,TOTAL,TOTAL,EUR,IE,2013,299492068.9533,
ESTAT:FISH_LD_MAIN(1.0),28/02/23 23:00:00,A,TOTAL,F00,TOTAL,TOTAL,EUR,IE,2014,507926065.6439,
ESTAT:FISH_LD_MAIN(1.0),28/02/23 23:00:00,A,TOTAL,F00,TOTAL,TOTAL,EUR,IE,2015,308953184.1369,
ESTAT:FISH_LD_MAIN(1.0),28/02/23 23:00:00,A,TOTAL,F00,TOTAL,TOTAL,EUR,IE,2016,485937308.4813,
ESTAT:FISH_LD_MAIN(1.0),28/02/23 23:00:00,A,TOTAL,F00,TOTAL,TOTAL,EUR,IE,2017,292143864.614,e
ESTAT:FISH_LD_MAIN(1.0),28/02/23 23:00:00,A,TOTAL,F00,TOTAL,TOTAL,EUR,IE,2018,,c
ESTAT:FISH_LD_MAIN(1.0),28/02/23 23:00:00,A,TOTAL,F00,TOTAL,TOTAL,EUR,IE,2019,,c
ESTAT:FISH_LD_MAIN(1.0),28/02/23 23:00:00,A,TOTAL,F00,TOTAL,TOTAL,EUR,IE,2020,,c
ESTAT:FISH_LD_MAIN(1.0),28/02/23 23:00:00,A,TOTAL,F00,TOTAL,TOTAL,EUR,IE,2021,,c
ESTAT:FISH_LD_MAIN(1.0),28/02/23 23:00:00,A,TOTAL,F00,TOTAL,TOTAL,EUR,IS,2002,949107634.9226,
ESTAT:FISH_LD_MAIN(1.0),28/02/23 23:00:00,A,TOTAL,F00,TOTAL,TOTAL,EUR,IS,2003,831275064.9362,
ESTAT:FISH_LD_MAIN(1.0),28/02/23 23:00:00,A,TOTAL,F00,TOTAL,TOTAL,EUR,IS,2004,846148480.6596,
ESTAT:FISH_LD_MAIN(1.0),28/02/23 23:00:00,A,TOTAL,F00,TOTAL,TOTAL,EUR,IS,2005,932902438.4276,
ESTAT:FISH_LD_MAIN(1.0),28/02/23 23:00:00,A,TOTAL,F00,TOTAL,TOTAL,EUR,IS,2006,933658533.1243,
ESTAT:FISH_LD_MAIN(1.0),28/02/23 23:00:00,A,TOTAL,F00,TOTAL,TOTAL,EUR,IS,2007,981971604.368,
ESTAT:FISH_LD_MAIN(1.0),28/02/23 23:00:00,A,TOTAL,F00,TOTAL,TOTAL,EUR,IS,2008,743672648.5608,
ESTAT:FISH_LD_MAIN(1.0),28/02/23 23:00:00,A,TOTAL,F00,TOTAL,TOTAL,EUR,IS,2009,708916434.7136,
ESTAT:FISH_LD_MAIN(1.0),28/02/23 23:00:00,A,TOTAL,F00,TOTAL,TOTAL,EUR,IS,2010,888893857.6661,
ESTAT:FISH_LD_MAIN(1.0),28/02/23 23:00:00,A,TOTAL,F00,TOTAL,TOTAL,EUR,IS,2011,1028624119.0886,
ESTAT:FISH_LD_MAIN(1.0),28/02/23 23:00:00,A,TOTAL,F00,TOTAL,TOTAL,EUR,IS,2012,1040575786.2617,
ESTAT:FISH_LD_MAIN(1.0),28/02/23 23:00:00,A,TOTAL,F00,TOTAL,TOTAL,EUR,IS,2013,910432737.7349,
ESTAT:FISH_LD_MAIN(1.0),28/02/23 23:00:00,A,TOTAL,F00,TOTAL,TOTAL,EUR,IS,2014,874391716.3385,
ESTAT:FISH_LD_MAIN(1.0),28/02/23 23:00:00,A,TOTAL,F00,TOTAL,TOTAL,EUR,IS,2015,1033104754.9364,
ESTAT:FISH_LD_MAIN(1.0),28/02/23 23:00:00,A,TOTAL,F00,TOTAL,TOTAL,EUR,IS,2016,1025950288.5601,
ESTAT:FISH_LD_MAIN(1.0),28/02/23 23:00:00,A,TOTAL,F00,TOTAL,TOTAL,EUR,IS,2017,902205319.7907,
ESTAT:FISH_LD_MAIN(1.0),28/02/23 23:00:00,A,TOTAL,F00,TOTAL,TOTAL,EUR,IS,2018,1002721347.4725,
ESTAT:FISH_LD_MAIN(1.0),28/02/23 23:00:00,A,TOTAL,F00,TOTAL,TOTAL,EUR,IS,2019,1033454322.854,
ESTAT:FISH_LD_MAIN(1.0),28/02/23 23:00:00,A,TOTAL,F00,TOTAL,TOTAL,EUR,IS,2020,927768828.318,
ESTAT:FISH_LD_MAIN(1.0),28/02/23 23:00:00,A,TOTAL,F00,TOTAL,TOTAL,EUR,IS,2021,1052607689.9918,
ESTAT:FISH_LD_MAIN(1.0),28/02/23 23:00:00,A,TOTAL,F00,TOTAL,TOTAL,EUR,IT,2002,488357.4606,
ESTAT:FISH_LD_MAIN(1.0),28/02/23 23:00:00,A,TOTAL,F00,TOTAL,TOTAL,EUR,IT,2003,1012462560.1079,
ESTAT:FISH_LD_MAIN(1.0),28/02/23 23:00:00,A,TOTAL,F00,TOTAL,TOTAL,EUR,IT,2004,992867925.4346,
ESTAT:FISH_LD_MAIN(1.0),28/02/23 23:00:00,A,TOTAL,F00,TOTAL,TOTAL,EUR,IT,2005,1412889888.7866,
ESTAT:FISH_LD_MAIN(1.0),28/02/23 23:00:00,A,TOTAL,F00,TOTAL,TOTAL,EUR,IT,2006,1518118676.05,
ESTAT:FISH_LD_MAIN(1.0),28/02/23 23:00:00,A,TOTAL,F00,TOTAL,TOTAL,EUR,IT,2007,1365144342.2,
ESTAT:FISH_LD_MAIN(1.0),28/02/23 23:00:00,A,TOTAL,F00,TOTAL,TOTAL,EUR,IT,2008,1106912752.67,
ESTAT:FISH_LD_MAIN(1.0),28/02/23 23:00:00,A,TOTAL,F00,TOTAL,TOTAL,EUR,IT,2009,1209970517.357,
ESTAT:FISH_LD_MAIN(1.0),28/02/23 23:00:00,A,TOTAL,F00,TOTAL,TOTAL,EUR,IT,2010,1147140290.0073,
ESTAT:FISH_LD_MAIN(1.0),28/02/23 23:00:00,A,TOTAL,F00,TOTAL,TOTAL,EUR,IT,2011,1103476997.2,
ESTAT:FISH_LD_MAIN(1.0),28/02/23 23:00:00,A,TOTAL,F00,TOTAL,TOTAL,EUR,IT,2012,925033217.24,
ESTAT:FISH_LD_MAIN(1.0),28/02/23 23:00:00,A,TOTAL,F00,TOTAL,TOTAL,EUR,IT,2013,834685146.26,
ESTAT:FISH_LD_MAIN(1.0),28/02/23 23:00:00,A,TOTAL,F00,TOTAL,TOTAL,EUR,IT,2014,814067514.97,
ESTAT:FISH_LD_MAIN(1.0),28/02/23 23:00:00,A,TOTAL,F00,TOTAL,TOTAL,EUR,IT,2015,905829985.0001,
ESTAT:FISH_LD_MAIN(1.0),28/02/23 23:00:00,A,TOTAL,F00,TOTAL,TOTAL,EUR,IT,2016,927357314.7606,
ESTAT:FISH_LD_MAIN(1.0),28/02/23 23:00:00,A,TOTAL,F00,TOTAL,TOTAL,EUR,IT,2017,971188943.5023,e
ESTAT:FISH_LD_MAIN(1.0),28/02/23 23:00:00,A,TOTAL,F00,TOTAL,TOTAL,EUR,IT,2018,966898720.27,p
ESTAT:FISH_LD_MAIN(1.0),28/02/23 23:00:00,A,TOTAL,F00,TOTAL,TOTAL,EUR,IT,2019,898108285.31,p
ESTAT:FISH_LD_MAIN(1.0),28/02/23 23:00:00,A,TOTAL,F00,TOTAL,TOTAL,EUR,IT,2020,654721177.76,p
ESTAT:FISH_LD_MAIN(1.0),28/02/23 23:00:00,A,TOTAL,F00,TOTAL,TOTAL,EUR,IT,2021,765681826.13,
ESTAT:FISH_LD_MAIN(1.0),28/02/23 23:00:00,A,TOTAL,F00,TOTAL,TOTAL,EUR,LT,2005,4565315.1905,
ESTAT:FISH_LD_MAIN(1.0),28/02/23 23:00:00,A,TOTAL,F00,TOTAL,TOTAL,EUR,LT,2006,4824939.0552,
ESTAT:FISH_LD_MAIN(1.0),28/02/23 23:00:00,A,TOTAL,F00,TOTAL,TOTAL,EUR,LT,2007,9498022.5357,
ESTAT:FISH_LD_MAIN(1.0),28/02/23 23:00:00,A,TOTAL,F00,TOTAL,TOTAL,EUR,LT,2008,6306256.1808,
ESTAT:FISH_LD_MAIN(1.0),28/02/23 23:00:00,A,TOTAL,F00,TOTAL,TOTAL,EUR,LT,2009,6660979.2119,
ESTAT:FISH_LD_MAIN(1.0),28/02/23 23:00:00,A,TOTAL,F00,TOTAL,TOTAL,EUR,LT,2010,4986797.7083,
ESTAT:FISH_LD_MAIN(1.0),28/02/23 23:00:00,A,TOTAL,F00,TOTAL,TOTAL,EUR,LT,2011,7068737.575,
ESTAT:FISH_LD_MAIN(1.0),28/02/23 23:00:00,A,TOTAL,F00,TOTAL,TOTAL,EUR,LT,2012,3720239.4565,
ESTAT:FISH_LD_MAIN(1.0),28/02/23 23:00:00,A,TOTAL,F00,TOTAL,TOTAL,EUR,LT,2013,2075011.5318,
ESTAT:FISH_LD_MAIN(1.0),28/02/23 23:00:00,A,TOTAL,F00,TOTAL,TOTAL,EUR,LT,2014,1362384.6,
ESTAT:FISH_LD_MAIN(1.0),28/02/23 23:00:00,A,TOTAL,F00,TOTAL,TOTAL,EUR,LT,2015,1510337.2017,
ESTAT:FISH_LD_MAIN(1.0),28/02/23 23:00:00,A,TOTAL,F00,TOTAL,TOTAL,EUR,LT,2016,1779708.6452,
ESTAT:FISH_LD_MAIN(1.0),28/02/23 23:00:00,A,TOTAL,F00,TOTAL,TOTAL,EUR,LT,2017,1570104.1081,
ESTAT:FISH_LD_MAIN(1.0),28/02/23 23:00:00,A,TOTAL,F00,TOTAL,TOTAL,EUR,LT,2018,1349972.2174,
ESTAT:FISH_LD_MAIN(1.0),28/02/23 23:00:00,A,TOTAL,F00,TOTAL,TOTAL,EUR,LT,2019,762895.5931,
ESTAT:FISH_LD_MAIN(1.0),28/02/23 23:00:00,A,TOTAL,F00,TOTAL,TOTAL,EUR,LT,2020,961223.015,
ESTAT:FISH_LD_MAIN(1.0),28/02/23 23:00:00,A,TOTAL,F00,TOTAL,TOTAL,EUR,LT,2021,1144527.0113,
ESTAT:FISH_LD_MAIN(1.0),28/02/23 23:00:00,A,TOTAL,F00,TOTAL,TOTAL,EUR,LV,2005,16426628.0519,
ESTAT:FISH_LD_MAIN(1.0),28/02/23 23:00:00,A,TOTAL,F00,TOTAL,TOTAL,EUR,LV,2006,17275788.3071,
ESTAT:FISH_LD_MAIN(1.0),28/02/23 23:00:00,A,TOTAL,F00,TOTAL,TOTAL,EUR,LV,2007,16936100.0878,
ESTAT:FISH_LD_MAIN(1.0),28/02/23 23:00:00,A,TOTAL,F00,TOTAL,TOTAL,EUR,LV,2008,20303467.2463,
ESTAT:FISH_LD_MAIN(1.0),28/02/23 23:00:00,A,TOTAL,F00,TOTAL,TOTAL,EUR,LV,2009,13556323.9466,
ESTAT:FISH_LD_MAIN(1.0),28/02/23 23:00:00,A,TOTAL,F00,TOTAL,TOTAL,EUR,LV,2010,12775804.4135,
ESTAT:FISH_LD_MAIN(1.0),28/02/23 23:00:00,A,TOTAL,F00,TOTAL,TOTAL,EUR,LV,2011,16718226.0424,
ESTAT:FISH_LD_MAIN(1.0),28/02/23 23:00:00,A,TOTAL,F00,TOTAL,TOTAL,EUR,LV,2012,18832909.2814,
ESTAT:FISH_LD_MAIN(1.0),28/02/23 23:00:00,A,TOTAL,F00,TOTAL,TOTAL,EUR,LV,2013,21748092.3014,
ESTAT:FISH_LD_MAIN(1.0),28/02/23 23:00:00,A,TOTAL,F00,TOTAL,TOTAL,EUR,LV,2014,19978783,
ESTAT:FISH_LD_MAIN(1.0),28/02/23 23:00:00,A,TOTAL,F00,TOTAL,TOTAL,EUR,LV,2015,19791931,
ESTAT:FISH_LD_MAIN(1.0),28/02/23 23:00:00,A,TOTAL,F00,TOTAL,TOTAL,EUR,LV,2016,15749006,
ESTAT:FISH_LD_MAIN(1.0),28/02/23 23:00:00,A,TOTAL,F00,TOTAL,TOTAL,EUR,LV,2017,19063956.8,
ESTAT:FISH_LD_MAIN(1.0),28/02/23 23:00:00,A,TOTAL,F00,TOTAL,TOTAL,EUR,LV,2018,19969123.5,
ESTAT:FISH_LD_MAIN(1.0),28/02/23 23:00:00,A,TOTAL,F00,TOTAL,TOTAL,EUR,LV,2019,17556680.3,
ESTAT:FISH_LD_MAIN(1.0),28/02/23 23:00:00,A,TOTAL,F00,TOTAL,TOTAL,EUR,LV,2020,20052973,
ESTAT:FISH_LD_MAIN(1.0),28/02/23 23:00:00,A,TOTAL,F00,TOTAL,TOTAL,EUR,LV,2021,18280538,
ESTAT:FISH_LD_MAIN(1.0),28/02/23 23:00:00,A,TOTAL,F00,TOTAL,TOTAL,EUR,MT,2003,4278810.1157,
ESTAT:FISH_LD_MAIN(1.0),28/02/23 23:00:00,A,TOTAL,F00,TOTAL,TOTAL,EUR,MT,2004,4288924.5555,
ESTAT:FISH_LD_MAIN(1.0),28/02/23 23:00:00,A,TOTAL,F00,TOTAL,TOTAL,EUR,MT,2005,5728525.9503,
ESTAT:FISH_LD_MAIN(1.0),28/02/23 23:00:00,A,TOTAL,F00,TOTAL,TOTAL,EUR,MT,2006,5570606.7749,
ESTAT:FISH_LD_MAIN(1.0),28/02/23 23:00:00,A,TOTAL,F00,TOTAL,TOTAL,EUR,MT,2007,7417570.2402,
ESTAT:FISH_LD_MAIN(1.0),28/02/23 23:00:00,A,TOTAL,F00,TOTAL,TOTAL,EUR,MT,2008,8319471,
ESTAT:FISH_LD_MAIN(1.0),28/02/23 23:00:00,A,TOTAL,F00,TOTAL,TOTAL,EUR,MT,2009,8783058.311,
ESTAT:FISH_LD_MAIN(1.0),28/02/23 23:00:00,A,TOTAL,F00,TOTAL,TOTAL,EUR,MT,2010,8901069.4733,
ESTAT:FISH_LD_MAIN(1.0),28/02/23 23:00:00,A,TOTAL,F00,TOTAL,TOTAL,EUR,MT,2011,11393447.63,
ESTAT:FISH_LD_MAIN(1.0),28/02/23 23:00:00,A,TOTAL,F00,TOTAL,TOTAL,EUR,MT,2012,,c
ESTAT:FISH_LD_MAIN(1.0),28/02/23 23:00:00,A,TOTAL,F00,TOTAL,TOTAL,EUR,MT,2013,,c
ESTAT:FISH_LD_MAIN(1.0),28/02/23 23:00:00,A,TOTAL,F00,TOTAL,TOTAL,EUR,MT,2014,,c
ESTAT:FISH_LD_MAIN(1.0),28/02/23 23:00:00,A,TOTAL,F00,TOTAL,TOTAL,EUR,MT,2015,,c
ESTAT:FISH_LD_MAIN(1.0),28/02/23 23:00:00,A,TOTAL,F00,TOTAL,TOTAL,EUR,MT,2016,,c
ESTAT:FISH_LD_MAIN(1.0),28/02/23 23:00:00,A,TOTAL,F00,TOTAL,TOTAL,EUR,MT,2017,,c
ESTAT:FISH_LD_MAIN(1.0),28/02/23 23:00:00,A,TOTAL,F00,TOTAL,TOTAL,EUR,MT,2018,,c
ESTAT:FISH_LD_MAIN(1.0),28/02/23 23:00:00,A,TOTAL,F00,TOTAL,TOTAL,EUR,MT,2019,,c
ESTAT:FISH_LD_MAIN(1.0),28/02/23 23:00:00,A,TOTAL,F00,TOTAL,TOTAL,EUR,MT,2020,,c
ESTAT:FISH_LD_MAIN(1.0),28/02/23 23:00:00,A,TOTAL,F00,TOTAL,TOTAL,EUR,MT,2021,,c
ESTAT:FISH_LD_MAIN(1.0),28/02/23 23:00:00,A,TOTAL,F00,TOTAL,TOTAL,EUR,NL,2002,148282211.8376,
ESTAT:FISH_LD_MAIN(1.0),28/02/23 23:00:00,A,TOTAL,F00,TOTAL,TOTAL,EUR,NL,2003,617764346.9519,
ESTAT:FISH_LD_MAIN(1.0),28/02/23 23:00:00,A,TOTAL,F00,TOTAL,TOTAL,EUR,NL,2004,846144379.7816,
ESTAT:FISH_LD_MAIN(1.0),28/02/23 23:00:00,A,TOTAL,F00,TOTAL,TOTAL,EUR,NL,2005,417879400.4008,
ESTAT:FISH_LD_MAIN(1.0),28/02/23 23:00:00,A,TOTAL,F00,TOTAL,TOTAL,EUR,NL,2006,335684680.133,
ESTAT:FISH_LD_MAIN(1.0),28/02/23 23:00:00,A,TOTAL,F00,TOTAL,TOTAL,EUR,NL,2007,736003889,
ESTAT:FISH_LD_MAIN(1.0),28/02/23 23:00:00,A,TOTAL,F00,TOTAL,TOTAL,EUR,NL,2008,559766193,
ESTAT:FISH_LD_MAIN(1.0),28/02/23 23:00:00,A,TOTAL,F00,TOTAL,TOTAL,EUR,NL,2009,533965402.6,
ESTAT:FISH_LD_MAIN(1.0),28/02/23 23:00:00,A,TOTAL,F00,TOTAL,TOTAL,EUR,NL,2010,570205470.2,
ESTAT:FISH_LD_MAIN(1.0),28/02/23 23:00:00,A,TOTAL,F00,TOTAL,TOTAL,EUR,NL,2011,561321945.3,
ESTAT:FISH_LD_MAIN(1.0),28/02/23 23:00:00,A,TOTAL,F00,TOTAL,TOTAL,EUR,NL,2012,581775197.74,
ESTAT:FISH_LD_MAIN(1.0),28/02/23 23:00:00,A,TOTAL,F00,TOTAL,TOTAL,EUR,NL,2013,379662064.4694,
ESTAT:FISH_LD_MAIN(1.0),28/02/23 23:00:00,A,TOTAL,F00,TOTAL,TOTAL,EUR,NL,2014,353685887.8109,
ESTAT:FISH_LD_MAIN(1.0),28/02/23 23:00:00,A,TOTAL,F00,TOTAL,TOTAL,EUR,NL,2015,624542841.502,
ESTAT:FISH_LD_MAIN(1.0),28/02/23 23:00:00,A,TOTAL,F00,TOTAL,TOTAL,EUR,NL,2016,588776096.3747,
ESTAT:FISH_LD_MAIN(1.0),28/02/23 23:00:00,A,TOTAL,F00,TOTAL,TOTAL,EUR,NL,2017,563882220.7473,e
ESTAT:FISH_LD_MAIN(1.0),28/02/23 23:00:00,A,TOTAL,F00,TOTAL,TOTAL,EUR,NL,2018,580353386.7389,e
ESTAT:FISH_LD_MAIN(1.0),28/02/23 23:00:00,A,TOTAL,F00,TOTAL,TOTAL,EUR,NL,2019,445222861.7099,e
ESTAT:FISH_LD_MAIN(1.0),28/02/23 23:00:00,A,TOTAL,F00,TOTAL,TOTAL,EUR,NL,2020,489468566.775,e
ESTAT:FISH_LD_MAIN(1.0),28/02/23 23:00:00,A,TOTAL,F00,TOTAL,TOTAL,EUR,NL,2021,638945008.4613,e
ESTAT:FISH_LD_MAIN(1.0),28/02/23 23:00:00,A,TOTAL,F00,TOTAL,TOTAL,EUR,NO,2002,1553213094.0064,
ESTAT:FISH_LD_MAIN(1.0),28/02/23 23:00:00,A,TOTAL,F00,TOTAL,TOTAL,EUR,NO,2003,1098662830.4667,
ESTAT:FISH_LD_MAIN(1.0),28/02/23 23:00:00,A,TOTAL,F00,TOTAL,TOTAL,EUR,NO,2004,1223085222.3036,
ESTAT:FISH_LD_MAIN(1.0),28/02/23 23:00:00,A,TOTAL,F00,TOTAL,TOTAL,EUR,NO,2005,1465197983.0805,
ESTAT:FISH_LD_MAIN(1.0),28/02/23 23:00:00,A,TOTAL,F00,TOTAL,TOTAL,EUR,NO,2006,1433806689.7017,
ESTAT:FISH_LD_MAIN(1.0),28/02/23 23:00:00,A,TOTAL,F00,TOTAL,TOTAL,EUR,NO,2007,1469718232.0869,
ESTAT:FISH_LD_MAIN(1.0),28/02/23 23:00:00,A,TOTAL,F00,TOTAL,TOTAL,EUR,NO,2008,1472009730.1421,
ESTAT:FISH_LD_MAIN(1.0),28/02/23 23:00:00,A,TOTAL,F00,TOTAL,TOTAL,EUR,NO,2009,1319911783.2015,
ESTAT:FISH_LD_MAIN(1.0),28/02/23 23:00:00,A,TOTAL,F00,TOTAL,TOTAL,EUR,NO,2010,1667185368.3009,
ESTAT:FISH_LD_MAIN(1.0),28/02/23 23:00:00,A,TOTAL,F00,TOTAL,TOTAL,EUR,NO,2011,2113525541.3361,
ESTAT:FISH_LD_MAIN(1.0),28/02/23 23:00:00,A,TOTAL,F00,TOTAL,TOTAL,EUR,NO,2012,1958458105.8646,
ESTAT:FISH_LD_MAIN(1.0),28/02/23 23:00:00,A,TOTAL,F00,TOTAL,TOTAL,EUR,NO,2013,1644829551.7285,
ESTAT:FISH_LD_MAIN(1.0),28/02/23 23:00:00,A,TOTAL,F00,TOTAL,TOTAL,EUR,NO,2014,1841678635.8666,
ESTAT:FISH_LD_MAIN(1.0),28/02/23 23:00:00,A,TOTAL,F00,TOTAL,TOTAL,EUR,NO,2015,1968559296.6887,
ESTAT:FISH_LD_MAIN(1.0),28/02/23 23:00:00,A,TOTAL,F00,TOTAL,TOTAL,EUR,NO,2016,2113555490.4665,
ESTAT:FISH_LD_MAIN(1.0),28/02/23 23:00:00,A,TOTAL,F00,TOTAL,TOTAL,EUR,NO,2017,1999586684.3855,
ESTAT:FISH_LD_MAIN(1.0),28/02/23 23:00:00,A,TOTAL,F00,TOTAL,TOTAL,EUR,NO,2018,2135951083.9813,
ESTAT:FISH_LD_MAIN(1.0),28/02/23 23:00:00,A,TOTAL,F00,TOTAL,TOTAL,EUR,NO,2019,2194339883.6011,
ESTAT:FISH_LD_MAIN(1.0),28/02/23 23:00:00,A,TOTAL,F00,TOTAL,TOTAL,EUR,NO,2020,2190318508.4469,
ESTAT:FISH_LD_MAIN(1.0),28/02/23 23:00:00,A,TOTAL,F00,TOTAL,TOTAL,EUR,NO,2021,2401435071.1385,
ESTAT:FISH_LD_MAIN(1.0),28/02/23 23:00:00,A,TOTAL,F00,TOTAL,TOTAL,EUR,PL,2005,31683196.9102,
ESTAT:FISH_LD_MAIN(1.0),28/02/23 23:00:00,A,TOTAL,F00,TOTAL,TOTAL,EUR,PL,2006,36973624.3062,
ESTAT:FISH_LD_MAIN(1.0),28/02/23 23:00:00,A,TOTAL,F00,TOTAL,TOTAL,EUR,PL,2007,36434855.2606,
ESTAT:FISH_LD_MAIN(1.0),28/02/23 23:00:00,A,TOTAL,F00,TOTAL,TOTAL,EUR,PL,2008,34232083.7316,
ESTAT:FISH_LD_MAIN(1.0),28/02/23 23:00:00,A,TOTAL,F00,TOTAL,TOTAL,EUR,PL,2009,37955473.6548,
ESTAT:FISH_LD_MAIN(1.0),28/02/23 23:00:00,A,TOTAL,F00,TOTAL,TOTAL,EUR,PL,2010,42252102.8511,
ESTAT:FISH_LD_MAIN(1.0),28/02/23 23:00:00,A,TOTAL,F00,TOTAL,TOTAL,EUR,PL,2011,48589603.601,
ESTAT:FISH_LD_MAIN(1.0),28/02/23 23:00:00,A,TOTAL,F00,TOTAL,TOTAL,EUR,PL,2012,61045702.5247,
ESTAT:FISH_LD_MAIN(1.0),28/02/23 23:00:00,A,TOTAL,F00,TOTAL,TOTAL,EUR,PL,2013,52563740.4839,
ESTAT:FISH_LD_MAIN(1.0),28/02/23 23:00:00,A,TOTAL,F00,TOTAL,TOTAL,EUR,PL,2014,50342735.327,
ESTAT:FISH_LD_MAIN(1.0),28/02/23 23:00:00,A,TOTAL,F00,TOTAL,TOTAL,EUR,PL,2015,45329469.5119,
ESTAT:FISH_LD_MAIN(1.0),28/02/23 23:00:00,A,TOTAL,F00,TOTAL,TOTAL,EUR,PL,2016,50772662.2698,
ESTAT:FISH_LD_MAIN(1.0),28/02/23 23:00:00,A,TOTAL,F00,TOTAL,TOTAL,EUR,PL,2017,47749959.9076,
ESTAT:FISH_LD_MAIN(1.0),28/02/23 23:00:00,A,TOTAL,F00,TOTAL,TOTAL,EUR,PL,2018,46386282.2575,
ESTAT:FISH_LD_MAIN(1.0),28/02/23 23:00:00,A,TOTAL,F00,TOTAL,TOTAL,EUR,PL,2019,38001434.7898,
ESTAT:FISH_LD_MAIN(1.0),28/02/23 23:00:00,A,TOTAL,F00,TOTAL,TOTAL,EUR,PL,2020,29184741.7006,
ESTAT:FISH_LD_MAIN(1.0),28/02/23 23:00:00,A,TOTAL,F00,TOTAL,TOTAL,EUR,PL,2021,29472361.7188,
ESTAT:FISH_LD_MAIN(1.0),28/02/23 23:00:00,A,TOTAL,F00,TOTAL,TOTAL,EUR,PT,2002,305904480.3599,
ESTAT:FISH_LD_MAIN(1.0),28/02/23 23:00:00,A,TOTAL,F00,TOTAL,TOTAL,EUR,PT,2003,203220289.2052,
ESTAT:FISH_LD_MAIN(1.0),28/02/23 23:00:00,A,TOTAL,F00,TOTAL,TOTAL,EUR,PT,2004,232144316.348,
ESTAT:FISH_LD_MAIN(1.0),28/02/23 23:00:00,A,TOTAL,F00,TOTAL,TOTAL,EUR,PT,2005,127645776.4504,
ESTAT:FISH_LD_MAIN(1.0),28/02/23 23:00:00,A,TOTAL,F00,TOTAL,TOTAL,EUR,PT,2006,212242086.178,
ESTAT:FISH_LD_MAIN(1.0),28/02/23 23:00:00,A,TOTAL,F00,TOTAL,TOTAL,EUR,PT,2007,241383654.7,
ESTAT:FISH_LD_MAIN(1.0),28/02/23 23:00:00,A,TOTAL,F00,TOTAL,TOTAL,EUR,PT,2008,257049779.1,
ESTAT:FISH_LD_MAIN(1.0),28/02/23 23:00:00,A,TOTAL,F00,TOTAL,TOTAL,EUR,PT,2009,279221405.4369,
ESTAT:FISH_LD_MAIN(1.0),28/02/23 23:00:00,A,TOTAL,F00,TOTAL,TOTAL,EUR,PT,2010,295784808.8504,
ESTAT:FISH_LD_MAIN(1.0),28/02/23 23:00:00,A,TOTAL,F00,TOTAL,TOTAL,EUR,PT,2011,335402884.2802,
ESTAT:FISH_LD_MAIN(1.0),28/02/23 23:00:00,A,TOTAL,F00,TOTAL,TOTAL,EUR,PT,2012,272121975.1195,
ESTAT:FISH_LD_MAIN(1.0),28/02/23 23:00:00,A,TOTAL,F00,TOTAL,TOTAL,EUR,PT,2013,261583040.5616,
ESTAT:FISH_LD_MAIN(1.0),28/02/23 23:00:00,A,TOTAL,F00,TOTAL,TOTAL,EUR,PT,2014,248808232.0357,
ESTAT:FISH_LD_MAIN(1.0),28/02/23 23:00:00,A,TOTAL,F00,TOTAL,TOTAL,EUR,PT,2015,251528625.0941,
ESTAT:FISH_LD_MAIN(1.0),28/02/23 23:00:00,A,TOTAL,F00,TOTAL,TOTAL,EUR,PT,2016,326727823.5039,
ESTAT:FISH_LD_MAIN(1.0),28/02/23 23:00:00,A,TOTAL,F00,TOTAL,TOTAL,EUR,PT,2017,310460794.7777,
ESTAT:FISH_LD_MAIN(1.0),28/02/23 23:00:00,A,TOTAL,F00,TOTAL,TOTAL,EUR,PT,2018,289515386.7021,e
ESTAT:FISH_LD_MAIN(1.0),28/02/23 23:00:00,A,TOTAL,F00,TOTAL,TOTAL,EUR,PT,2019,335709341.71,e
ESTAT:FISH_LD_MAIN(1.0),28/02/23 23:00:00,A,TOTAL,F00,TOTAL,TOTAL,EUR,PT,2020,307077489.4793,e
ESTAT:FISH_LD_MAIN(1.0),28/02/23 23:00:00,A,TOTAL,F00,TOTAL,TOTAL,EUR,PT,2021,353208831.9405,e
ESTAT:FISH_LD_MAIN(1.0),28/02/23 23:00:00,A,TOTAL,F00,TOTAL,TOTAL,EUR,RO,2006,583290.0099,
ESTAT:FISH_LD_MAIN(1.0),28/02/23 23:00:00,A,TOTAL,F00,TOTAL,TOTAL,EUR,RO,2007,736665.3675,
ESTAT:FISH_LD_MAIN(1.0),28/02/23 23:00:00,A,TOTAL,F00,TOTAL,TOTAL,EUR,RO,2008,659040.3475,
ESTAT:FISH_LD_MAIN(1.0),28/02/23 23:00:00,A,TOTAL,F00,TOTAL,TOTAL,EUR,RO,2009,594813.5597,
ESTAT:FISH_LD_MAIN(1.0),28/02/23 23:00:00,A,TOTAL,F00,TOTAL,TOTAL,EUR,RO,2010,482016.2758,
ESTAT:FISH_LD_MAIN(1.0),28/02/23 23:00:00,A,TOTAL,F00,TOTAL,TOTAL,EUR,RO,2011,1454961.7613,
ESTAT:FISH_LD_MAIN(1.0),28/02/23 23:00:00,A,TOTAL,F00,TOTAL,TOTAL,EUR,RO,2012,932985.4674,
ESTAT:FISH_LD_MAIN(1.0),28/02/23 23:00:00,A,TOTAL,F00,TOTAL,TOTAL,EUR,RO,2013,1172359.306,
ESTAT:FISH_LD_MAIN(1.0),28/02/23 23:00:00,A,TOTAL,F00,TOTAL,TOTAL,EUR,RO,2014,2457698.2227,
ESTAT:FISH_LD_MAIN(1.0),28/02/23 23:00:00,A,TOTAL,F00,TOTAL,TOTAL,EUR,RO,2015,4292951.8467,
ESTAT:FISH_LD_MAIN(1.0),28/02/23 23:00:00,A,TOTAL,F00,TOTAL,TOTAL,EUR,RO,2016,3994600.8483,
ESTAT:FISH_LD_MAIN(1.0),28/02/23 23:00:00,A,TOTAL,F00,TOTAL,TOTAL,EUR,RO,2017,4535338.6232,e
ESTAT:FISH_LD_MAIN(1.0),28/02/23 23:00:00,A,TOTAL,F00,TOTAL,TOTAL,EUR,RO,2018,4205442.1587,
ESTAT:FISH_LD_MAIN(1.0),28/02/23 23:00:00,A,TOTAL,F00,TOTAL,TOTAL,EUR,RO,2019,4334784.5465,
ESTAT:FISH_LD_MAIN(1.0),28/02/23 23:00:00,A,TOTAL,F00,TOTAL,TOTAL,EUR,RO,2020,2769510.5769,
ESTAT:FISH_LD_MAIN(1.0),28/02/23 23:00:00,A,TOTAL,F00,TOTAL,TOTAL,EUR,RO,2021,2249545.93,
ESTAT:FISH_LD_MAIN(1.0),28/02/23 23:00:00,A,TOTAL,F00,TOTAL,TOTAL,EUR,SE,2002,112660824.2904,
ESTAT:FISH_LD_MAIN(1.0),28/02/23 23:00:00,A,TOTAL,F00,TOTAL,TOTAL,EUR,SE,2003,93617347.9246,
ESTAT:FISH_LD_MAIN(1.0),28/02/23 23:00:00,A,TOTAL,F00,TOTAL,TOTAL,EUR,SE,2004,111270374.6214,
ESTAT:FISH_LD_MAIN(1.0),28/02/23 23:00:00,A,TOTAL,F00,TOTAL,TOTAL,EUR,SE,2005,105849180.0745,
ESTAT:FISH_LD_MAIN(1.0),28/02/23 23:00:00,A,TOTAL,F00,TOTAL,TOTAL,EUR,SE,2006,116750656.7243,
ESTAT:FISH_LD_MAIN(1.0),28/02/23 23:00:00,A,TOTAL,F00,TOTAL,TOTAL,EUR,SE,2007,121514068.6185,
ESTAT:FISH_LD_MAIN(1.0),28/02/23 23:00:00,A,TOTAL,F00,TOTAL,TOTAL,EUR,SE,2008,104527230.9577,
ESTAT:FISH_LD_MAIN(1.0),28/02/23 23:00:00,A,TOTAL,F00,TOTAL,TOTAL,EUR,SE,2009,90111880.0108,
ESTAT:FISH_LD_MAIN(1.0),28/02/23 23:00:00,A,TOTAL,F00,TOTAL,TOTAL,EUR,SE,2010,106883050.7842,
ESTAT:FISH_LD_MAIN(1.0),28/02/23 23:00:00,A,TOTAL,F00,TOTAL,TOTAL,EUR,SE,2011,117394081.8596,
ESTAT:FISH_LD_MAIN(1.0),28/02/23 23:00:00,A,TOTAL,F00,TOTAL,TOTAL,EUR,SE,2012,94906859.7056,
ESTAT:FISH_LD_MAIN(1.0),28/02/23 23:00:00,A,TOTAL,F00,TOTAL,TOTAL,EUR,SE,2013,98222757.5846,
ESTAT:FISH_LD_MAIN(1.0),28/02/23 23:00:00,A,TOTAL,F00,TOTAL,TOTAL,EUR,SE,2014,76357868.4432,
ESTAT:FISH_LD_MAIN(1.0),28/02/23 23:00:00,A,TOTAL,F00,TOTAL,TOTAL,EUR,SE,2015,88435774.8851,
ESTAT:FISH_LD_MAIN(1.0),28/02/23 23:00:00,A,TOTAL,F00,TOTAL,TOTAL,EUR,SE,2016,83755013.4937,
ESTAT:FISH_LD_MAIN(1.0),28/02/23 23:00:00,A,TOTAL,F00,TOTAL,TOTAL,EUR,SE,2017,49910199.8136,
ESTAT:FISH_LD_MAIN(1.0),28/02/23 23:00:00,A,TOTAL,F00,TOTAL,TOTAL,EUR,SE,2018,60841598.7832,
ESTAT:FISH_LD_MAIN(1.0),28/02/23 23:00:00,A,TOTAL,F00,TOTAL,TOTAL,EUR,SE,2019,52154624.1993,
ESTAT:FISH_LD_MAIN(1.0),28/02/23 23:00:00,A,TOTAL,F00,TOTAL,TOTAL,EUR,SE,2020,51716037.3119,
ESTAT:FISH_LD_MAIN(1.0),28/02/23 23:00:00,A,TOTAL,F00,TOTAL,TOTAL,EUR,SE,2021,42978967.6934,
ESTAT:FISH_LD_MAIN(1.0),28/02/23 23:00:00,A,TOTAL,F00,TOTAL,TOTAL,EUR,SI,2003,810033.9872,
ESTAT:FISH_LD_MAIN(1.0),28/02/23 23:00:00,A,TOTAL,F00,TOTAL,TOTAL,EUR,SI,2004,701552.573,
ESTAT:FISH_LD_MAIN(1.0),28/02/23 23:00:00,A,TOTAL,F00,TOTAL,TOTAL,EUR,SI,2005,1123309.4425,
ESTAT:FISH_LD_MAIN(1.0),28/02/23 23:00:00,A,TOTAL,F00,TOTAL,TOTAL,EUR,SI,2006,1473138.4,
ESTAT:FISH_LD_MAIN(1.0),28/02/23 23:00:00,A,TOTAL,F00,TOTAL,TOTAL,EUR,SI,2007,1852848.1,
ESTAT:FISH_LD_MAIN(1.0),28/02/23 23:00:00,A,TOTAL,F00,TOTAL,TOTAL,EUR,SI,2008,1421588.9,
ESTAT:FISH_LD_MAIN(1.0),28/02/23 23:00:00,A,TOTAL,F00,TOTAL,TOTAL,EUR,SI,2009,1688230.6,
ESTAT:FISH_LD_MAIN(1.0),28/02/23 23:00:00,A,TOTAL,F00,TOTAL,TOTAL,EUR,SI,2010,1997074.9,
ESTAT:FISH_LD_MAIN(1.0),28/02/23 23:00:00,A,TOTAL,F00,TOTAL,TOTAL,EUR,SI,2011,2049889.7,
ESTAT:FISH_LD_MAIN(1.0),28/02/23 23:00:00,A,TOTAL,F00,TOTAL,TOTAL,EUR,SI,2012,1465650.9,
ESTAT:FISH_LD_MAIN(1.0),28/02/23 23:00:00,A,TOTAL,F00,TOTAL,TOTAL,EUR,SI,2013,1230360.7,
ESTAT:FISH_LD_MAIN(1.0),28/02/23 23:00:00,A,TOTAL,F00,TOTAL,TOTAL,EUR,SI,2014,1281351.2,
ESTAT:FISH_LD_MAIN(1.0),28/02/23 23:00:00,A,TOTAL,F00,TOTAL,TOTAL,EUR,SI,2015,1272073.1,
ESTAT:FISH_LD_MAIN(1.0),28/02/23 23:00:00,A,TOTAL,F00,TOTAL,TOTAL,EUR,SI,2016,1084398.0807,
ESTAT:FISH_LD_MAIN(1.0),28/02/23 23:00:00,A,TOTAL,F00,TOTAL,TOTAL,EUR,SI,2017,888564.6,
ESTAT:FISH_LD_MAIN(1.0),28/02/23 23:00:00,A,TOTAL,F00,TOTAL,TOTAL,EUR,SI,2018,863758.1,
ESTAT:FISH_LD_MAIN(1.0),28/02/23 23:00:00,A,TOTAL,F00,TOTAL,TOTAL,EUR,SI,2019,878035.2786,
ESTAT:FISH_LD_MAIN(1.0),28/02/23 23:00:00,A,TOTAL,F00,TOTAL,TOTAL,EUR,SI,2020,1221685.2111,
ESTAT:FISH_LD_MAIN(1.0),28/02/23 23:00:00,A,TOTAL,F00,TOTAL,TOTAL,EUR,SI,2021,888989.4202,
ESTAT:FISH_LD_MAIN(1.0),28/02/23 23:00:00,A,TOTAL,F00,TOTAL,TOTAL,EUR,TR,2016,364282003.718,
ESTAT:FISH_LD_MAIN(1.0),28/02/23 23:00:00,A,TOTAL,F00,TOTAL,TOTAL,EUR,TR,2017,340396778.1373,
ESTAT:FISH_LD_MAIN(1.0),28/02/23 23:00:00,A,TOTAL,F00,TOTAL,TOTAL,EUR,TR,2018,300972004.7167,
ESTAT:FISH_LD_MAIN(1.0),28/02/23 23:00:00,A,TOTAL,F00,TOTAL,TOTAL,EUR,TR,2019,346148332.8682,
ESTAT:FISH_LD_MAIN(1.0),28/02/23 23:00:00,A,TOTAL,F00,TOTAL,TOTAL,EUR,TR,2020,330097350.1431,
ESTAT:FISH_LD_MAIN(1.0),28/02/23 23:00:00,A,TOTAL,F00,TOTAL,TOTAL,EUR,TR,2021,319755104.4381,
ESTAT:FISH_LD_MAIN(1.0),28/02/23 23:00:00,A,TOTAL,F00,TOTAL,TOTAL,EUR,UK,2002,768580025.1468,
ESTAT:FISH_LD_MAIN(1.0),28/02/23 23:00:00,A,TOTAL,F00,TOTAL,TOTAL,EUR,UK,2003,659608421.7208,
ESTAT:FISH_LD_MAIN(1.0),28/02/23 23:00:00,A,TOTAL,F00,TOTAL,TOTAL,EUR,UK,2004,641759992.8084,
ESTAT:FISH_LD_MAIN(1.0),28/02/23 23:00:00,A,TOTAL,F00,TOTAL,TOTAL,EUR,UK,2005,410054376.5376,
ESTAT:FISH_LD_MAIN(1.0),28/02/23 23:00:00,A,TOTAL,F00,TOTAL,TOTAL,EUR,UK,2006,674947228.1457,
ESTAT:FISH_LD_MAIN(1.0),28/02/23 23:00:00,A,TOTAL,F00,TOTAL,TOTAL,EUR,UK,2007,874027117.167,
ESTAT:FISH_LD_MAIN(1.0),28/02/23 23:00:00,A,TOTAL,F00,TOTAL,TOTAL,EUR,UK,2008,740051281.0604,
ESTAT:FISH_LD_MAIN(1.0),28/02/23 23:00:00,A,TOTAL,F00,TOTAL,TOTAL,EUR,UK,2009,659792606.972,
ESTAT:FISH_LD_MAIN(1.0),28/02/23 23:00:00,A,TOTAL,F00,TOTAL,TOTAL,EUR,UK,2010,741745034.9433,
ESTAT:FISH_LD_MAIN(1.0),28/02/23 23:00:00,A,TOTAL,F00,TOTAL,TOTAL,EUR,UK,2011,820523936.0316,
ESTAT:FISH_LD_MAIN(1.0),28/02/23 23:00:00,A,TOTAL,F00,TOTAL,TOTAL,EUR,UK,2012,820128260.1878,
ESTAT:FISH_LD_MAIN(1.0),28/02/23 23:00:00,A,TOTAL,F00,TOTAL,TOTAL,EUR,UK,2013,725968854.4627,
ESTAT:FISH_LD_MAIN(1.0),28/02/23 23:00:00,A,TOTAL,F00,TOTAL,TOTAL,EUR,UK,2014,839119460.7849,
ESTAT:FISH_LD_MAIN(1.0),28/02/23 23:00:00,A,TOTAL,F00,TOTAL,TOTAL,EUR,UK,2015,847959220.6474,
ESTAT:FISH_LD_MAIN(1.0),28/02/23 23:00:00,A,TOTAL,F00,TOTAL,TOTAL,EUR,UK,2016,935287320.9087,
ESTAT:FISH_LD_MAIN(1.0),28/02/23 23:00:00,A,TOTAL,F00,TOTAL,TOTAL,EUR,UK,2017,874965642.3515,
ESTAT:FISH_LD_MAIN(1.0),28/02/23 23:00:00,A,TOTAL,F00,TOTAL,TOTAL,EUR,UK,2018,897682485.0102,
ESTAT:FISH_LD_MAIN(1.0),28/02/23 23:00:00,A,TOTAL,F00,TOTAL,TOTAL,EUR,UK,2019,948136546.0469,
