DATAFLOW,LAST UPDATE,freq,c_resid,terrtypo,nace_r2,unit,geo,TIME_PERIOD,OBS_VALUE,OBS_FLAG
ESTAT:TOUR_OCC_NIN2DC(1.0),31/07/23 23:00:00,A,TOTAL,CST_A,I551-I553,NR,AL,2020,1091836,
ESTAT:TOUR_OCC_NIN2DC(1.0),31/07/23 23:00:00,A,TOTAL,CST_A,I551-I553,NR,AT,2012,0,
ESTAT:TOUR_OCC_NIN2DC(1.0),31/07/23 23:00:00,A,TOTAL,CST_A,I551-I553,NR,AT,2013,0,
ESTAT:TOUR_OCC_NIN2DC(1.0),31/07/23 23:00:00,A,TOTAL,CST_A,I551-I553,NR,AT,2014,0,
ESTAT:TOUR_OCC_NIN2DC(1.0),31/07/23 23:00:00,A,TOTAL,CST_A,I551-I553,NR,AT,2015,0,
ESTAT:TOUR_OCC_NIN2DC(1.0),31/07/23 23:00:00,A,TOTAL,CST_A,I551-I553,NR,AT,2016,0,
ESTAT:TOUR_OCC_NIN2DC(1.0),31/07/23 23:00:00,A,TOTAL,CST_A,I551-I553,NR,AT,2017,0,
ESTAT:TOUR_OCC_NIN2DC(1.0),31/07/23 23:00:00,A,TOTAL,CST_A,I551-I553,NR,AT,2018,0,
ESTAT:TOUR_OCC_NIN2DC(1.0),31/07/23 23:00:00,A,TOTAL,CST_A,I551-I553,NR,AT,2019,0,
ESTAT:TOUR_OCC_NIN2DC(1.0),31/07/23 23:00:00,A,TOTAL,CST_A,I551-I553,NR,AT,2020,0,
ESTAT:TOUR_OCC_NIN2DC(1.0),31/07/23 23:00:00,A,TOTAL,CST_A,I551-I553,NR,AT,2021,0,
ESTAT:TOUR_OCC_NIN2DC(1.0),31/07/23 23:00:00,A,TOTAL,CST_A,I551-I553,NR,AT,2022,0,
ESTAT:TOUR_OCC_NIN2DC(1.0),31/07/23 23:00:00,A,TOTAL,CST_A,I551-I553,NR,BE,2012,6607348,
ESTAT:TOUR_OCC_NIN2DC(1.0),31/07/23 23:00:00,A,TOTAL,CST_A,I551-I553,NR,BE,2013,6612208,
ESTAT:TOUR_OCC_NIN2DC(1.0),31/07/23 23:00:00,A,TOTAL,CST_A,I551-I553,NR,BE,2014,6957317,
ESTAT:TOUR_OCC_NIN2DC(1.0),31/07/23 23:00:00,A,TOTAL,CST_A,I551-I553,NR,BE,2015,8454289,
ESTAT:TOUR_OCC_NIN2DC(1.0),31/07/23 23:00:00,A,TOTAL,CST_A,I551-I553,NR,BE,2016,8373621,
ESTAT:TOUR_OCC_NIN2DC(1.0),31/07/23 23:00:00,A,TOTAL,CST_A,I551-I553,NR,BE,2017,8142814,
ESTAT:TOUR_OCC_NIN2DC(1.0),31/07/23 23:00:00,A,TOTAL,CST_A,I551-I553,NR,BE,2018,8251783,
ESTAT:TOUR_OCC_NIN2DC(1.0),31/07/23 23:00:00,A,TOTAL,CST_A,I551-I553,NR,BE,2019,8131800,
ESTAT:TOUR_OCC_NIN2DC(1.0),31/07/23 23:00:00,A,TOTAL,CST_A,I551-I553,NR,BE,2020,5335996,
ESTAT:TOUR_OCC_NIN2DC(1.0),31/07/23 23:00:00,A,TOTAL,CST_A,I551-I553,NR,BE,2021,8172595,
ESTAT:TOUR_OCC_NIN2DC(1.0),31/07/23 23:00:00,A,TOTAL,CST_A,I551-I553,NR,BE,2022,8506119,
ESTAT:TOUR_OCC_NIN2DC(1.0),31/07/23 23:00:00,A,TOTAL,CST_A,I551-I553,NR,BG,2012,13792828,
ESTAT:TOUR_OCC_NIN2DC(1.0),31/07/23 23:00:00,A,TOTAL,CST_A,I551-I553,NR,BG,2013,14706418,
ESTAT:TOUR_OCC_NIN2DC(1.0),31/07/23 23:00:00,A,TOTAL,CST_A,I551-I553,NR,BG,2014,14214770,
ESTAT:TOUR_OCC_NIN2DC(1.0),31/07/23 23:00:00,A,TOTAL,CST_A,I551-I553,NR,BG,2015,13660772,
ESTAT:TOUR_OCC_NIN2DC(1.0),31/07/23 23:00:00,A,TOTAL,CST_A,I551-I553,NR,BG,2016,16638478,
ESTAT:TOUR_OCC_NIN2DC(1.0),31/07/23 23:00:00,A,TOTAL,CST_A,I551-I553,NR,BG,2017,17136282,
ESTAT:TOUR_OCC_NIN2DC(1.0),31/07/23 23:00:00,A,TOTAL,CST_A,I551-I553,NR,BG,2018,17672414,
ESTAT:TOUR_OCC_NIN2DC(1.0),31/07/23 23:00:00,A,TOTAL,CST_A,I551-I553,NR,BG,2019,17697977,
ESTAT:TOUR_OCC_NIN2DC(1.0),31/07/23 23:00:00,A,TOTAL,CST_A,I551-I553,NR,BG,2020,6294974,
ESTAT:TOUR_OCC_NIN2DC(1.0),31/07/23 23:00:00,A,TOTAL,CST_A,I551-I553,NR,BG,2021,10745190,
ESTAT:TOUR_OCC_NIN2DC(1.0),31/07/23 23:00:00,A,TOTAL,CST_A,I551-I553,NR,BG,2022,14309503,
ESTAT:TOUR_OCC_NIN2DC(1.0),31/07/23 23:00:00,A,TOTAL,CST_A,I551-I553,NR,CH,2016,0,
ESTAT:TOUR_OCC_NIN2DC(1.0),31/07/23 23:00:00,A,TOTAL,CST_A,I551-I553,NR,CH,2017,0,
ESTAT:TOUR_OCC_NIN2DC(1.0),31/07/23 23:00:00,A,TOTAL,CST_A,I551-I553,NR,CH,2018,0,
ESTAT:TOUR_OCC_NIN2DC(1.0),31/07/23 23:00:00,A,TOTAL,CST_A,I551-I553,NR,CH,2019,0,
ESTAT:TOUR_OCC_NIN2DC(1.0),31/07/23 23:00:00,A,TOTAL,CST_A,I551-I553,NR,CY,2012,14576573,
ESTAT:TOUR_OCC_NIN2DC(1.0),31/07/23 23:00:00,A,TOTAL,CST_A,I551-I553,NR,CY,2013,14048528,
ESTAT:TOUR_OCC_NIN2DC(1.0),31/07/23 23:00:00,A,TOTAL,CST_A,I551-I553,NR,CY,2014,13715342,
ESTAT:TOUR_OCC_NIN2DC(1.0),31/07/23 23:00:00,A,TOTAL,CST_A,I551-I553,NR,CY,2015,12922422,
ESTAT:TOUR_OCC_NIN2DC(1.0),31/07/23 23:00:00,A,TOTAL,CST_A,I551-I553,NR,CY,2016,14863029,
ESTAT:TOUR_OCC_NIN2DC(1.0),31/07/23 23:00:00,A,TOTAL,CST_A,I551-I553,NR,CY,2017,16262242,
ESTAT:TOUR_OCC_NIN2DC(1.0),31/07/23 23:00:00,A,TOTAL,CST_A,I551-I553,NR,CY,2018,16632121,
ESTAT:TOUR_OCC_NIN2DC(1.0),31/07/23 23:00:00,A,TOTAL,CST_A,I551-I553,NR,CY,2019,17008099,
ESTAT:TOUR_OCC_NIN2DC(1.0),31/07/23 23:00:00,A,TOTAL,CST_A,I551-I553,NR,CY,2020,3425406,
ESTAT:TOUR_OCC_NIN2DC(1.0),31/07/23 23:00:00,A,TOTAL,CST_A,I551-I553,NR,CY,2021,9347922,
ESTAT:TOUR_OCC_NIN2DC(1.0),31/07/23 23:00:00,A,TOTAL,CST_A,I551-I553,NR,CY,2022,13770590,
ESTAT:TOUR_OCC_NIN2DC(1.0),31/07/23 23:00:00,A,TOTAL,CST_A,I551-I553,NR,CZ,2012,0,
ESTAT:TOUR_OCC_NIN2DC(1.0),31/07/23 23:00:00,A,TOTAL,CST_A,I551-I553,NR,CZ,2013,0,
ESTAT:TOUR_OCC_NIN2DC(1.0),31/07/23 23:00:00,A,TOTAL,CST_A,I551-I553,NR,CZ,2014,0,
ESTAT:TOUR_OCC_NIN2DC(1.0),31/07/23 23:00:00,A,TOTAL,CST_A,I551-I553,NR,CZ,2015,0,
ESTAT:TOUR_OCC_NIN2DC(1.0),31/07/23 23:00:00,A,TOTAL,CST_A,I551-I553,NR,CZ,2016,0,
ESTAT:TOUR_OCC_NIN2DC(1.0),31/07/23 23:00:00,A,TOTAL,CST_A,I551-I553,NR,CZ,2017,0,
ESTAT:TOUR_OCC_NIN2DC(1.0),31/07/23 23:00:00,A,TOTAL,CST_A,I551-I553,NR,CZ,2018,0,
ESTAT:TOUR_OCC_NIN2DC(1.0),31/07/23 23:00:00,A,TOTAL,CST_A,I551-I553,NR,CZ,2019,0,
ESTAT:TOUR_OCC_NIN2DC(1.0),31/07/23 23:00:00,A,TOTAL,CST_A,I551-I553,NR,CZ,2020,0,
ESTAT:TOUR_OCC_NIN2DC(1.0),31/07/23 23:00:00,A,TOTAL,CST_A,I551-I553,NR,CZ,2021,0,
ESTAT:TOUR_OCC_NIN2DC(1.0),31/07/23 23:00:00,A,TOTAL,CST_A,I551-I553,NR,CZ,2022,0,
ESTAT:TOUR_OCC_NIN2DC(1.0),31/07/23 23:00:00,A,TOTAL,CST_A,I551-I553,NR,DE,2012,60749736,
ESTAT:TOUR_OCC_NIN2DC(1.0),31/07/23 23:00:00,A,TOTAL,CST_A,I551-I553,NR,DE,2013,61978647,
ESTAT:TOUR_OCC_NIN2DC(1.0),31/07/23 23:00:00,A,TOTAL,CST_A,I551-I553,NR,DE,2014,64408483,
ESTAT:TOUR_OCC_NIN2DC(1.0),31/07/23 23:00:00,A,TOTAL,CST_A,I551-I553,NR,DE,2015,66960061,
ESTAT:TOUR_OCC_NIN2DC(1.0),31/07/23 23:00:00,A,TOTAL,CST_A,I551-I553,NR,DE,2016,70180206,
ESTAT:TOUR_OCC_NIN2DC(1.0),31/07/23 23:00:00,A,TOTAL,CST_A,I551-I553,NR,DE,2017,71958743,
ESTAT:TOUR_OCC_NIN2DC(1.0),31/07/23 23:00:00,A,TOTAL,CST_A,I551-I553,NR,DE,2018,78474358,
ESTAT:TOUR_OCC_NIN2DC(1.0),31/07/23 23:00:00,A,TOTAL,CST_A,I551-I553,NR,DE,2019,84300368,
ESTAT:TOUR_OCC_NIN2DC(1.0),31/07/23 23:00:00,A,TOTAL,CST_A,I551-I553,NR,DE,2020,60227948,
ESTAT:TOUR_OCC_NIN2DC(1.0),31/07/23 23:00:00,A,TOTAL,CST_A,I551-I553,NR,DE,2021,62667889,
ESTAT:TOUR_OCC_NIN2DC(1.0),31/07/23 23:00:00,A,TOTAL,CST_A,I551-I553,NR,DE,2022,80399034,
ESTAT:TOUR_OCC_NIN2DC(1.0),31/07/23 23:00:00,A,TOTAL,CST_A,I551-I553,NR,DK,2012,25463303,
ESTAT:TOUR_OCC_NIN2DC(1.0),31/07/23 23:00:00,A,TOTAL,CST_A,I551-I553,NR,DK,2013,25903745,
ESTAT:TOUR_OCC_NIN2DC(1.0),31/07/23 23:00:00,A,TOTAL,CST_A,I551-I553,NR,DK,2014,27027381,
ESTAT:TOUR_OCC_NIN2DC(1.0),31/07/23 23:00:00,A,TOTAL,CST_A,I551-I553,NR,DK,2015,28076340,
ESTAT:TOUR_OCC_NIN2DC(1.0),31/07/23 23:00:00,A,TOTAL,CST_A,I551-I553,NR,DK,2016,29085410,
ESTAT:TOUR_OCC_NIN2DC(1.0),31/07/23 23:00:00,A,TOTAL,CST_A,I551-I553,NR,DK,2017,29266628,
ESTAT:TOUR_OCC_NIN2DC(1.0),31/07/23 23:00:00,A,TOTAL,CST_A,I551-I553,NR,DK,2018,30396126,
ESTAT:TOUR_OCC_NIN2DC(1.0),31/07/23 23:00:00,A,TOTAL,CST_A,I551-I553,NR,DK,2019,31339817,
ESTAT:TOUR_OCC_NIN2DC(1.0),31/07/23 23:00:00,A,TOTAL,CST_A,I551-I553,NR,DK,2020,21771215,
ESTAT:TOUR_OCC_NIN2DC(1.0),31/07/23 23:00:00,A,TOTAL,CST_A,I551-I553,NR,DK,2021,26308296,
ESTAT:TOUR_OCC_NIN2DC(1.0),31/07/23 23:00:00,A,TOTAL,CST_A,I551-I553,NR,EE,2012,4396921,
ESTAT:TOUR_OCC_NIN2DC(1.0),31/07/23 23:00:00,A,TOTAL,CST_A,I551-I553,NR,EE,2013,4512256,
ESTAT:TOUR_OCC_NIN2DC(1.0),31/07/23 23:00:00,A,TOTAL,CST_A,I551-I553,NR,EE,2014,4584215,
ESTAT:TOUR_OCC_NIN2DC(1.0),31/07/23 23:00:00,A,TOTAL,CST_A,I551-I553,NR,EE,2015,4555031,
ESTAT:TOUR_OCC_NIN2DC(1.0),31/07/23 23:00:00,A,TOTAL,CST_A,I551-I553,NR,EE,2016,4894564,
ESTAT:TOUR_OCC_NIN2DC(1.0),31/07/23 23:00:00,A,TOTAL,CST_A,I551-I553,NR,EE,2017,5053369,
ESTAT:TOUR_OCC_NIN2DC(1.0),31/07/23 23:00:00,A,TOTAL,CST_A,I551-I553,NR,EE,2018,5146135,
ESTAT:TOUR_OCC_NIN2DC(1.0),31/07/23 23:00:00,A,TOTAL,CST_A,I551-I553,NR,EE,2019,5407505,
ESTAT:TOUR_OCC_NIN2DC(1.0),31/07/23 23:00:00,A,TOTAL,CST_A,I551-I553,NR,EE,2020,2590184,
ESTAT:TOUR_OCC_NIN2DC(1.0),31/07/23 23:00:00,A,TOTAL,CST_A,I551-I553,NR,EE,2021,2781841,
ESTAT:TOUR_OCC_NIN2DC(1.0),31/07/23 23:00:00,A,TOTAL,CST_A,I551-I553,NR,EE,2022,4478925,
ESTAT:TOUR_OCC_NIN2DC(1.0),31/07/23 23:00:00,A,TOTAL,CST_A,I551-I553,NR,EL,2012,76599740,
ESTAT:TOUR_OCC_NIN2DC(1.0),31/07/23 23:00:00,A,TOTAL,CST_A,I551-I553,NR,EL,2013,85040610,
ESTAT:TOUR_OCC_NIN2DC(1.0),31/07/23 23:00:00,A,TOTAL,CST_A,I551-I553,NR,EL,2014,96052779,
ESTAT:TOUR_OCC_NIN2DC(1.0),31/07/23 23:00:00,A,TOTAL,CST_A,I551-I553,NR,EL,2015,101455892,
ESTAT:TOUR_OCC_NIN2DC(1.0),31/07/23 23:00:00,A,TOTAL,CST_A,I551-I553,NR,EL,2016,105362454,
ESTAT:TOUR_OCC_NIN2DC(1.0),31/07/23 23:00:00,A,TOTAL,CST_A,I551-I553,NR,EL,2017,113779052,
ESTAT:TOUR_OCC_NIN2DC(1.0),31/07/23 23:00:00,A,TOTAL,CST_A,I551-I553,NR,EL,2018,136934459,
ESTAT:TOUR_OCC_NIN2DC(1.0),31/07/23 23:00:00,A,TOTAL,CST_A,I551-I553,NR,EL,2019,137483702,
ESTAT:TOUR_OCC_NIN2DC(1.0),31/07/23 23:00:00,A,TOTAL,CST_A,I551-I553,NR,EL,2020,36379160,
ESTAT:TOUR_OCC_NIN2DC(1.0),31/07/23 23:00:00,A,TOTAL,CST_A,I551-I553,NR,EL,2021,71083676,
ESTAT:TOUR_OCC_NIN2DC(1.0),31/07/23 23:00:00,A,TOTAL,CST_A,I551-I553,NR,EL,2022,127323005,
ESTAT:TOUR_OCC_NIN2DC(1.0),31/07/23 23:00:00,A,TOTAL,CST_A,I551-I553,NR,ES,2012,303005138,
ESTAT:TOUR_OCC_NIN2DC(1.0),31/07/23 23:00:00,A,TOTAL,CST_A,I551-I553,NR,ES,2013,310029676,
ESTAT:TOUR_OCC_NIN2DC(1.0),31/07/23 23:00:00,A,TOTAL,CST_A,I551-I553,NR,ES,2014,317915758,
ESTAT:TOUR_OCC_NIN2DC(1.0),31/07/23 23:00:00,A,TOTAL,CST_A,I551-I553,NR,ES,2015,328697929,
ESTAT:TOUR_OCC_NIN2DC(1.0),31/07/23 23:00:00,A,TOTAL,CST_A,I551-I553,NR,ES,2016,354247335,
ESTAT:TOUR_OCC_NIN2DC(1.0),31/07/23 23:00:00,A,TOTAL,CST_A,I551-I553,NR,ES,2017,365084742,
ESTAT:TOUR_OCC_NIN2DC(1.0),31/07/23 23:00:00,A,TOTAL,CST_A,I551-I553,NR,ES,2018,358344177,
ESTAT:TOUR_OCC_NIN2DC(1.0),31/07/23 23:00:00,A,TOTAL,CST_A,I551-I553,NR,ES,2019,356247921,
ESTAT:TOUR_OCC_NIN2DC(1.0),31/07/23 23:00:00,A,TOTAL,CST_A,I551-I553,NR,ES,2020,98763855,
ESTAT:TOUR_OCC_NIN2DC(1.0),31/07/23 23:00:00,A,TOTAL,CST_A,I551-I553,NR,ES,2021,185370019,
ESTAT:TOUR_OCC_NIN2DC(1.0),31/07/23 23:00:00,A,TOTAL,CST_A,I551-I553,NR,ES,2022,339254985,
ESTAT:TOUR_OCC_NIN2DC(1.0),31/07/23 23:00:00,A,TOTAL,CST_A,I551-I553,NR,FI,2012,7788601,
ESTAT:TOUR_OCC_NIN2DC(1.0),31/07/23 23:00:00,A,TOTAL,CST_A,I551-I553,NR,FI,2013,7613322,
ESTAT:TOUR_OCC_NIN2DC(1.0),31/07/23 23:00:00,A,TOTAL,CST_A,I551-I553,NR,FI,2014,7608413,
ESTAT:TOUR_OCC_NIN2DC(1.0),31/07/23 23:00:00,A,TOTAL,CST_A,I551-I553,NR,FI,2015,7784103,
ESTAT:TOUR_OCC_NIN2DC(1.0),31/07/23 23:00:00,A,TOTAL,CST_A,I551-I553,NR,FI,2016,7813239,
ESTAT:TOUR_OCC_NIN2DC(1.0),31/07/23 23:00:00,A,TOTAL,CST_A,I551-I553,NR,FI,2017,8747752,
ESTAT:TOUR_OCC_NIN2DC(1.0),31/07/23 23:00:00,A,TOTAL,CST_A,I551-I553,NR,FI,2018,8751880,
ESTAT:TOUR_OCC_NIN2DC(1.0),31/07/23 23:00:00,A,TOTAL,CST_A,I551-I553,NR,FI,2019,9158833,
ESTAT:TOUR_OCC_NIN2DC(1.0),31/07/23 23:00:00,A,TOTAL,CST_A,I551-I553,NR,FI,2020,4823197,
ESTAT:TOUR_OCC_NIN2DC(1.0),31/07/23 23:00:00,A,TOTAL,CST_A,I551-I553,NR,FI,2021,6102740,
ESTAT:TOUR_OCC_NIN2DC(1.0),31/07/23 23:00:00,A,TOTAL,CST_A,I551-I553,NR,FI,2022,8495450,
ESTAT:TOUR_OCC_NIN2DC(1.0),31/07/23 23:00:00,A,TOTAL,CST_A,I551-I553,NR,FR,2012,131765215,
ESTAT:TOUR_OCC_NIN2DC(1.0),31/07/23 23:00:00,A,TOTAL,CST_A,I551-I553,NR,FR,2013,139076596,
ESTAT:TOUR_OCC_NIN2DC(1.0),31/07/23 23:00:00,A,TOTAL,CST_A,I551-I553,NR,FR,2014,137106376,
ESTAT:TOUR_OCC_NIN2DC(1.0),31/07/23 23:00:00,A,TOTAL,CST_A,I551-I553,NR,FR,2015,141504608,
ESTAT:TOUR_OCC_NIN2DC(1.0),31/07/23 23:00:00,A,TOTAL,CST_A,I551-I553,NR,FR,2016,138120111,
ESTAT:TOUR_OCC_NIN2DC(1.0),31/07/23 23:00:00,A,TOTAL,CST_A,I551-I553,NR,FR,2017,149143107,
ESTAT:TOUR_OCC_NIN2DC(1.0),31/07/23 23:00:00,A,TOTAL,CST_A,I551-I553,NR,FR,2018,150915190,
ESTAT:TOUR_OCC_NIN2DC(1.0),31/07/23 23:00:00,A,TOTAL,CST_A,I551-I553,NR,FR,2019,153527498,
ESTAT:TOUR_OCC_NIN2DC(1.0),31/07/23 23:00:00,A,TOTAL,CST_A,I551-I553,NR,FR,2020,99531691,
ESTAT:TOUR_OCC_NIN2DC(1.0),31/07/23 23:00:00,A,TOTAL,CST_A,I551-I553,NR,FR,2021,127500420,
ESTAT:TOUR_OCC_NIN2DC(1.0),31/07/23 23:00:00,A,TOTAL,CST_A,I551-I553,NR,FR,2022,160688277,
ESTAT:TOUR_OCC_NIN2DC(1.0),31/07/23 23:00:00,A,TOTAL,CST_A,I551-I553,NR,HR,2012,59097785,
ESTAT:TOUR_OCC_NIN2DC(1.0),31/07/23 23:00:00,A,TOTAL,CST_A,I551-I553,NR,HR,2013,60935578,
ESTAT:TOUR_OCC_NIN2DC(1.0),31/07/23 23:00:00,A,TOTAL,CST_A,I551-I553,NR,HR,2014,62319476,
ESTAT:TOUR_OCC_NIN2DC(1.0),31/07/23 23:00:00,A,TOTAL,CST_A,I551-I553,NR,HR,2015,66898819,
ESTAT:TOUR_OCC_NIN2DC(1.0),31/07/23 23:00:00,A,TOTAL,CST_A,I551-I553,NR,HR,2016,72628179,
ESTAT:TOUR_OCC_NIN2DC(1.0),31/07/23 23:00:00,A,TOTAL,CST_A,I551-I553,NR,HR,2017,80238418,
ESTAT:TOUR_OCC_NIN2DC(1.0),31/07/23 23:00:00,A,TOTAL,CST_A,I551-I553,NR,HR,2018,83106159,
ESTAT:TOUR_OCC_NIN2DC(1.0),31/07/23 23:00:00,A,TOTAL,CST_A,I551-I553,NR,HR,2019,84368567,
ESTAT:TOUR_OCC_NIN2DC(1.0),31/07/23 23:00:00,A,TOTAL,CST_A,I551-I553,NR,HR,2020,38133665,
ESTAT:TOUR_OCC_NIN2DC(1.0),31/07/23 23:00:00,A,TOTAL,CST_A,I551-I553,NR,HR,2021,65747983,
ESTAT:TOUR_OCC_NIN2DC(1.0),31/07/23 23:00:00,A,TOTAL,CST_A,I551-I553,NR,HR,2022,83710124,
ESTAT:TOUR_OCC_NIN2DC(1.0),31/07/23 23:00:00,A,TOTAL,CST_A,I551-I553,NR,HU,2012,0,
ESTAT:TOUR_OCC_NIN2DC(1.0),31/07/23 23:00:00,A,TOTAL,CST_A,I551-I553,NR,HU,2013,0,
ESTAT:TOUR_OCC_NIN2DC(1.0),31/07/23 23:00:00,A,TOTAL,CST_A,I551-I553,NR,HU,2014,0,
ESTAT:TOUR_OCC_NIN2DC(1.0),31/07/23 23:00:00,A,TOTAL,CST_A,I551-I553,NR,HU,2015,0,
ESTAT:TOUR_OCC_NIN2DC(1.0),31/07/23 23:00:00,A,TOTAL,CST_A,I551-I553,NR,HU,2016,0,
ESTAT:TOUR_OCC_NIN2DC(1.0),31/07/23 23:00:00,A,TOTAL,CST_A,I551-I553,NR,HU,2017,0,
ESTAT:TOUR_OCC_NIN2DC(1.0),31/07/23 23:00:00,A,TOTAL,CST_A,I551-I553,NR,HU,2018,0,
ESTAT:TOUR_OCC_NIN2DC(1.0),31/07/23 23:00:00,A,TOTAL,CST_A,I551-I553,NR,HU,2019,0,
ESTAT:TOUR_OCC_NIN2DC(1.0),31/07/23 23:00:00,A,TOTAL,CST_A,I551-I553,NR,HU,2020,0,
ESTAT:TOUR_OCC_NIN2DC(1.0),31/07/23 23:00:00,A,TOTAL,CST_A,I551-I553,NR,HU,2021,0,
ESTAT:TOUR_OCC_NIN2DC(1.0),31/07/23 23:00:00,A,TOTAL,CST_A,I551-I553,NR,IE,2013,17795360,
ESTAT:TOUR_OCC_NIN2DC(1.0),31/07/23 23:00:00,A,TOTAL,CST_A,I551-I553,NR,IE,2014,18607883,
ESTAT:TOUR_OCC_NIN2DC(1.0),31/07/23 23:00:00,A,TOTAL,CST_A,I551-I553,NR,IE,2015,18796654,
ESTAT:TOUR_OCC_NIN2DC(1.0),31/07/23 23:00:00,A,TOTAL,CST_A,I551-I553,NR,IE,2016,20204513,
ESTAT:TOUR_OCC_NIN2DC(1.0),31/07/23 23:00:00,A,TOTAL,CST_A,I551-I553,NR,IE,2018,21930020,
ESTAT:TOUR_OCC_NIN2DC(1.0),31/07/23 23:00:00,A,TOTAL,CST_A,I551-I553,NR,IE,2019,20133546,
ESTAT:TOUR_OCC_NIN2DC(1.0),31/07/23 23:00:00,A,TOTAL,CST_A,I551-I553,NR,IE,2020,9761495,
ESTAT:TOUR_OCC_NIN2DC(1.0),31/07/23 23:00:00,A,TOTAL,CST_A,I551-I553,NR,IE,2021,8760014,
ESTAT:TOUR_OCC_NIN2DC(1.0),31/07/23 23:00:00,A,TOTAL,CST_A,I551-I553,NR,IS,2012,3293567,
ESTAT:TOUR_OCC_NIN2DC(1.0),31/07/23 23:00:00,A,TOTAL,CST_A,I551-I553,NR,IS,2013,3781972,
ESTAT:TOUR_OCC_NIN2DC(1.0),31/07/23 23:00:00,A,TOTAL,CST_A,I551-I553,NR,IS,2014,4924818,
ESTAT:TOUR_OCC_NIN2DC(1.0),31/07/23 23:00:00,A,TOTAL,CST_A,I551-I553,NR,IS,2015,5841200,
ESTAT:TOUR_OCC_NIN2DC(1.0),31/07/23 23:00:00,A,TOTAL,CST_A,I551-I553,NR,IS,2016,6878699,
ESTAT:TOUR_OCC_NIN2DC(1.0),31/07/23 23:00:00,A,TOTAL,CST_A,I551-I553,NR,IS,2019,7314768,
ESTAT:TOUR_OCC_NIN2DC(1.0),31/07/23 23:00:00,A,TOTAL,CST_A,I551-I553,NR,IS,2020,2849639,
ESTAT:TOUR_OCC_NIN2DC(1.0),31/07/23 23:00:00,A,TOTAL,CST_A,I551-I553,NR,IS,2021,4320698,
ESTAT:TOUR_OCC_NIN2DC(1.0),31/07/23 23:00:00,A,TOTAL,CST_A,I551-I553,NR,IT,2012,206125047,
ESTAT:TOUR_OCC_NIN2DC(1.0),31/07/23 23:00:00,A,TOTAL,CST_A,I551-I553,NR,IT,2013,201933136,
ESTAT:TOUR_OCC_NIN2DC(1.0),31/07/23 23:00:00,A,TOTAL,CST_A,I551-I553,NR,IT,2014,202283796,
ESTAT:TOUR_OCC_NIN2DC(1.0),31/07/23 23:00:00,A,TOTAL,CST_A,I551-I553,NR,IT,2015,208689906,
ESTAT:TOUR_OCC_NIN2DC(1.0),31/07/23 23:00:00,A,TOTAL,CST_A,I551-I553,NR,IT,2016,212502896,
ESTAT:TOUR_OCC_NIN2DC(1.0),31/07/23 23:00:00,A,TOTAL,CST_A,I551-I553,NR,IT,2017,223449255,
ESTAT:TOUR_OCC_NIN2DC(1.0),31/07/23 23:00:00,A,TOTAL,CST_A,I551-I553,NR,IT,2018,227362286,
ESTAT:TOUR_OCC_NIN2DC(1.0),31/07/23 23:00:00,A,TOTAL,CST_A,I551-I553,NR,IT,2019,231515993,
ESTAT:TOUR_OCC_NIN2DC(1.0),31/07/23 23:00:00,A,TOTAL,CST_A,I551-I553,NR,IT,2020,109703509,
ESTAT:TOUR_OCC_NIN2DC(1.0),31/07/23 23:00:00,A,TOTAL,CST_A,I551-I553,NR,IT,2021,157753560,
ESTAT:TOUR_OCC_NIN2DC(1.0),31/07/23 23:00:00,A,TOTAL,CST_A,I551-I553,NR,IT,2022,219663563,
ESTAT:TOUR_OCC_NIN2DC(1.0),31/07/23 23:00:00,A,TOTAL,CST_A,I551-I553,NR,LI,2012,0,
ESTAT:TOUR_OCC_NIN2DC(1.0),31/07/23 23:00:00,A,TOTAL,CST_A,I551-I553,NR,LI,2013,0,
ESTAT:TOUR_OCC_NIN2DC(1.0),31/07/23 23:00:00,A,TOTAL,CST_A,I551-I553,NR,LI,2014,0,
ESTAT:TOUR_OCC_NIN2DC(1.0),31/07/23 23:00:00,A,TOTAL,CST_A,I551-I553,NR,LI,2015,0,
ESTAT:TOUR_OCC_NIN2DC(1.0),31/07/23 23:00:00,A,TOTAL,CST_A,I551-I553,NR,LI,2016,0,
ESTAT:TOUR_OCC_NIN2DC(1.0),31/07/23 23:00:00,A,TOTAL,CST_A,I551-I553,NR,LI,2017,0,
ESTAT:TOUR_OCC_NIN2DC(1.0),31/07/23 23:00:00,A,TOTAL,CST_A,I551-I553,NR,LI,2018,0,
ESTAT:TOUR_OCC_NIN2DC(1.0),31/07/23 23:00:00,A,TOTAL,CST_A,I551-I553,NR,LI,2019,0,
ESTAT:TOUR_OCC_NIN2DC(1.0),31/07/23 23:00:00,A,TOTAL,CST_A,I551-I553,NR,LI,2020,0,
ESTAT:TOUR_OCC_NIN2DC(1.0),31/07/23 23:00:00,A,TOTAL,CST_A,I551-I553,NR,LI,2021,0,
ESTAT:TOUR_OCC_NIN2DC(1.0),31/07/23 23:00:00,A,TOTAL,CST_A,I551-I553,NR,LT,2012,1387014,
ESTAT:TOUR_OCC_NIN2DC(1.0),31/07/23 23:00:00,A,TOTAL,CST_A,I551-I553,NR,LT,2013,1434082,
ESTAT:TOUR_OCC_NIN2DC(1.0),31/07/23 23:00:00,A,TOTAL,CST_A,I551-I553,NR,LT,2014,1537819,
ESTAT:TOUR_OCC_NIN2DC(1.0),31/07/23 23:00:00,A,TOTAL,CST_A,I551-I553,NR,LT,2015,1506578,
ESTAT:TOUR_OCC_NIN2DC(1.0),31/07/23 23:00:00,A,TOTAL,CST_A,I551-I553,NR,LT,2016,1646918,
ESTAT:TOUR_OCC_NIN2DC(1.0),31/07/23 23:00:00,A,TOTAL,CST_A,I551-I553,NR,LT,2017,1756276,
ESTAT:TOUR_OCC_NIN2DC(1.0),31/07/23 23:00:00,A,TOTAL,CST_A,I551-I553,NR,LT,2018,1963031,
ESTAT:TOUR_OCC_NIN2DC(1.0),31/07/23 23:00:00,A,TOTAL,CST_A,I551-I553,NR,LT,2019,2213713,
ESTAT:TOUR_OCC_NIN2DC(1.0),31/07/23 23:00:00,A,TOTAL,CST_A,I551-I553,NR,LT,2020,1625867,
ESTAT:TOUR_OCC_NIN2DC(1.0),31/07/23 23:00:00,A,TOTAL,CST_A,I551-I553,NR,LT,2021,1765510,
ESTAT:TOUR_OCC_NIN2DC(1.0),31/07/23 23:00:00,A,TOTAL,CST_A,I551-I553,NR,LT,2022,2181151,
ESTAT:TOUR_OCC_NIN2DC(1.0),31/07/23 23:00:00,A,TOTAL,CST_A,I551-I553,NR,LU,2012,0,
ESTAT:TOUR_OCC_NIN2DC(1.0),31/07/23 23:00:00,A,TOTAL,CST_A,I551-I553,NR,LU,2013,0,
ESTAT:TOUR_OCC_NIN2DC(1.0),31/07/23 23:00:00,A,TOTAL,CST_A,I551-I553,NR,LU,2014,0,
ESTAT:TOUR_OCC_NIN2DC(1.0),31/07/23 23:00:00,A,TOTAL,CST_A,I551-I553,NR,LU,2015,0,
ESTAT:TOUR_OCC_NIN2DC(1.0),31/07/23 23:00:00,A,TOTAL,CST_A,I551-I553,NR,LU,2016,0,
ESTAT:TOUR_OCC_NIN2DC(1.0),31/07/23 23:00:00,A,TOTAL,CST_A,I551-I553,NR,LU,2017,0,
ESTAT:TOUR_OCC_NIN2DC(1.0),31/07/23 23:00:00,A,TOTAL,CST_A,I551-I553,NR,LU,2018,0,
ESTAT:TOUR_OCC_NIN2DC(1.0),31/07/23 23:00:00,A,TOTAL,CST_A,I551-I553,NR,LU,2019,0,
ESTAT:TOUR_OCC_NIN2DC(1.0),31/07/23 23:00:00,A,TOTAL,CST_A,I551-I553,NR,LU,2020,0,
ESTAT:TOUR_OCC_NIN2DC(1.0),31/07/23 23:00:00,A,TOTAL,CST_A,I551-I553,NR,LU,2021,0,
ESTAT:TOUR_OCC_NIN2DC(1.0),31/07/23 23:00:00,A,TOTAL,CST_A,I551-I553,NR,LV,2012,2964743,
ESTAT:TOUR_OCC_NIN2DC(1.0),31/07/23 23:00:00,A,TOTAL,CST_A,I551-I553,NR,LV,2013,3158461,
ESTAT:TOUR_OCC_NIN2DC(1.0),31/07/23 23:00:00,A,TOTAL,CST_A,I551-I553,NR,LV,2014,3442824,
ESTAT:TOUR_OCC_NIN2DC(1.0),31/07/23 23:00:00,A,TOTAL,CST_A,I551-I553,NR,LV,2015,3445529,
ESTAT:TOUR_OCC_NIN2DC(1.0),31/07/23 23:00:00,A,TOTAL,CST_A,I551-I553,NR,LV,2016,3710001,
ESTAT:TOUR_OCC_NIN2DC(1.0),31/07/23 23:00:00,A,TOTAL,CST_A,I551-I553,NR,LV,2017,4064066,
ESTAT:TOUR_OCC_NIN2DC(1.0),31/07/23 23:00:00,A,TOTAL,CST_A,I551-I553,NR,LV,2018,4482682,
ESTAT:TOUR_OCC_NIN2DC(1.0),31/07/23 23:00:00,A,TOTAL,CST_A,I551-I553,NR,LV,2019,4571247,
ESTAT:TOUR_OCC_NIN2DC(1.0),31/07/23 23:00:00,A,TOTAL,CST_A,I551-I553,NR,LV,2020,2251122,
ESTAT:TOUR_OCC_NIN2DC(1.0),31/07/23 23:00:00,A,TOTAL,CST_A,I551-I553,NR,LV,2021,1728309,
ESTAT:TOUR_OCC_NIN2DC(1.0),31/07/23 23:00:00,A,TOTAL,CST_A,I551-I553,NR,LV,2022,2989632,
ESTAT:TOUR_OCC_NIN2DC(1.0),31/07/23 23:00:00,A,TOTAL,CST_A,I551-I553,NR,ME,2012,8858226,
ESTAT:TOUR_OCC_NIN2DC(1.0),31/07/23 23:00:00,A,TOTAL,CST_A,I551-I553,NR,ME,2015,10687914,
ESTAT:TOUR_OCC_NIN2DC(1.0),31/07/23 23:00:00,A,TOTAL,CST_A,I551-I553,NR,ME,2016,10827495,
ESTAT:TOUR_OCC_NIN2DC(1.0),31/07/23 23:00:00,A,TOTAL,CST_A,I551-I553,NR,MK,2014,0,
ESTAT:TOUR_OCC_NIN2DC(1.0),31/07/23 23:00:00,A,TOTAL,CST_A,I551-I553,NR,MK,2015,0,
ESTAT:TOUR_OCC_NIN2DC(1.0),31/07/23 23:00:00,A,TOTAL,CST_A,I551-I553,NR,MK,2016,0,
ESTAT:TOUR_OCC_NIN2DC(1.0),31/07/23 23:00:00,A,TOTAL,CST_A,I551-I553,NR,MK,2017,0,
ESTAT:TOUR_OCC_NIN2DC(1.0),31/07/23 23:00:00,A,TOTAL,CST_A,I551-I553,NR,MK,2018,0,
ESTAT:TOUR_OCC_NIN2DC(1.0),31/07/23 23:00:00,A,TOTAL,CST_A,I551-I553,NR,MK,2019,0,
ESTAT:TOUR_OCC_NIN2DC(1.0),31/07/23 23:00:00,A,TOTAL,CST_A,I551-I553,NR,MK,2020,0,
ESTAT:TOUR_OCC_NIN2DC(1.0),31/07/23 23:00:00,A,TOTAL,CST_A,I551-I553,NR,MK,2021,0,
ESTAT:TOUR_OCC_NIN2DC(1.0),31/07/23 23:00:00,A,TOTAL,CST_A,I551-I553,NR,MK,2022,0,
ESTAT:TOUR_OCC_NIN2DC(1.0),31/07/23 23:00:00,A,TOTAL,CST_A,I551-I553,NR,MT,2012,7832229,
ESTAT:TOUR_OCC_NIN2DC(1.0),31/07/23 23:00:00,A,TOTAL,CST_A,I551-I553,NR,MT,2013,8501147,
ESTAT:TOUR_OCC_NIN2DC(1.0),31/07/23 23:00:00,A,TOTAL,CST_A,I551-I553,NR,MT,2014,8780948,
ESTAT:TOUR_OCC_NIN2DC(1.0),31/07/23 23:00:00,A,TOTAL,CST_A,I551-I553,NR,MT,2015,8915297,
ESTAT:TOUR_OCC_NIN2DC(1.0),31/07/23 23:00:00,A,TOTAL,CST_A,I551-I553,NR,MT,2016,8971191,
ESTAT:TOUR_OCC_NIN2DC(1.0),31/07/23 23:00:00,A,TOTAL,CST_A,I551-I553,NR,MT,2017,9580329,
ESTAT:TOUR_OCC_NIN2DC(1.0),31/07/23 23:00:00,A,TOTAL,CST_A,I551-I553,NR,MT,2018,10114196,
ESTAT:TOUR_OCC_NIN2DC(1.0),31/07/23 23:00:00,A,TOTAL,CST_A,I551-I553,NR,MT,2019,9911282,
ESTAT:TOUR_OCC_NIN2DC(1.0),31/07/23 23:00:00,A,TOTAL,CST_A,I551-I553,NR,MT,2020,2945184,
ESTAT:TOUR_OCC_NIN2DC(1.0),31/07/23 23:00:00,A,TOTAL,CST_A,I551-I553,NR,MT,2021,4612959,
ESTAT:TOUR_OCC_NIN2DC(1.0),31/07/23 23:00:00,A,TOTAL,CST_A,I551-I553,NR,MT,2022,8210424,
ESTAT:TOUR_OCC_NIN2DC(1.0),31/07/23 23:00:00,A,TOTAL,CST_A,I551-I553,NR,NL,2012,25435740,
ESTAT:TOUR_OCC_NIN2DC(1.0),31/07/23 23:00:00,A,TOTAL,CST_A,I551-I553,NR,NL,2013,28815391,
ESTAT:TOUR_OCC_NIN2DC(1.0),31/07/23 23:00:00,A,TOTAL,CST_A,I551-I553,NR,NL,2014,30747456,
ESTAT:TOUR_OCC_NIN2DC(1.0),31/07/23 23:00:00,A,TOTAL,CST_A,I551-I553,NR,NL,2015,31274370,
ESTAT:TOUR_OCC_NIN2DC(1.0),31/07/23 23:00:00,A,TOTAL,CST_A,I551-I553,NR,NL,2016,31540892,
ESTAT:TOUR_OCC_NIN2DC(1.0),31/07/23 23:00:00,A,TOTAL,CST_A,I551-I553,NR,NL,2017,32842683,
ESTAT:TOUR_OCC_NIN2DC(1.0),31/07/23 23:00:00,A,TOTAL,CST_A,I551-I553,NR,NL,2018,51295479,
ESTAT:TOUR_OCC_NIN2DC(1.0),31/07/23 23:00:00,A,TOTAL,CST_A,I551-I553,NR,NL,2019,53929007,
ESTAT:TOUR_OCC_NIN2DC(1.0),31/07/23 23:00:00,A,TOTAL,CST_A,I551-I553,NR,NL,2020,32310239,
ESTAT:TOUR_OCC_NIN2DC(1.0),31/07/23 23:00:00,A,TOTAL,CST_A,I551-I553,NR,NL,2021,37525320,
ESTAT:TOUR_OCC_NIN2DC(1.0),31/07/23 23:00:00,A,TOTAL,CST_A,I551-I553,NR,NL,2022,55259375,
ESTAT:TOUR_OCC_NIN2DC(1.0),31/07/23 23:00:00,A,TOTAL,CST_A,I551-I553,NR,NO,2012,21006995,
ESTAT:TOUR_OCC_NIN2DC(1.0),31/07/23 23:00:00,A,TOTAL,CST_A,I551-I553,NR,NO,2013,20756545,
ESTAT:TOUR_OCC_NIN2DC(1.0),31/07/23 23:00:00,A,TOTAL,CST_A,I551-I553,NR,NO,2014,21846471,
ESTAT:TOUR_OCC_NIN2DC(1.0),31/07/23 23:00:00,A,TOTAL,CST_A,I551-I553,NR,NO,2015,22439835,
ESTAT:TOUR_OCC_NIN2DC(1.0),31/07/23 23:00:00,A,TOTAL,CST_A,I551-I553,NR,NO,2016,23452484,
ESTAT:TOUR_OCC_NIN2DC(1.0),31/07/23 23:00:00,A,TOTAL,CST_A,I551-I553,NR,NO,2020,17007242,
ESTAT:TOUR_OCC_NIN2DC(1.0),31/07/23 23:00:00,A,TOTAL,CST_A,I551-I553,NR,NO,2021,19793509,
ESTAT:TOUR_OCC_NIN2DC(1.0),31/07/23 23:00:00,A,TOTAL,CST_A,I551-I553,NR,NO,2022,27081764,
ESTAT:TOUR_OCC_NIN2DC(1.0),31/07/23 23:00:00,A,TOTAL,CST_A,I551-I553,NR,PL,2012,15162627,
ESTAT:TOUR_OCC_NIN2DC(1.0),31/07/23 23:00:00,A,TOTAL,CST_A,I551-I553,NR,PL,2013,15547154,
ESTAT:TOUR_OCC_NIN2DC(1.0),31/07/23 23:00:00,A,TOTAL,CST_A,I551-I553,NR,PL,2014,16627532,
ESTAT:TOUR_OCC_NIN2DC(1.0),31/07/23 23:00:00,A,TOTAL,CST_A,I551-I553,NR,PL,2015,17591861,
ESTAT:TOUR_OCC_NIN2DC(1.0),31/07/23 23:00:00,A,TOTAL,CST_A,I551-I553,NR,PL,2016,19243970,
ESTAT:TOUR_OCC_NIN2DC(1.0),31/07/23 23:00:00,A,TOTAL,CST_A,I551-I553,NR,PL,2017,20321182,
ESTAT:TOUR_OCC_NIN2DC(1.0),31/07/23 23:00:00,A,TOTAL,CST_A,I551-I553,NR,PL,2018,21891485,
ESTAT:TOUR_OCC_NIN2DC(1.0),31/07/23 23:00:00,A,TOTAL,CST_A,I551-I553,NR,PL,2019,23146131,
ESTAT:TOUR_OCC_NIN2DC(1.0),31/07/23 23:00:00,A,TOTAL,CST_A,I551-I553,NR,PL,2020,14361356,
ESTAT:TOUR_OCC_NIN2DC(1.0),31/07/23 23:00:00,A,TOTAL,CST_A,I551-I553,NR,PL,2021,17305608,
ESTAT:TOUR_OCC_NIN2DC(1.0),31/07/23 23:00:00,A,TOTAL,CST_A,I551-I553,NR,PT,2012,40715559,
ESTAT:TOUR_OCC_NIN2DC(1.0),31/07/23 23:00:00,A,TOTAL,CST_A,I551-I553,NR,PT,2013,43274492,b
ESTAT:TOUR_OCC_NIN2DC(1.0),31/07/23 23:00:00,A,TOTAL,CST_A,I551-I553,NR,PT,2014,47833003,
ESTAT:TOUR_OCC_NIN2DC(1.0),31/07/23 23:00:00,A,TOTAL,CST_A,I551-I553,NR,PT,2015,51179857,
ESTAT:TOUR_OCC_NIN2DC(1.0),31/07/23 23:00:00,A,TOTAL,CST_A,I551-I553,NR,PT,2016,56592542,
ESTAT:TOUR_OCC_NIN2DC(1.0),31/07/23 23:00:00,A,TOTAL,CST_A,I551-I553,NR,PT,2017,61131459,
ESTAT:TOUR_OCC_NIN2DC(1.0),31/07/23 23:00:00,A,TOTAL,CST_A,I551-I553,NR,PT,2018,63096944,
ESTAT:TOUR_OCC_NIN2DC(1.0),31/07/23 23:00:00,A,TOTAL,CST_A,I551-I553,NR,PT,2019,65382198,
ESTAT:TOUR_OCC_NIN2DC(1.0),31/07/23 23:00:00,A,TOTAL,CST_A,I551-I553,NR,PT,2020,23760267,
ESTAT:TOUR_OCC_NIN2DC(1.0),31/07/23 23:00:00,A,TOTAL,CST_A,I551-I553,NR,PT,2021,34153843,
ESTAT:TOUR_OCC_NIN2DC(1.0),31/07/23 23:00:00,A,TOTAL,CST_A,I551-I553,NR,PT,2022,64444691,
ESTAT:TOUR_OCC_NIN2DC(1.0),31/07/23 23:00:00,A,TOTAL,CST_A,I551-I553,NR,RO,2012,3802075,
ESTAT:TOUR_OCC_NIN2DC(1.0),31/07/23 23:00:00,A,TOTAL,CST_A,I551-I553,NR,RO,2013,3448555,
ESTAT:TOUR_OCC_NIN2DC(1.0),31/07/23 23:00:00,A,TOTAL,CST_A,I551-I553,NR,RO,2014,3628793,
ESTAT:TOUR_OCC_NIN2DC(1.0),31/07/23 23:00:00,A,TOTAL,CST_A,I551-I553,NR,RO,2015,4202424,
ESTAT:TOUR_OCC_NIN2DC(1.0),31/07/23 23:00:00,A,TOTAL,CST_A,I551-I553,NR,RO,2016,4575044,
ESTAT:TOUR_OCC_NIN2DC(1.0),31/07/23 23:00:00,A,TOTAL,CST_A,I551-I553,NR,RO,2017,4776369,
ESTAT:TOUR_OCC_NIN2DC(1.0),31/07/23 23:00:00,A,TOTAL,CST_A,I551-I553,NR,RO,2018,5149257,
ESTAT:TOUR_OCC_NIN2DC(1.0),31/07/23 23:00:00,A,TOTAL,CST_A,I551-I553,NR,RO,2019,5336573,
ESTAT:TOUR_OCC_NIN2DC(1.0),31/07/23 23:00:00,A,TOTAL,CST_A,I551-I553,NR,RO,2020,3638456,
ESTAT:TOUR_OCC_NIN2DC(1.0),31/07/23 23:00:00,A,TOTAL,CST_A,I551-I553,NR,RO,2021,4637887,
ESTAT:TOUR_OCC_NIN2DC(1.0),31/07/23 23:00:00,A,TOTAL,CST_A,I551-I553,NR,RS,2014,0,
ESTAT:TOUR_OCC_NIN2DC(1.0),31/07/23 23:00:00,A,TOTAL,CST_A,I551-I553,NR,RS,2015,0,
ESTAT:TOUR_OCC_NIN2DC(1.0),31/07/23 23:00:00,A,TOTAL,CST_A,I551-I553,NR,RS,2016,0,
ESTAT:TOUR_OCC_NIN2DC(1.0),31/07/23 23:00:00,A,TOTAL,CST_A,I551-I553,NR,RS,2020,0,
ESTAT:TOUR_OCC_NIN2DC(1.0),31/07/23 23:00:00,A,TOTAL,CST_A,I551-I553,NR,RS,2021,0,
ESTAT:TOUR_OCC_NIN2DC(1.0),31/07/23 23:00:00,A,TOTAL,CST_A,I551-I553,NR,SE,2012,29827512,
ESTAT:TOUR_OCC_NIN2DC(1.0),31/07/23 23:00:00,A,TOTAL,CST_A,I551-I553,NR,SE,2013,30446593,
ESTAT:TOUR_OCC_NIN2DC(1.0),31/07/23 23:00:00,A,TOTAL,CST_A,I551-I553,NR,SE,2014,32224945,
ESTAT:TOUR_OCC_NIN2DC(1.0),31/07/23 23:00:00,A,TOTAL,CST_A,I551-I553,NR,SE,2015,34599665,
ESTAT:TOUR_OCC_NIN2DC(1.0),31/07/23 23:00:00,A,TOTAL,CST_A,I551-I553,NR,SE,2016,35829300,
ESTAT:TOUR_OCC_NIN2DC(1.0),31/07/23 23:00:00,A,TOTAL,CST_A,I551-I553,NR,SE,2017,36533570,
ESTAT:TOUR_OCC_NIN2DC(1.0),31/07/23 23:00:00,A,TOTAL,CST_A,I551-I553,NR,SE,2018,37679776,
ESTAT:TOUR_OCC_NIN2DC(1.0),31/07/23 23:00:00,A,TOTAL,CST_A,I551-I553,NR,SE,2019,39474678,
ESTAT:TOUR_OCC_NIN2DC(1.0),31/07/23 23:00:00,A,TOTAL,CST_A,I551-I553,NR,SE,2020,23874874,
ESTAT:TOUR_OCC_NIN2DC(1.0),31/07/23 23:00:00,A,TOTAL,CST_A,I551-I553,NR,SE,2021,30583588,
ESTAT:TOUR_OCC_NIN2DC(1.0),31/07/23 23:00:00,A,TOTAL,CST_A,I551-I553,NR,SI,2012,2005876,
ESTAT:TOUR_OCC_NIN2DC(1.0),31/07/23 23:00:00,A,TOTAL,CST_A,I551-I553,NR,SI,2013,1984287,
ESTAT:TOUR_OCC_NIN2DC(1.0),31/07/23 23:00:00,A,TOTAL,CST_A,I551-I553,NR,SI,2014,2015371,
ESTAT:TOUR_OCC_NIN2DC(1.0),31/07/23 23:00:00,A,TOTAL,CST_A,I551-I553,NR,SI,2015,2117074,
ESTAT:TOUR_OCC_NIN2DC(1.0),31/07/23 23:00:00,A,TOTAL,CST_A,I551-I553,NR,SI,2016,2232678,
ESTAT:TOUR_OCC_NIN2DC(1.0),31/07/23 23:00:00,A,TOTAL,CST_A,I551-I553,NR,SI,2017,2465701,
ESTAT:TOUR_OCC_NIN2DC(1.0),31/07/23 23:00:00,A,TOTAL,CST_A,I551-I553,NR,SI,2019,2999427,
ESTAT:TOUR_OCC_NIN2DC(1.0),31/07/23 23:00:00,A,TOTAL,CST_A,I551-I553,NR,SI,2020,2204448,
ESTAT:TOUR_OCC_NIN2DC(1.0),31/07/23 23:00:00,A,TOTAL,CST_A,I551-I553,NR,SI,2021,2650913,
ESTAT:TOUR_OCC_NIN2DC(1.0),31/07/23 23:00:00,A,TOTAL,CST_A,I551-I553,NR,SI,2022,3058493,
ESTAT:TOUR_OCC_NIN2DC(1.0),31/07/23 23:00:00,A,TOTAL,CST_A,I551-I553,NR,SK,2012,0,
ESTAT:TOUR_OCC_NIN2DC(1.0),31/07/23 23:00:00,A,TOTAL,CST_A,I551-I553,NR,SK,2013,0,
ESTAT:TOUR_OCC_NIN2DC(1.0),31/07/23 23:00:00,A,TOTAL,CST_A,I551-I553,NR,SK,2014,0,
ESTAT:TOUR_OCC_NIN2DC(1.0),31/07/23 23:00:00,A,TOTAL,CST_A,I551-I553,NR,SK,2015,0,
ESTAT:TOUR_OCC_NIN2DC(1.0),31/07/23 23:00:00,A,TOTAL,CST_A,I551-I553,NR,SK,2016,0,
ESTAT:TOUR_OCC_NIN2DC(1.0),31/07/23 23:00:00,A,TOTAL,CST_A,I551-I553,NR,SK,2017,0,
ESTAT:TOUR_OCC_NIN2DC(1.0),31/07/23 23:00:00,A,TOTAL,CST_A,I551-I553,NR,SK,2018,0,
ESTAT:TOUR_OCC_NIN2DC(1.0),31/07/23 23:00:00,A,TOTAL,CST_A,I551-I553,NR,SK,2019,0,
ESTAT:TOUR_OCC_NIN2DC(1.0),31/07/23 23:00:00,A,TOTAL,CST_A,I551-I553,NR,SK,2020,0,
ESTAT:TOUR_OCC_NIN2DC(1.0),31/07/23 23:00:00,A,TOTAL,CST_A,I551-I553,NR,SK,2021,0,
ESTAT:TOUR_OCC_NIN2DC(1.0),31/07/23 23:00:00,A,TOTAL,CST_A,I551-I553,NR,UK,2012,140302228,
ESTAT:TOUR_OCC_NIN2DC(1.0),31/07/23 23:00:00,A,TOTAL,CST_A,I551-I553,NR,UK,2015,172903671,
ESTAT:TOUR_OCC_NIN2DC(1.0),31/07/23 23:00:00,A,TOTAL,CST_A,I551-I553,NR,UK,2016,179965092,
