DATAFLOW,LAST UPDATE,freq,indic_env,unit,geo,TIME_PERIOD,OBS_VALUE,OBS_FLAG
ESTAT:SDG_14_60(1.0),13/03/23 23:00:00,A,MA_ETR,KM2,AT,2000,,z
ESTAT:SDG_14_60(1.0),13/03/23 23:00:00,A,MA_ETR,KM2,AT,2001,,z
ESTAT:SDG_14_60(1.0),13/03/23 23:00:00,A,MA_ETR,KM2,AT,2002,,z
ESTAT:SDG_14_60(1.0),13/03/23 23:00:00,A,MA_ETR,KM2,AT,2003,,z
ESTAT:SDG_14_60(1.0),13/03/23 23:00:00,A,MA_ETR,KM2,AT,2004,,z
ESTAT:SDG_14_60(1.0),13/03/23 23:00:00,A,MA_ETR,KM2,AT,2005,,z
ESTAT:SDG_14_60(1.0),13/03/23 23:00:00,A,MA_ETR,KM2,AT,2006,,z
ESTAT:SDG_14_60(1.0),13/03/23 23:00:00,A,MA_ETR,KM2,AT,2007,,z
ESTAT:SDG_14_60(1.0),13/03/23 23:00:00,A,MA_ETR,KM2,AT,2008,,z
ESTAT:SDG_14_60(1.0),13/03/23 23:00:00,A,MA_ETR,KM2,AT,2009,,z
ESTAT:SDG_14_60(1.0),13/03/23 23:00:00,A,MA_ETR,KM2,AT,2010,,z
ESTAT:SDG_14_60(1.0),13/03/23 23:00:00,A,MA_ETR,KM2,AT,2011,,z
ESTAT:SDG_14_60(1.0),13/03/23 23:00:00,A,MA_ETR,KM2,AT,2012,,z
ESTAT:SDG_14_60(1.0),13/03/23 23:00:00,A,MA_ETR,KM2,AT,2013,,z
ESTAT:SDG_14_60(1.0),13/03/23 23:00:00,A,MA_ETR,KM2,AT,2014,,z
ESTAT:SDG_14_60(1.0),13/03/23 23:00:00,A,MA_ETR,KM2,AT,2015,,z
ESTAT:SDG_14_60(1.0),13/03/23 23:00:00,A,MA_ETR,KM2,AT,2016,,z
ESTAT:SDG_14_60(1.0),13/03/23 23:00:00,A,MA_ETR,KM2,AT,2017,,z
ESTAT:SDG_14_60(1.0),13/03/23 23:00:00,A,MA_ETR,KM2,AT,2018,,z
ESTAT:SDG_14_60(1.0),13/03/23 23:00:00,A,MA_ETR,KM2,AT,2019,,z
ESTAT:SDG_14_60(1.0),13/03/23 23:00:00,A,MA_ETR,KM2,AT,2020,,z
ESTAT:SDG_14_60(1.0),13/03/23 23:00:00,A,MA_ETR,KM2,AT,2021,,z
ESTAT:SDG_14_60(1.0),13/03/23 23:00:00,A,MA_ETR,KM2,AT,2022,,z
ESTAT:SDG_14_60(1.0),13/03/23 23:00:00,A,MA_ETR,KM2,BE,2000,0,
ESTAT:SDG_14_60(1.0),13/03/23 23:00:00,A,MA_ETR,KM2,BE,2001,550,
ESTAT:SDG_14_60(1.0),13/03/23 23:00:00,A,MA_ETR,KM2,BE,2002,818,
ESTAT:SDG_14_60(1.0),13/03/23 23:00:00,A,MA_ETR,KM2,BE,2003,0,
ESTAT:SDG_14_60(1.0),13/03/23 23:00:00,A,MA_ETR,KM2,BE,2004,0,
ESTAT:SDG_14_60(1.0),13/03/23 23:00:00,A,MA_ETR,KM2,BE,2005,0,
ESTAT:SDG_14_60(1.0),13/03/23 23:00:00,A,MA_ETR,KM2,BE,2006,0,
ESTAT:SDG_14_60(1.0),13/03/23 23:00:00,A,MA_ETR,KM2,BE,2007,0,
ESTAT:SDG_14_60(1.0),13/03/23 23:00:00,A,MA_ETR,KM2,BE,2008,0,
ESTAT:SDG_14_60(1.0),13/03/23 23:00:00,A,MA_ETR,KM2,BE,2009,0,
ESTAT:SDG_14_60(1.0),13/03/23 23:00:00,A,MA_ETR,KM2,BE,2010,3,
ESTAT:SDG_14_60(1.0),13/03/23 23:00:00,A,MA_ETR,KM2,BE,2011,0,
ESTAT:SDG_14_60(1.0),13/03/23 23:00:00,A,MA_ETR,KM2,BE,2012,0,
ESTAT:SDG_14_60(1.0),13/03/23 23:00:00,A,MA_ETR,KM2,BE,2013,0,
ESTAT:SDG_14_60(1.0),13/03/23 23:00:00,A,MA_ETR,KM2,BE,2014,0,
ESTAT:SDG_14_60(1.0),13/03/23 23:00:00,A,MA_ETR,KM2,BE,2015,0,
ESTAT:SDG_14_60(1.0),13/03/23 23:00:00,A,MA_ETR,KM2,BE,2016,0,
ESTAT:SDG_14_60(1.0),13/03/23 23:00:00,A,MA_ETR,KM2,BE,2017,0,
ESTAT:SDG_14_60(1.0),13/03/23 23:00:00,A,MA_ETR,KM2,BE,2018,0,
ESTAT:SDG_14_60(1.0),13/03/23 23:00:00,A,MA_ETR,KM2,BE,2019,0,
ESTAT:SDG_14_60(1.0),13/03/23 23:00:00,A,MA_ETR,KM2,BE,2020,0,
ESTAT:SDG_14_60(1.0),13/03/23 23:00:00,A,MA_ETR,KM2,BE,2021,0,
ESTAT:SDG_14_60(1.0),13/03/23 23:00:00,A,MA_ETR,KM2,BE,2022,0,
ESTAT:SDG_14_60(1.0),13/03/23 23:00:00,A,MA_ETR,KM2,BG,2000,24,
ESTAT:SDG_14_60(1.0),13/03/23 23:00:00,A,MA_ETR,KM2,BG,2001,8734,
ESTAT:SDG_14_60(1.0),13/03/23 23:00:00,A,MA_ETR,KM2,BG,2002,10,
ESTAT:SDG_14_60(1.0),13/03/23 23:00:00,A,MA_ETR,KM2,BG,2003,0,
ESTAT:SDG_14_60(1.0),13/03/23 23:00:00,A,MA_ETR,KM2,BG,2004,0,
ESTAT:SDG_14_60(1.0),13/03/23 23:00:00,A,MA_ETR,KM2,BG,2005,0,
ESTAT:SDG_14_60(1.0),13/03/23 23:00:00,A,MA_ETR,KM2,BG,2006,0,
ESTAT:SDG_14_60(1.0),13/03/23 23:00:00,A,MA_ETR,KM2,BG,2007,0,
ESTAT:SDG_14_60(1.0),13/03/23 23:00:00,A,MA_ETR,KM2,BG,2008,0,
ESTAT:SDG_14_60(1.0),13/03/23 23:00:00,A,MA_ETR,KM2,BG,2009,0,
ESTAT:SDG_14_60(1.0),13/03/23 23:00:00,A,MA_ETR,KM2,BG,2010,0,
ESTAT:SDG_14_60(1.0),13/03/23 23:00:00,A,MA_ETR,KM2,BG,2011,0,
ESTAT:SDG_14_60(1.0),13/03/23 23:00:00,A,MA_ETR,KM2,BG,2012,0,
ESTAT:SDG_14_60(1.0),13/03/23 23:00:00,A,MA_ETR,KM2,BG,2013,10,
ESTAT:SDG_14_60(1.0),13/03/23 23:00:00,A,MA_ETR,KM2,BG,2014,14,
ESTAT:SDG_14_60(1.0),13/03/23 23:00:00,A,MA_ETR,KM2,BG,2015,7,
ESTAT:SDG_14_60(1.0),13/03/23 23:00:00,A,MA_ETR,KM2,BG,2016,3,
ESTAT:SDG_14_60(1.0),13/03/23 23:00:00,A,MA_ETR,KM2,BG,2017,7,
ESTAT:SDG_14_60(1.0),13/03/23 23:00:00,A,MA_ETR,KM2,BG,2018,10,
ESTAT:SDG_14_60(1.0),13/03/23 23:00:00,A,MA_ETR,KM2,BG,2019,0,
ESTAT:SDG_14_60(1.0),13/03/23 23:00:00,A,MA_ETR,KM2,BG,2020,0,
ESTAT:SDG_14_60(1.0),13/03/23 23:00:00,A,MA_ETR,KM2,BG,2021,0,
ESTAT:SDG_14_60(1.0),13/03/23 23:00:00,A,MA_ETR,KM2,BG,2022,0,
ESTAT:SDG_14_60(1.0),13/03/23 23:00:00,A,MA_ETR,KM2,CY,2000,49,
ESTAT:SDG_14_60(1.0),13/03/23 23:00:00,A,MA_ETR,KM2,CY,2001,30,
ESTAT:SDG_14_60(1.0),13/03/23 23:00:00,A,MA_ETR,KM2,CY,2002,0,
ESTAT:SDG_14_60(1.0),13/03/23 23:00:00,A,MA_ETR,KM2,CY,2003,0,
ESTAT:SDG_14_60(1.0),13/03/23 23:00:00,A,MA_ETR,KM2,CY,2004,0,
ESTAT:SDG_14_60(1.0),13/03/23 23:00:00,A,MA_ETR,KM2,CY,2005,0,
ESTAT:SDG_14_60(1.0),13/03/23 23:00:00,A,MA_ETR,KM2,CY,2006,0,
ESTAT:SDG_14_60(1.0),13/03/23 23:00:00,A,MA_ETR,KM2,CY,2007,0,
ESTAT:SDG_14_60(1.0),13/03/23 23:00:00,A,MA_ETR,KM2,CY,2008,0,
ESTAT:SDG_14_60(1.0),13/03/23 23:00:00,A,MA_ETR,KM2,CY,2009,0,
ESTAT:SDG_14_60(1.0),13/03/23 23:00:00,A,MA_ETR,KM2,CY,2010,0,
ESTAT:SDG_14_60(1.0),13/03/23 23:00:00,A,MA_ETR,KM2,CY,2011,0,
ESTAT:SDG_14_60(1.0),13/03/23 23:00:00,A,MA_ETR,KM2,CY,2012,0,
ESTAT:SDG_14_60(1.0),13/03/23 23:00:00,A,MA_ETR,KM2,CY,2013,39,
ESTAT:SDG_14_60(1.0),13/03/23 23:00:00,A,MA_ETR,KM2,CY,2014,10,
ESTAT:SDG_14_60(1.0),13/03/23 23:00:00,A,MA_ETR,KM2,CY,2015,30,
ESTAT:SDG_14_60(1.0),13/03/23 23:00:00,A,MA_ETR,KM2,CY,2016,20,
ESTAT:SDG_14_60(1.0),13/03/23 23:00:00,A,MA_ETR,KM2,CY,2017,10,
ESTAT:SDG_14_60(1.0),13/03/23 23:00:00,A,MA_ETR,KM2,CY,2018,59,
ESTAT:SDG_14_60(1.0),13/03/23 23:00:00,A,MA_ETR,KM2,CY,2019,39,
ESTAT:SDG_14_60(1.0),13/03/23 23:00:00,A,MA_ETR,KM2,CY,2020,20,
ESTAT:SDG_14_60(1.0),13/03/23 23:00:00,A,MA_ETR,KM2,CY,2021,10,
ESTAT:SDG_14_60(1.0),13/03/23 23:00:00,A,MA_ETR,KM2,CY,2022,10,
ESTAT:SDG_14_60(1.0),13/03/23 23:00:00,A,MA_ETR,KM2,CZ,2000,,z
ESTAT:SDG_14_60(1.0),13/03/23 23:00:00,A,MA_ETR,KM2,CZ,2001,,z
ESTAT:SDG_14_60(1.0),13/03/23 23:00:00,A,MA_ETR,KM2,CZ,2002,,z
ESTAT:SDG_14_60(1.0),13/03/23 23:00:00,A,MA_ETR,KM2,CZ,2003,,z
ESTAT:SDG_14_60(1.0),13/03/23 23:00:00,A,MA_ETR,KM2,CZ,2004,,z
ESTAT:SDG_14_60(1.0),13/03/23 23:00:00,A,MA_ETR,KM2,CZ,2005,,z
ESTAT:SDG_14_60(1.0),13/03/23 23:00:00,A,MA_ETR,KM2,CZ,2006,,z
ESTAT:SDG_14_60(1.0),13/03/23 23:00:00,A,MA_ETR,KM2,CZ,2007,,z
ESTAT:SDG_14_60(1.0),13/03/23 23:00:00,A,MA_ETR,KM2,CZ,2008,,z
ESTAT:SDG_14_60(1.0),13/03/23 23:00:00,A,MA_ETR,KM2,CZ,2009,,z
ESTAT:SDG_14_60(1.0),13/03/23 23:00:00,A,MA_ETR,KM2,CZ,2010,,z
ESTAT:SDG_14_60(1.0),13/03/23 23:00:00,A,MA_ETR,KM2,CZ,2011,,z
ESTAT:SDG_14_60(1.0),13/03/23 23:00:00,A,MA_ETR,KM2,CZ,2012,,z
ESTAT:SDG_14_60(1.0),13/03/23 23:00:00,A,MA_ETR,KM2,CZ,2013,,z
ESTAT:SDG_14_60(1.0),13/03/23 23:00:00,A,MA_ETR,KM2,CZ,2014,,z
ESTAT:SDG_14_60(1.0),13/03/23 23:00:00,A,MA_ETR,KM2,CZ,2015,,z
ESTAT:SDG_14_60(1.0),13/03/23 23:00:00,A,MA_ETR,KM2,CZ,2016,,z
ESTAT:SDG_14_60(1.0),13/03/23 23:00:00,A,MA_ETR,KM2,CZ,2017,,z
ESTAT:SDG_14_60(1.0),13/03/23 23:00:00,A,MA_ETR,KM2,CZ,2018,,z
ESTAT:SDG_14_60(1.0),13/03/23 23:00:00,A,MA_ETR,KM2,CZ,2019,,z
ESTAT:SDG_14_60(1.0),13/03/23 23:00:00,A,MA_ETR,KM2,CZ,2020,,z
ESTAT:SDG_14_60(1.0),13/03/23 23:00:00,A,MA_ETR,KM2,CZ,2021,,z
ESTAT:SDG_14_60(1.0),13/03/23 23:00:00,A,MA_ETR,KM2,CZ,2022,,z
ESTAT:SDG_14_60(1.0),13/03/23 23:00:00,A,MA_ETR,KM2,DE,2000,1668,
ESTAT:SDG_14_60(1.0),13/03/23 23:00:00,A,MA_ETR,KM2,DE,2001,85,
ESTAT:SDG_14_60(1.0),13/03/23 23:00:00,A,MA_ETR,KM2,DE,2002,40,
ESTAT:SDG_14_60(1.0),13/03/23 23:00:00,A,MA_ETR,KM2,DE,2003,0,
ESTAT:SDG_14_60(1.0),13/03/23 23:00:00,A,MA_ETR,KM2,DE,2004,0,
ESTAT:SDG_14_60(1.0),13/03/23 23:00:00,A,MA_ETR,KM2,DE,2005,0,
ESTAT:SDG_14_60(1.0),13/03/23 23:00:00,A,MA_ETR,KM2,DE,2006,17,
ESTAT:SDG_14_60(1.0),13/03/23 23:00:00,A,MA_ETR,KM2,DE,2007,170,
ESTAT:SDG_14_60(1.0),13/03/23 23:00:00,A,MA_ETR,KM2,DE,2008,305,
ESTAT:SDG_14_60(1.0),13/03/23 23:00:00,A,MA_ETR,KM2,DE,2009,0,
ESTAT:SDG_14_60(1.0),13/03/23 23:00:00,A,MA_ETR,KM2,DE,2010,0,
ESTAT:SDG_14_60(1.0),13/03/23 23:00:00,A,MA_ETR,KM2,DE,2011,153,
ESTAT:SDG_14_60(1.0),13/03/23 23:00:00,A,MA_ETR,KM2,DE,2012,0,
ESTAT:SDG_14_60(1.0),13/03/23 23:00:00,A,MA_ETR,KM2,DE,2013,130,
ESTAT:SDG_14_60(1.0),13/03/23 23:00:00,A,MA_ETR,KM2,DE,2014,0,
ESTAT:SDG_14_60(1.0),13/03/23 23:00:00,A,MA_ETR,KM2,DE,2015,0,
ESTAT:SDG_14_60(1.0),13/03/23 23:00:00,A,MA_ETR,KM2,DE,2016,0,
ESTAT:SDG_14_60(1.0),13/03/23 23:00:00,A,MA_ETR,KM2,DE,2017,0,
ESTAT:SDG_14_60(1.0),13/03/23 23:00:00,A,MA_ETR,KM2,DE,2018,34,
ESTAT:SDG_14_60(1.0),13/03/23 23:00:00,A,MA_ETR,KM2,DE,2019,0,
ESTAT:SDG_14_60(1.0),13/03/23 23:00:00,A,MA_ETR,KM2,DE,2020,860,
ESTAT:SDG_14_60(1.0),13/03/23 23:00:00,A,MA_ETR,KM2,DE,2021,11,
ESTAT:SDG_14_60(1.0),13/03/23 23:00:00,A,MA_ETR,KM2,DE,2022,11,
ESTAT:SDG_14_60(1.0),13/03/23 23:00:00,A,MA_ETR,KM2,DK,2000,5689,
ESTAT:SDG_14_60(1.0),13/03/23 23:00:00,A,MA_ETR,KM2,DK,2001,179,
ESTAT:SDG_14_60(1.0),13/03/23 23:00:00,A,MA_ETR,KM2,DK,2002,1127,
ESTAT:SDG_14_60(1.0),13/03/23 23:00:00,A,MA_ETR,KM2,DK,2003,0,
ESTAT:SDG_14_60(1.0),13/03/23 23:00:00,A,MA_ETR,KM2,DK,2004,0,
ESTAT:SDG_14_60(1.0),13/03/23 23:00:00,A,MA_ETR,KM2,DK,2005,0,
ESTAT:SDG_14_60(1.0),13/03/23 23:00:00,A,MA_ETR,KM2,DK,2006,11,
ESTAT:SDG_14_60(1.0),13/03/23 23:00:00,A,MA_ETR,KM2,DK,2007,4762,
ESTAT:SDG_14_60(1.0),13/03/23 23:00:00,A,MA_ETR,KM2,DK,2008,1939,
ESTAT:SDG_14_60(1.0),13/03/23 23:00:00,A,MA_ETR,KM2,DK,2009,53,
ESTAT:SDG_14_60(1.0),13/03/23 23:00:00,A,MA_ETR,KM2,DK,2010,0,
ESTAT:SDG_14_60(1.0),13/03/23 23:00:00,A,MA_ETR,KM2,DK,2011,8882,
ESTAT:SDG_14_60(1.0),13/03/23 23:00:00,A,MA_ETR,KM2,DK,2012,0,
ESTAT:SDG_14_60(1.0),13/03/23 23:00:00,A,MA_ETR,KM2,DK,2013,179,
ESTAT:SDG_14_60(1.0),13/03/23 23:00:00,A,MA_ETR,KM2,DK,2014,0,
ESTAT:SDG_14_60(1.0),13/03/23 23:00:00,A,MA_ETR,KM2,DK,2015,748,
ESTAT:SDG_14_60(1.0),13/03/23 23:00:00,A,MA_ETR,KM2,DK,2016,21,
ESTAT:SDG_14_60(1.0),13/03/23 23:00:00,A,MA_ETR,KM2,DK,2017,11,
ESTAT:SDG_14_60(1.0),13/03/23 23:00:00,A,MA_ETR,KM2,DK,2018,21,
ESTAT:SDG_14_60(1.0),13/03/23 23:00:00,A,MA_ETR,KM2,DK,2019,0,
ESTAT:SDG_14_60(1.0),13/03/23 23:00:00,A,MA_ETR,KM2,DK,2020,32,
ESTAT:SDG_14_60(1.0),13/03/23 23:00:00,A,MA_ETR,KM2,DK,2021,780,
ESTAT:SDG_14_60(1.0),13/03/23 23:00:00,A,MA_ETR,KM2,DK,2022,2571,
ESTAT:SDG_14_60(1.0),13/03/23 23:00:00,A,MA_ETR,KM2,EE,2000,18,
ESTAT:SDG_14_60(1.0),13/03/23 23:00:00,A,MA_ETR,KM2,EE,2001,51,
ESTAT:SDG_14_60(1.0),13/03/23 23:00:00,A,MA_ETR,KM2,EE,2002,0,
ESTAT:SDG_14_60(1.0),13/03/23 23:00:00,A,MA_ETR,KM2,EE,2003,0,
ESTAT:SDG_14_60(1.0),13/03/23 23:00:00,A,MA_ETR,KM2,EE,2004,0,
ESTAT:SDG_14_60(1.0),13/03/23 23:00:00,A,MA_ETR,KM2,EE,2005,0,
ESTAT:SDG_14_60(1.0),13/03/23 23:00:00,A,MA_ETR,KM2,EE,2006,0,
ESTAT:SDG_14_60(1.0),13/03/23 23:00:00,A,MA_ETR,KM2,EE,2007,0,
ESTAT:SDG_14_60(1.0),13/03/23 23:00:00,A,MA_ETR,KM2,EE,2008,0,
ESTAT:SDG_14_60(1.0),13/03/23 23:00:00,A,MA_ETR,KM2,EE,2009,0,
ESTAT:SDG_14_60(1.0),13/03/23 23:00:00,A,MA_ETR,KM2,EE,2010,26,
ESTAT:SDG_14_60(1.0),13/03/23 23:00:00,A,MA_ETR,KM2,EE,2011,11,
ESTAT:SDG_14_60(1.0),13/03/23 23:00:00,A,MA_ETR,KM2,EE,2012,99,
ESTAT:SDG_14_60(1.0),13/03/23 23:00:00,A,MA_ETR,KM2,EE,2013,201,
ESTAT:SDG_14_60(1.0),13/03/23 23:00:00,A,MA_ETR,KM2,EE,2014,58,
ESTAT:SDG_14_60(1.0),13/03/23 23:00:00,A,MA_ETR,KM2,EE,2015,106,
ESTAT:SDG_14_60(1.0),13/03/23 23:00:00,A,MA_ETR,KM2,EE,2016,66,
ESTAT:SDG_14_60(1.0),13/03/23 23:00:00,A,MA_ETR,KM2,EE,2017,110,
ESTAT:SDG_14_60(1.0),13/03/23 23:00:00,A,MA_ETR,KM2,EE,2018,412,
ESTAT:SDG_14_60(1.0),13/03/23 23:00:00,A,MA_ETR,KM2,EE,2019,120,
ESTAT:SDG_14_60(1.0),13/03/23 23:00:00,A,MA_ETR,KM2,EE,2020,106,
ESTAT:SDG_14_60(1.0),13/03/23 23:00:00,A,MA_ETR,KM2,EE,2021,15,
ESTAT:SDG_14_60(1.0),13/03/23 23:00:00,A,MA_ETR,KM2,EE,2022,0,
ESTAT:SDG_14_60(1.0),13/03/23 23:00:00,A,MA_ETR,KM2,EL,2000,435,
ESTAT:SDG_14_60(1.0),13/03/23 23:00:00,A,MA_ETR,KM2,EL,2001,435,
ESTAT:SDG_14_60(1.0),13/03/23 23:00:00,A,MA_ETR,KM2,EL,2002,48,
ESTAT:SDG_14_60(1.0),13/03/23 23:00:00,A,MA_ETR,KM2,EL,2003,48,
ESTAT:SDG_14_60(1.0),13/03/23 23:00:00,A,MA_ETR,KM2,EL,2004,0,
ESTAT:SDG_14_60(1.0),13/03/23 23:00:00,A,MA_ETR,KM2,EL,2005,0,
ESTAT:SDG_14_60(1.0),13/03/23 23:00:00,A,MA_ETR,KM2,EL,2006,0,
ESTAT:SDG_14_60(1.0),13/03/23 23:00:00,A,MA_ETR,KM2,EL,2007,0,
ESTAT:SDG_14_60(1.0),13/03/23 23:00:00,A,MA_ETR,KM2,EL,2008,0,
ESTAT:SDG_14_60(1.0),13/03/23 23:00:00,A,MA_ETR,KM2,EL,2009,0,
ESTAT:SDG_14_60(1.0),13/03/23 23:00:00,A,MA_ETR,KM2,EL,2010,0,
ESTAT:SDG_14_60(1.0),13/03/23 23:00:00,A,MA_ETR,KM2,EL,2011,48,
ESTAT:SDG_14_60(1.0),13/03/23 23:00:00,A,MA_ETR,KM2,EL,2012,48,
ESTAT:SDG_14_60(1.0),13/03/23 23:00:00,A,MA_ETR,KM2,EL,2013,483,
ESTAT:SDG_14_60(1.0),13/03/23 23:00:00,A,MA_ETR,KM2,EL,2014,532,
ESTAT:SDG_14_60(1.0),13/03/23 23:00:00,A,MA_ETR,KM2,EL,2015,1063,
ESTAT:SDG_14_60(1.0),13/03/23 23:00:00,A,MA_ETR,KM2,EL,2016,580,
ESTAT:SDG_14_60(1.0),13/03/23 23:00:00,A,MA_ETR,KM2,EL,2017,483,
ESTAT:SDG_14_60(1.0),13/03/23 23:00:00,A,MA_ETR,KM2,EL,2018,1063,
ESTAT:SDG_14_60(1.0),13/03/23 23:00:00,A,MA_ETR,KM2,EL,2019,967,
ESTAT:SDG_14_60(1.0),13/03/23 23:00:00,A,MA_ETR,KM2,EL,2020,435,
ESTAT:SDG_14_60(1.0),13/03/23 23:00:00,A,MA_ETR,KM2,EL,2021,13532,
ESTAT:SDG_14_60(1.0),13/03/23 23:00:00,A,MA_ETR,KM2,EL,2022,97,
ESTAT:SDG_14_60(1.0),13/03/23 23:00:00,A,MA_ETR,KM2,ES,2000,3635,
ESTAT:SDG_14_60(1.0),13/03/23 23:00:00,A,MA_ETR,KM2,ES,2001,3534,
ESTAT:SDG_14_60(1.0),13/03/23 23:00:00,A,MA_ETR,KM2,ES,2002,2726,
ESTAT:SDG_14_60(1.0),13/03/23 23:00:00,A,MA_ETR,KM2,ES,2003,0,
ESTAT:SDG_14_60(1.0),13/03/23 23:00:00,A,MA_ETR,KM2,ES,2004,101,
ESTAT:SDG_14_60(1.0),13/03/23 23:00:00,A,MA_ETR,KM2,ES,2005,2423,
ESTAT:SDG_14_60(1.0),13/03/23 23:00:00,A,MA_ETR,KM2,ES,2006,303,
ESTAT:SDG_14_60(1.0),13/03/23 23:00:00,A,MA_ETR,KM2,ES,2007,25342,
ESTAT:SDG_14_60(1.0),13/03/23 23:00:00,A,MA_ETR,KM2,ES,2008,505,
ESTAT:SDG_14_60(1.0),13/03/23 23:00:00,A,MA_ETR,KM2,ES,2009,101,
ESTAT:SDG_14_60(1.0),13/03/23 23:00:00,A,MA_ETR,KM2,ES,2010,7875,
ESTAT:SDG_14_60(1.0),13/03/23 23:00:00,A,MA_ETR,KM2,ES,2011,0,
ESTAT:SDG_14_60(1.0),13/03/23 23:00:00,A,MA_ETR,KM2,ES,2012,1716,
ESTAT:SDG_14_60(1.0),13/03/23 23:00:00,A,MA_ETR,KM2,ES,2013,909,
ESTAT:SDG_14_60(1.0),13/03/23 23:00:00,A,MA_ETR,KM2,ES,2014,303,
ESTAT:SDG_14_60(1.0),13/03/23 23:00:00,A,MA_ETR,KM2,ES,2015,16256,
ESTAT:SDG_14_60(1.0),13/03/23 23:00:00,A,MA_ETR,KM2,ES,2016,1817,
ESTAT:SDG_14_60(1.0),13/03/23 23:00:00,A,MA_ETR,KM2,ES,2017,0,
ESTAT:SDG_14_60(1.0),13/03/23 23:00:00,A,MA_ETR,KM2,ES,2018,27362,
ESTAT:SDG_14_60(1.0),13/03/23 23:00:00,A,MA_ETR,KM2,ES,2019,5856,
ESTAT:SDG_14_60(1.0),13/03/23 23:00:00,A,MA_ETR,KM2,ES,2020,4140,
ESTAT:SDG_14_60(1.0),13/03/23 23:00:00,A,MA_ETR,KM2,ES,2021,9188,
ESTAT:SDG_14_60(1.0),13/03/23 23:00:00,A,MA_ETR,KM2,ES,2022,6058,
ESTAT:SDG_14_60(1.0),13/03/23 23:00:00,A,MA_ETR,KM2,EU_V,2000,21225,
ESTAT:SDG_14_60(1.0),13/03/23 23:00:00,A,MA_ETR,KM2,EU_V,2001,75836,
ESTAT:SDG_14_60(1.0),13/03/23 23:00:00,A,MA_ETR,KM2,EU_V,2002,179039,
ESTAT:SDG_14_60(1.0),13/03/23 23:00:00,A,MA_ETR,KM2,EU_V,2003,20531,
ESTAT:SDG_14_60(1.0),13/03/23 23:00:00,A,MA_ETR,KM2,EU_V,2004,1042,
ESTAT:SDG_14_60(1.0),13/03/23 23:00:00,A,MA_ETR,KM2,EU_V,2005,12341,
ESTAT:SDG_14_60(1.0),13/03/23 23:00:00,A,MA_ETR,KM2,EU_V,2006,527,
ESTAT:SDG_14_60(1.0),13/03/23 23:00:00,A,MA_ETR,KM2,EU_V,2007,45550,
ESTAT:SDG_14_60(1.0),13/03/23 23:00:00,A,MA_ETR,KM2,EU_V,2008,42036,
ESTAT:SDG_14_60(1.0),13/03/23 23:00:00,A,MA_ETR,KM2,EU_V,2009,3559,
ESTAT:SDG_14_60(1.0),13/03/23 23:00:00,A,MA_ETR,KM2,EU_V,2010,11370,
ESTAT:SDG_14_60(1.0),13/03/23 23:00:00,A,MA_ETR,KM2,EU_V,2011,11637,
ESTAT:SDG_14_60(1.0),13/03/23 23:00:00,A,MA_ETR,KM2,EU_V,2012,11228,
ESTAT:SDG_14_60(1.0),13/03/23 23:00:00,A,MA_ETR,KM2,EU_V,2013,5284,
ESTAT:SDG_14_60(1.0),13/03/23 23:00:00,A,MA_ETR,KM2,EU_V,2014,4457,
ESTAT:SDG_14_60(1.0),13/03/23 23:00:00,A,MA_ETR,KM2,EU_V,2015,29031,
ESTAT:SDG_14_60(1.0),13/03/23 23:00:00,A,MA_ETR,KM2,EU_V,2016,8680,
ESTAT:SDG_14_60(1.0),13/03/23 23:00:00,A,MA_ETR,KM2,EU_V,2017,2933,
ESTAT:SDG_14_60(1.0),13/03/23 23:00:00,A,MA_ETR,KM2,EU_V,2018,45891,
ESTAT:SDG_14_60(1.0),13/03/23 23:00:00,A,MA_ETR,KM2,EU_V,2019,13567,
ESTAT:SDG_14_60(1.0),13/03/23 23:00:00,A,MA_ETR,KM2,EU_V,2020,10907,
ESTAT:SDG_14_60(1.0),13/03/23 23:00:00,A,MA_ETR,KM2,EU_V,2021,30600,
ESTAT:SDG_14_60(1.0),13/03/23 23:00:00,A,MA_ETR,KM2,EU_V,2022,54920,
ESTAT:SDG_14_60(1.0),13/03/23 23:00:00,A,MA_ETR,KM2,FI,2000,1300,
ESTAT:SDG_14_60(1.0),13/03/23 23:00:00,A,MA_ETR,KM2,FI,2001,3249,
ESTAT:SDG_14_60(1.0),13/03/23 23:00:00,A,MA_ETR,KM2,FI,2002,16,
ESTAT:SDG_14_60(1.0),13/03/23 23:00:00,A,MA_ETR,KM2,FI,2003,8,
ESTAT:SDG_14_60(1.0),13/03/23 23:00:00,A,MA_ETR,KM2,FI,2004,0,
ESTAT:SDG_14_60(1.0),13/03/23 23:00:00,A,MA_ETR,KM2,FI,2005,8,
ESTAT:SDG_14_60(1.0),13/03/23 23:00:00,A,MA_ETR,KM2,FI,2006,8,
ESTAT:SDG_14_60(1.0),13/03/23 23:00:00,A,MA_ETR,KM2,FI,2007,0,
ESTAT:SDG_14_60(1.0),13/03/23 23:00:00,A,MA_ETR,KM2,FI,2008,0,
ESTAT:SDG_14_60(1.0),13/03/23 23:00:00,A,MA_ETR,KM2,FI,2009,0,
ESTAT:SDG_14_60(1.0),13/03/23 23:00:00,A,MA_ETR,KM2,FI,2010,8,
ESTAT:SDG_14_60(1.0),13/03/23 23:00:00,A,MA_ETR,KM2,FI,2011,16,
ESTAT:SDG_14_60(1.0),13/03/23 23:00:00,A,MA_ETR,KM2,FI,2012,222,
ESTAT:SDG_14_60(1.0),13/03/23 23:00:00,A,MA_ETR,KM2,FI,2013,329,
ESTAT:SDG_14_60(1.0),13/03/23 23:00:00,A,MA_ETR,KM2,FI,2014,222,
ESTAT:SDG_14_60(1.0),13/03/23 23:00:00,A,MA_ETR,KM2,FI,2015,304,
ESTAT:SDG_14_60(1.0),13/03/23 23:00:00,A,MA_ETR,KM2,FI,2016,304,
ESTAT:SDG_14_60(1.0),13/03/23 23:00:00,A,MA_ETR,KM2,FI,2017,304,
ESTAT:SDG_14_60(1.0),13/03/23 23:00:00,A,MA_ETR,KM2,FI,2018,362,
ESTAT:SDG_14_60(1.0),13/03/23 23:00:00,A,MA_ETR,KM2,FI,2019,469,
ESTAT:SDG_14_60(1.0),13/03/23 23:00:00,A,MA_ETR,KM2,FI,2020,543,
ESTAT:SDG_14_60(1.0),13/03/23 23:00:00,A,MA_ETR,KM2,FI,2021,90,
ESTAT:SDG_14_60(1.0),13/03/23 23:00:00,A,MA_ETR,KM2,FI,2022,1053,
ESTAT:SDG_14_60(1.0),13/03/23 23:00:00,A,MA_ETR,KM2,FR,2000,4157,
ESTAT:SDG_14_60(1.0),13/03/23 23:00:00,A,MA_ETR,KM2,FR,2001,5023,
ESTAT:SDG_14_60(1.0),13/03/23 23:00:00,A,MA_ETR,KM2,FR,2002,589,
ESTAT:SDG_14_60(1.0),13/03/23 23:00:00,A,MA_ETR,KM2,FR,2003,1974,
ESTAT:SDG_14_60(1.0),13/03/23 23:00:00,A,MA_ETR,KM2,FR,2004,935,
ESTAT:SDG_14_60(1.0),13/03/23 23:00:00,A,MA_ETR,KM2,FR,2005,0,
ESTAT:SDG_14_60(1.0),13/03/23 23:00:00,A,MA_ETR,KM2,FR,2006,0,
ESTAT:SDG_14_60(1.0),13/03/23 23:00:00,A,MA_ETR,KM2,FR,2007,14756,
ESTAT:SDG_14_60(1.0),13/03/23 23:00:00,A,MA_ETR,KM2,FR,2008,6962,
ESTAT:SDG_14_60(1.0),13/03/23 23:00:00,A,MA_ETR,KM2,FR,2009,381,
ESTAT:SDG_14_60(1.0),13/03/23 23:00:00,A,MA_ETR,KM2,FR,2010,1005,
ESTAT:SDG_14_60(1.0),13/03/23 23:00:00,A,MA_ETR,KM2,FR,2011,69,
ESTAT:SDG_14_60(1.0),13/03/23 23:00:00,A,MA_ETR,KM2,FR,2012,0,
ESTAT:SDG_14_60(1.0),13/03/23 23:00:00,A,MA_ETR,KM2,FR,2013,658,
ESTAT:SDG_14_60(1.0),13/03/23 23:00:00,A,MA_ETR,KM2,FR,2014,69,
ESTAT:SDG_14_60(1.0),13/03/23 23:00:00,A,MA_ETR,KM2,FR,2015,139,
ESTAT:SDG_14_60(1.0),13/03/23 23:00:00,A,MA_ETR,KM2,FR,2016,104,
ESTAT:SDG_14_60(1.0),13/03/23 23:00:00,A,MA_ETR,KM2,FR,2017,69,
ESTAT:SDG_14_60(1.0),13/03/23 23:00:00,A,MA_ETR,KM2,FR,2018,3256,
ESTAT:SDG_14_60(1.0),13/03/23 23:00:00,A,MA_ETR,KM2,FR,2019,277,
ESTAT:SDG_14_60(1.0),13/03/23 23:00:00,A,MA_ETR,KM2,FR,2020,866,
ESTAT:SDG_14_60(1.0),13/03/23 23:00:00,A,MA_ETR,KM2,FR,2021,139,
ESTAT:SDG_14_60(1.0),13/03/23 23:00:00,A,MA_ETR,KM2,FR,2022,1316,
ESTAT:SDG_14_60(1.0),13/03/23 23:00:00,A,MA_ETR,KM2,HR,2000,56,
ESTAT:SDG_14_60(1.0),13/03/23 23:00:00,A,MA_ETR,KM2,HR,2001,211,
ESTAT:SDG_14_60(1.0),13/03/23 23:00:00,A,MA_ETR,KM2,HR,2002,6,
ESTAT:SDG_14_60(1.0),13/03/23 23:00:00,A,MA_ETR,KM2,HR,2003,0,
ESTAT:SDG_14_60(1.0),13/03/23 23:00:00,A,MA_ETR,KM2,HR,2004,0,
ESTAT:SDG_14_60(1.0),13/03/23 23:00:00,A,MA_ETR,KM2,HR,2005,0,
ESTAT:SDG_14_60(1.0),13/03/23 23:00:00,A,MA_ETR,KM2,HR,2006,0,
ESTAT:SDG_14_60(1.0),13/03/23 23:00:00,A,MA_ETR,KM2,HR,2007,0,
ESTAT:SDG_14_60(1.0),13/03/23 23:00:00,A,MA_ETR,KM2,HR,2008,0,
ESTAT:SDG_14_60(1.0),13/03/23 23:00:00,A,MA_ETR,KM2,HR,2009,0,
ESTAT:SDG_14_60(1.0),13/03/23 23:00:00,A,MA_ETR,KM2,HR,2010,6,
ESTAT:SDG_14_60(1.0),13/03/23 23:00:00,A,MA_ETR,KM2,HR,2011,22,
ESTAT:SDG_14_60(1.0),13/03/23 23:00:00,A,MA_ETR,KM2,HR,2012,6,
ESTAT:SDG_14_60(1.0),13/03/23 23:00:00,A,MA_ETR,KM2,HR,2013,261,
ESTAT:SDG_14_60(1.0),13/03/23 23:00:00,A,MA_ETR,KM2,HR,2014,117,
ESTAT:SDG_14_60(1.0),13/03/23 23:00:00,A,MA_ETR,KM2,HR,2015,128,
ESTAT:SDG_14_60(1.0),13/03/23 23:00:00,A,MA_ETR,KM2,HR,2016,122,
ESTAT:SDG_14_60(1.0),13/03/23 23:00:00,A,MA_ETR,KM2,HR,2017,139,
ESTAT:SDG_14_60(1.0),13/03/23 23:00:00,A,MA_ETR,KM2,HR,2018,328,
ESTAT:SDG_14_60(1.0),13/03/23 23:00:00,A,MA_ETR,KM2,HR,2019,122,
ESTAT:SDG_14_60(1.0),13/03/23 23:00:00,A,MA_ETR,KM2,HR,2020,233,
ESTAT:SDG_14_60(1.0),13/03/23 23:00:00,A,MA_ETR,KM2,HR,2021,33,
ESTAT:SDG_14_60(1.0),13/03/23 23:00:00,A,MA_ETR,KM2,HR,2022,11,
ESTAT:SDG_14_60(1.0),13/03/23 23:00:00,A,MA_ETR,KM2,HU,2000,,z
ESTAT:SDG_14_60(1.0),13/03/23 23:00:00,A,MA_ETR,KM2,HU,2001,,z
ESTAT:SDG_14_60(1.0),13/03/23 23:00:00,A,MA_ETR,KM2,HU,2002,,z
ESTAT:SDG_14_60(1.0),13/03/23 23:00:00,A,MA_ETR,KM2,HU,2003,,z
ESTAT:SDG_14_60(1.0),13/03/23 23:00:00,A,MA_ETR,KM2,HU,2004,,z
ESTAT:SDG_14_60(1.0),13/03/23 23:00:00,A,MA_ETR,KM2,HU,2005,,z
ESTAT:SDG_14_60(1.0),13/03/23 23:00:00,A,MA_ETR,KM2,HU,2006,,z
ESTAT:SDG_14_60(1.0),13/03/23 23:00:00,A,MA_ETR,KM2,HU,2007,,z
ESTAT:SDG_14_60(1.0),13/03/23 23:00:00,A,MA_ETR,KM2,HU,2008,,z
ESTAT:SDG_14_60(1.0),13/03/23 23:00:00,A,MA_ETR,KM2,HU,2009,,z
ESTAT:SDG_14_60(1.0),13/03/23 23:00:00,A,MA_ETR,KM2,HU,2010,,z
ESTAT:SDG_14_60(1.0),13/03/23 23:00:00,A,MA_ETR,KM2,HU,2011,,z
ESTAT:SDG_14_60(1.0),13/03/23 23:00:00,A,MA_ETR,KM2,HU,2012,,z
ESTAT:SDG_14_60(1.0),13/03/23 23:00:00,A,MA_ETR,KM2,HU,2013,,z
ESTAT:SDG_14_60(1.0),13/03/23 23:00:00,A,MA_ETR,KM2,HU,2014,,z
ESTAT:SDG_14_60(1.0),13/03/23 23:00:00,A,MA_ETR,KM2,HU,2015,,z
ESTAT:SDG_14_60(1.0),13/03/23 23:00:00,A,MA_ETR,KM2,HU,2016,,z
ESTAT:SDG_14_60(1.0),13/03/23 23:00:00,A,MA_ETR,KM2,HU,2017,,z
ESTAT:SDG_14_60(1.0),13/03/23 23:00:00,A,MA_ETR,KM2,HU,2018,,z
ESTAT:SDG_14_60(1.0),13/03/23 23:00:00,A,MA_ETR,KM2,HU,2019,,z
ESTAT:SDG_14_60(1.0),13/03/23 23:00:00,A,MA_ETR,KM2,HU,2020,,z
ESTAT:SDG_14_60(1.0),13/03/23 23:00:00,A,MA_ETR,KM2,HU,2021,,z
ESTAT:SDG_14_60(1.0),13/03/23 23:00:00,A,MA_ETR,KM2,HU,2022,,z
ESTAT:SDG_14_60(1.0),13/03/23 23:00:00,A,MA_ETR,KM2,IE,2000,598,
ESTAT:SDG_14_60(1.0),13/03/23 23:00:00,A,MA_ETR,KM2,IE,2001,0,
ESTAT:SDG_14_60(1.0),13/03/23 23:00:00,A,MA_ETR,KM2,IE,2002,43,
ESTAT:SDG_14_60(1.0),13/03/23 23:00:00,A,MA_ETR,KM2,IE,2003,0,
ESTAT:SDG_14_60(1.0),13/03/23 23:00:00,A,MA_ETR,KM2,IE,2004,0,
ESTAT:SDG_14_60(1.0),13/03/23 23:00:00,A,MA_ETR,KM2,IE,2005,0,
ESTAT:SDG_14_60(1.0),13/03/23 23:00:00,A,MA_ETR,KM2,IE,2006,0,
ESTAT:SDG_14_60(1.0),13/03/23 23:00:00,A,MA_ETR,KM2,IE,2007,0,
ESTAT:SDG_14_60(1.0),13/03/23 23:00:00,A,MA_ETR,KM2,IE,2008,0,
ESTAT:SDG_14_60(1.0),13/03/23 23:00:00,A,MA_ETR,KM2,IE,2009,85,
ESTAT:SDG_14_60(1.0),13/03/23 23:00:00,A,MA_ETR,KM2,IE,2010,0,
ESTAT:SDG_14_60(1.0),13/03/23 23:00:00,A,MA_ETR,KM2,IE,2011,0,
ESTAT:SDG_14_60(1.0),13/03/23 23:00:00,A,MA_ETR,KM2,IE,2012,0,
ESTAT:SDG_14_60(1.0),13/03/23 23:00:00,A,MA_ETR,KM2,IE,2013,0,
ESTAT:SDG_14_60(1.0),13/03/23 23:00:00,A,MA_ETR,KM2,IE,2014,0,
ESTAT:SDG_14_60(1.0),13/03/23 23:00:00,A,MA_ETR,KM2,IE,2015,0,
ESTAT:SDG_14_60(1.0),13/03/23 23:00:00,A,MA_ETR,KM2,IE,2016,0,
ESTAT:SDG_14_60(1.0),13/03/23 23:00:00,A,MA_ETR,KM2,IE,2017,0,
ESTAT:SDG_14_60(1.0),13/03/23 23:00:00,A,MA_ETR,KM2,IE,2018,0,
ESTAT:SDG_14_60(1.0),13/03/23 23:00:00,A,MA_ETR,KM2,IE,2019,0,
ESTAT:SDG_14_60(1.0),13/03/23 23:00:00,A,MA_ETR,KM2,IE,2020,0,
ESTAT:SDG_14_60(1.0),13/03/23 23:00:00,A,MA_ETR,KM2,IE,2021,0,
ESTAT:SDG_14_60(1.0),13/03/23 23:00:00,A,MA_ETR,KM2,IE,2022,256,
ESTAT:SDG_14_60(1.0),13/03/23 23:00:00,A,MA_ETR,KM2,IT,2000,376,
ESTAT:SDG_14_60(1.0),13/03/23 23:00:00,A,MA_ETR,KM2,IT,2001,644,
ESTAT:SDG_14_60(1.0),13/03/23 23:00:00,A,MA_ETR,KM2,IT,2002,54,
ESTAT:SDG_14_60(1.0),13/03/23 23:00:00,A,MA_ETR,KM2,IT,2003,0,
ESTAT:SDG_14_60(1.0),13/03/23 23:00:00,A,MA_ETR,KM2,IT,2004,0,
ESTAT:SDG_14_60(1.0),13/03/23 23:00:00,A,MA_ETR,KM2,IT,2005,54,
ESTAT:SDG_14_60(1.0),13/03/23 23:00:00,A,MA_ETR,KM2,IT,2006,0,
ESTAT:SDG_14_60(1.0),13/03/23 23:00:00,A,MA_ETR,KM2,IT,2007,0,
ESTAT:SDG_14_60(1.0),13/03/23 23:00:00,A,MA_ETR,KM2,IT,2008,0,
ESTAT:SDG_14_60(1.0),13/03/23 23:00:00,A,MA_ETR,KM2,IT,2009,0,
ESTAT:SDG_14_60(1.0),13/03/23 23:00:00,A,MA_ETR,KM2,IT,2010,0,
ESTAT:SDG_14_60(1.0),13/03/23 23:00:00,A,MA_ETR,KM2,IT,2011,0,
ESTAT:SDG_14_60(1.0),13/03/23 23:00:00,A,MA_ETR,KM2,IT,2012,0,
ESTAT:SDG_14_60(1.0),13/03/23 23:00:00,A,MA_ETR,KM2,IT,2013,752,
ESTAT:SDG_14_60(1.0),13/03/23 23:00:00,A,MA_ETR,KM2,IT,2014,966,
ESTAT:SDG_14_60(1.0),13/03/23 23:00:00,A,MA_ETR,KM2,IT,2015,698,
ESTAT:SDG_14_60(1.0),13/03/23 23:00:00,A,MA_ETR,KM2,IT,2016,376,
ESTAT:SDG_14_60(1.0),13/03/23 23:00:00,A,MA_ETR,KM2,IT,2017,268,
ESTAT:SDG_14_60(1.0),13/03/23 23:00:00,A,MA_ETR,KM2,IT,2018,752,
ESTAT:SDG_14_60(1.0),13/03/23 23:00:00,A,MA_ETR,KM2,IT,2019,376,
ESTAT:SDG_14_60(1.0),13/03/23 23:00:00,A,MA_ETR,KM2,IT,2020,268,
ESTAT:SDG_14_60(1.0),13/03/23 23:00:00,A,MA_ETR,KM2,IT,2021,54,
ESTAT:SDG_14_60(1.0),13/03/23 23:00:00,A,MA_ETR,KM2,IT,2022,0,
ESTAT:SDG_14_60(1.0),13/03/23 23:00:00,A,MA_ETR,KM2,LT,2000,7,
ESTAT:SDG_14_60(1.0),13/03/23 23:00:00,A,MA_ETR,KM2,LT,2001,5,
ESTAT:SDG_14_60(1.0),13/03/23 23:00:00,A,MA_ETR,KM2,LT,2002,0,
ESTAT:SDG_14_60(1.0),13/03/23 23:00:00,A,MA_ETR,KM2,LT,2003,0,
ESTAT:SDG_14_60(1.0),13/03/23 23:00:00,A,MA_ETR,KM2,LT,2004,0,
ESTAT:SDG_14_60(1.0),13/03/23 23:00:00,A,MA_ETR,KM2,LT,2005,3,
ESTAT:SDG_14_60(1.0),13/03/23 23:00:00,A,MA_ETR,KM2,LT,2006,0,
ESTAT:SDG_14_60(1.0),13/03/23 23:00:00,A,MA_ETR,KM2,LT,2007,0,
ESTAT:SDG_14_60(1.0),13/03/23 23:00:00,A,MA_ETR,KM2,LT,2008,519,
ESTAT:SDG_14_60(1.0),13/03/23 23:00:00,A,MA_ETR,KM2,LT,2009,0,
ESTAT:SDG_14_60(1.0),13/03/23 23:00:00,A,MA_ETR,KM2,LT,2010,0,
ESTAT:SDG_14_60(1.0),13/03/23 23:00:00,A,MA_ETR,KM2,LT,2011,0,
ESTAT:SDG_14_60(1.0),13/03/23 23:00:00,A,MA_ETR,KM2,LT,2012,1,
ESTAT:SDG_14_60(1.0),13/03/23 23:00:00,A,MA_ETR,KM2,LT,2013,25,
ESTAT:SDG_14_60(1.0),13/03/23 23:00:00,A,MA_ETR,KM2,LT,2014,11,
ESTAT:SDG_14_60(1.0),13/03/23 23:00:00,A,MA_ETR,KM2,LT,2015,8,
ESTAT:SDG_14_60(1.0),13/03/23 23:00:00,A,MA_ETR,KM2,LT,2016,14,
ESTAT:SDG_14_60(1.0),13/03/23 23:00:00,A,MA_ETR,KM2,LT,2017,51,
ESTAT:SDG_14_60(1.0),13/03/23 23:00:00,A,MA_ETR,KM2,LT,2018,14,
ESTAT:SDG_14_60(1.0),13/03/23 23:00:00,A,MA_ETR,KM2,LT,2019,11,
ESTAT:SDG_14_60(1.0),13/03/23 23:00:00,A,MA_ETR,KM2,LT,2020,15,
ESTAT:SDG_14_60(1.0),13/03/23 23:00:00,A,MA_ETR,KM2,LT,2021,10,
ESTAT:SDG_14_60(1.0),13/03/23 23:00:00,A,MA_ETR,KM2,LT,2022,0,
ESTAT:SDG_14_60(1.0),13/03/23 23:00:00,A,MA_ETR,KM2,LU,2000,,z
ESTAT:SDG_14_60(1.0),13/03/23 23:00:00,A,MA_ETR,KM2,LU,2001,,z
ESTAT:SDG_14_60(1.0),13/03/23 23:00:00,A,MA_ETR,KM2,LU,2002,,z
ESTAT:SDG_14_60(1.0),13/03/23 23:00:00,A,MA_ETR,KM2,LU,2003,,z
ESTAT:SDG_14_60(1.0),13/03/23 23:00:00,A,MA_ETR,KM2,LU,2004,,z
ESTAT:SDG_14_60(1.0),13/03/23 23:00:00,A,MA_ETR,KM2,LU,2005,,z
ESTAT:SDG_14_60(1.0),13/03/23 23:00:00,A,MA_ETR,KM2,LU,2006,,z
ESTAT:SDG_14_60(1.0),13/03/23 23:00:00,A,MA_ETR,KM2,LU,2007,,z
ESTAT:SDG_14_60(1.0),13/03/23 23:00:00,A,MA_ETR,KM2,LU,2008,,z
ESTAT:SDG_14_60(1.0),13/03/23 23:00:00,A,MA_ETR,KM2,LU,2009,,z
ESTAT:SDG_14_60(1.0),13/03/23 23:00:00,A,MA_ETR,KM2,LU,2010,,z
ESTAT:SDG_14_60(1.0),13/03/23 23:00:00,A,MA_ETR,KM2,LU,2011,,z
ESTAT:SDG_14_60(1.0),13/03/23 23:00:00,A,MA_ETR,KM2,LU,2012,,z
ESTAT:SDG_14_60(1.0),13/03/23 23:00:00,A,MA_ETR,KM2,LU,2013,,z
ESTAT:SDG_14_60(1.0),13/03/23 23:00:00,A,MA_ETR,KM2,LU,2014,,z
ESTAT:SDG_14_60(1.0),13/03/23 23:00:00,A,MA_ETR,KM2,LU,2015,,z
ESTAT:SDG_14_60(1.0),13/03/23 23:00:00,A,MA_ETR,KM2,LU,2016,,z
ESTAT:SDG_14_60(1.0),13/03/23 23:00:00,A,MA_ETR,KM2,LU,2017,,z
ESTAT:SDG_14_60(1.0),13/03/23 23:00:00,A,MA_ETR,KM2,LU,2018,,z
ESTAT:SDG_14_60(1.0),13/03/23 23:00:00,A,MA_ETR,KM2,LU,2019,,z
ESTAT:SDG_14_60(1.0),13/03/23 23:00:00,A,MA_ETR,KM2,LU,2020,,z
ESTAT:SDG_14_60(1.0),13/03/23 23:00:00,A,MA_ETR,KM2,LU,2021,,z
ESTAT:SDG_14_60(1.0),13/03/23 23:00:00,A,MA_ETR,KM2,LU,2022,,z
ESTAT:SDG_14_60(1.0),13/03/23 23:00:00,A,MA_ETR,KM2,LV,2000,28,
ESTAT:SDG_14_60(1.0),13/03/23 23:00:00,A,MA_ETR,KM2,LV,2001,25,
ESTAT:SDG_14_60(1.0),13/03/23 23:00:00,A,MA_ETR,KM2,LV,2002,6,
ESTAT:SDG_14_60(1.0),13/03/23 23:00:00,A,MA_ETR,KM2,LV,2003,3,
ESTAT:SDG_14_60(1.0),13/03/23 23:00:00,A,MA_ETR,KM2,LV,2004,0,
ESTAT:SDG_14_60(1.0),13/03/23 23:00:00,A,MA_ETR,KM2,LV,2005,0,
ESTAT:SDG_14_60(1.0),13/03/23 23:00:00,A,MA_ETR,KM2,LV,2006,0,
ESTAT:SDG_14_60(1.0),13/03/23 23:00:00,A,MA_ETR,KM2,LV,2007,0,
ESTAT:SDG_14_60(1.0),13/03/23 23:00:00,A,MA_ETR,KM2,LV,2008,4853,
ESTAT:SDG_14_60(1.0),13/03/23 23:00:00,A,MA_ETR,KM2,LV,2009,0,
ESTAT:SDG_14_60(1.0),13/03/23 23:00:00,A,MA_ETR,KM2,LV,2010,6,
ESTAT:SDG_14_60(1.0),13/03/23 23:00:00,A,MA_ETR,KM2,LV,2011,0,
ESTAT:SDG_14_60(1.0),13/03/23 23:00:00,A,MA_ETR,KM2,LV,2012,25,
ESTAT:SDG_14_60(1.0),13/03/23 23:00:00,A,MA_ETR,KM2,LV,2013,20,
ESTAT:SDG_14_60(1.0),13/03/23 23:00:00,A,MA_ETR,KM2,LV,2014,42,
ESTAT:SDG_14_60(1.0),13/03/23 23:00:00,A,MA_ETR,KM2,LV,2015,42,
ESTAT:SDG_14_60(1.0),13/03/23 23:00:00,A,MA_ETR,KM2,LV,2016,37,
ESTAT:SDG_14_60(1.0),13/03/23 23:00:00,A,MA_ETR,KM2,LV,2017,74,
ESTAT:SDG_14_60(1.0),13/03/23 23:00:00,A,MA_ETR,KM2,LV,2018,105,
ESTAT:SDG_14_60(1.0),13/03/23 23:00:00,A,MA_ETR,KM2,LV,2019,37,
ESTAT:SDG_14_60(1.0),13/03/23 23:00:00,A,MA_ETR,KM2,LV,2020,48,
ESTAT:SDG_14_60(1.0),13/03/23 23:00:00,A,MA_ETR,KM2,LV,2021,8,
ESTAT:SDG_14_60(1.0),13/03/23 23:00:00,A,MA_ETR,KM2,LV,2022,0,
ESTAT:SDG_14_60(1.0),13/03/23 23:00:00,A,MA_ETR,KM2,MT,2000,0,
ESTAT:SDG_14_60(1.0),13/03/23 23:00:00,A,MA_ETR,KM2,MT,2001,0,
ESTAT:SDG_14_60(1.0),13/03/23 23:00:00,A,MA_ETR,KM2,MT,2002,0,
ESTAT:SDG_14_60(1.0),13/03/23 23:00:00,A,MA_ETR,KM2,MT,2003,0,
ESTAT:SDG_14_60(1.0),13/03/23 23:00:00,A,MA_ETR,KM2,MT,2004,0,
ESTAT:SDG_14_60(1.0),13/03/23 23:00:00,A,MA_ETR,KM2,MT,2005,0,
ESTAT:SDG_14_60(1.0),13/03/23 23:00:00,A,MA_ETR,KM2,MT,2006,0,
ESTAT:SDG_14_60(1.0),13/03/23 23:00:00,A,MA_ETR,KM2,MT,2007,0,
ESTAT:SDG_14_60(1.0),13/03/23 23:00:00,A,MA_ETR,KM2,MT,2008,0,
ESTAT:SDG_14_60(1.0),13/03/23 23:00:00,A,MA_ETR,KM2,MT,2009,0,
ESTAT:SDG_14_60(1.0),13/03/23 23:00:00,A,MA_ETR,KM2,MT,2010,0,
ESTAT:SDG_14_60(1.0),13/03/23 23:00:00,A,MA_ETR,KM2,MT,2011,0,
ESTAT:SDG_14_60(1.0),13/03/23 23:00:00,A,MA_ETR,KM2,MT,2012,0,
ESTAT:SDG_14_60(1.0),13/03/23 23:00:00,A,MA_ETR,KM2,MT,2013,0,
ESTAT:SDG_14_60(1.0),13/03/23 23:00:00,A,MA_ETR,KM2,MT,2014,0,
ESTAT:SDG_14_60(1.0),13/03/23 23:00:00,A,MA_ETR,KM2,MT,2015,11,
ESTAT:SDG_14_60(1.0),13/03/23 23:00:00,A,MA_ETR,KM2,MT,2016,0,
ESTAT:SDG_14_60(1.0),13/03/23 23:00:00,A,MA_ETR,KM2,MT,2017,0,
ESTAT:SDG_14_60(1.0),13/03/23 23:00:00,A,MA_ETR,KM2,MT,2018,0,
ESTAT:SDG_14_60(1.0),13/03/23 23:00:00,A,MA_ETR,KM2,MT,2019,0,
ESTAT:SDG_14_60(1.0),13/03/23 23:00:00,A,MA_ETR,KM2,MT,2020,0,
ESTAT:SDG_14_60(1.0),13/03/23 23:00:00,A,MA_ETR,KM2,MT,2021,0,
ESTAT:SDG_14_60(1.0),13/03/23 23:00:00,A,MA_ETR,KM2,MT,2022,0,
ESTAT:SDG_14_60(1.0),13/03/23 23:00:00,A,MA_ETR,KM2,NL,2000,12,
ESTAT:SDG_14_60(1.0),13/03/23 23:00:00,A,MA_ETR,KM2,NL,2001,3450,
ESTAT:SDG_14_60(1.0),13/03/23 23:00:00,A,MA_ETR,KM2,NL,2002,1018,
ESTAT:SDG_14_60(1.0),13/03/23 23:00:00,A,MA_ETR,KM2,NL,2003,0,
ESTAT:SDG_14_60(1.0),13/03/23 23:00:00,A,MA_ETR,KM2,NL,2004,6,
ESTAT:SDG_14_60(1.0),13/03/23 23:00:00,A,MA_ETR,KM2,NL,2005,0,
ESTAT:SDG_14_60(1.0),13/03/23 23:00:00,A,MA_ETR,KM2,NL,2006,0,
ESTAT:SDG_14_60(1.0),13/03/23 23:00:00,A,MA_ETR,KM2,NL,2007,174,
ESTAT:SDG_14_60(1.0),13/03/23 23:00:00,A,MA_ETR,KM2,NL,2008,6,
ESTAT:SDG_14_60(1.0),13/03/23 23:00:00,A,MA_ETR,KM2,NL,2009,0,
ESTAT:SDG_14_60(1.0),13/03/23 23:00:00,A,MA_ETR,KM2,NL,2010,6,
ESTAT:SDG_14_60(1.0),13/03/23 23:00:00,A,MA_ETR,KM2,NL,2011,0,
ESTAT:SDG_14_60(1.0),13/03/23 23:00:00,A,MA_ETR,KM2,NL,2012,0,
ESTAT:SDG_14_60(1.0),13/03/23 23:00:00,A,MA_ETR,KM2,NL,2013,211,
ESTAT:SDG_14_60(1.0),13/03/23 23:00:00,A,MA_ETR,KM2,NL,2014,0,
ESTAT:SDG_14_60(1.0),13/03/23 23:00:00,A,MA_ETR,KM2,NL,2015,0,
ESTAT:SDG_14_60(1.0),13/03/23 23:00:00,A,MA_ETR,KM2,NL,2016,0,
ESTAT:SDG_14_60(1.0),13/03/23 23:00:00,A,MA_ETR,KM2,NL,2017,0,
ESTAT:SDG_14_60(1.0),13/03/23 23:00:00,A,MA_ETR,KM2,NL,2018,19,
ESTAT:SDG_14_60(1.0),13/03/23 23:00:00,A,MA_ETR,KM2,NL,2019,0,
ESTAT:SDG_14_60(1.0),13/03/23 23:00:00,A,MA_ETR,KM2,NL,2020,0,
ESTAT:SDG_14_60(1.0),13/03/23 23:00:00,A,MA_ETR,KM2,NL,2021,1570,
ESTAT:SDG_14_60(1.0),13/03/23 23:00:00,A,MA_ETR,KM2,NL,2022,112,
ESTAT:SDG_14_60(1.0),13/03/23 23:00:00,A,MA_ETR,KM2,PL,2000,24,
ESTAT:SDG_14_60(1.0),13/03/23 23:00:00,A,MA_ETR,KM2,PL,2001,12,
ESTAT:SDG_14_60(1.0),13/03/23 23:00:00,A,MA_ETR,KM2,PL,2002,0,
ESTAT:SDG_14_60(1.0),13/03/23 23:00:00,A,MA_ETR,KM2,PL,2003,0,
ESTAT:SDG_14_60(1.0),13/03/23 23:00:00,A,MA_ETR,KM2,PL,2004,0,
ESTAT:SDG_14_60(1.0),13/03/23 23:00:00,A,MA_ETR,KM2,PL,2005,0,
ESTAT:SDG_14_60(1.0),13/03/23 23:00:00,A,MA_ETR,KM2,PL,2006,0,
ESTAT:SDG_14_60(1.0),13/03/23 23:00:00,A,MA_ETR,KM2,PL,2007,0,
ESTAT:SDG_14_60(1.0),13/03/23 23:00:00,A,MA_ETR,KM2,PL,2008,11265,
ESTAT:SDG_14_60(1.0),13/03/23 23:00:00,A,MA_ETR,KM2,PL,2009,0,
ESTAT:SDG_14_60(1.0),13/03/23 23:00:00,A,MA_ETR,KM2,PL,2010,0,
ESTAT:SDG_14_60(1.0),13/03/23 23:00:00,A,MA_ETR,KM2,PL,2011,0,
ESTAT:SDG_14_60(1.0),13/03/23 23:00:00,A,MA_ETR,KM2,PL,2012,12,
ESTAT:SDG_14_60(1.0),13/03/23 23:00:00,A,MA_ETR,KM2,PL,2013,60,
ESTAT:SDG_14_60(1.0),13/03/23 23:00:00,A,MA_ETR,KM2,PL,2014,42,
ESTAT:SDG_14_60(1.0),13/03/23 23:00:00,A,MA_ETR,KM2,PL,2015,30,
ESTAT:SDG_14_60(1.0),13/03/23 23:00:00,A,MA_ETR,KM2,PL,2016,30,
ESTAT:SDG_14_60(1.0),13/03/23 23:00:00,A,MA_ETR,KM2,PL,2017,42,
ESTAT:SDG_14_60(1.0),13/03/23 23:00:00,A,MA_ETR,KM2,PL,2018,24,
ESTAT:SDG_14_60(1.0),13/03/23 23:00:00,A,MA_ETR,KM2,PL,2019,63,
ESTAT:SDG_14_60(1.0),13/03/23 23:00:00,A,MA_ETR,KM2,PL,2020,66,
ESTAT:SDG_14_60(1.0),13/03/23 23:00:00,A,MA_ETR,KM2,PL,2021,9,
ESTAT:SDG_14_60(1.0),13/03/23 23:00:00,A,MA_ETR,KM2,PL,2022,0,
ESTAT:SDG_14_60(1.0),13/03/23 23:00:00,A,MA_ETR,KM2,PT,2000,519,
ESTAT:SDG_14_60(1.0),13/03/23 23:00:00,A,MA_ETR,KM2,PT,2001,42526,
ESTAT:SDG_14_60(1.0),13/03/23 23:00:00,A,MA_ETR,KM2,PT,2002,172523,
ESTAT:SDG_14_60(1.0),13/03/23 23:00:00,A,MA_ETR,KM2,PT,2003,18497,
ESTAT:SDG_14_60(1.0),13/03/23 23:00:00,A,MA_ETR,KM2,PT,2004,0,
ESTAT:SDG_14_60(1.0),13/03/23 23:00:00,A,MA_ETR,KM2,PT,2005,9854,
ESTAT:SDG_14_60(1.0),13/03/23 23:00:00,A,MA_ETR,KM2,PT,2006,173,
ESTAT:SDG_14_60(1.0),13/03/23 23:00:00,A,MA_ETR,KM2,PT,2007,346,
ESTAT:SDG_14_60(1.0),13/03/23 23:00:00,A,MA_ETR,KM2,PT,2008,173,
ESTAT:SDG_14_60(1.0),13/03/23 23:00:00,A,MA_ETR,KM2,PT,2009,2939,
ESTAT:SDG_14_60(1.0),13/03/23 23:00:00,A,MA_ETR,KM2,PT,2010,2420,
ESTAT:SDG_14_60(1.0),13/03/23 23:00:00,A,MA_ETR,KM2,PT,2011,2420,
ESTAT:SDG_14_60(1.0),13/03/23 23:00:00,A,MA_ETR,KM2,PT,2012,8989,
ESTAT:SDG_14_60(1.0),13/03/23 23:00:00,A,MA_ETR,KM2,PT,2013,691,
ESTAT:SDG_14_60(1.0),13/03/23 23:00:00,A,MA_ETR,KM2,PT,2014,1729,
ESTAT:SDG_14_60(1.0),13/03/23 23:00:00,A,MA_ETR,KM2,PT,2015,8816,
ESTAT:SDG_14_60(1.0),13/03/23 23:00:00,A,MA_ETR,KM2,PT,2016,4840,
ESTAT:SDG_14_60(1.0),13/03/23 23:00:00,A,MA_ETR,KM2,PT,2017,864,
ESTAT:SDG_14_60(1.0),13/03/23 23:00:00,A,MA_ETR,KM2,PT,2018,11582,
ESTAT:SDG_14_60(1.0),13/03/23 23:00:00,A,MA_ETR,KM2,PT,2019,4495,
ESTAT:SDG_14_60(1.0),13/03/23 23:00:00,A,MA_ETR,KM2,PT,2020,2247,
ESTAT:SDG_14_60(1.0),13/03/23 23:00:00,A,MA_ETR,KM2,PT,2021,4495,
ESTAT:SDG_14_60(1.0),13/03/23 23:00:00,A,MA_ETR,KM2,PT,2022,33018,
ESTAT:SDG_14_60(1.0),13/03/23 23:00:00,A,MA_ETR,KM2,RO,2000,9,
ESTAT:SDG_14_60(1.0),13/03/23 23:00:00,A,MA_ETR,KM2,RO,2001,2001,
ESTAT:SDG_14_60(1.0),13/03/23 23:00:00,A,MA_ETR,KM2,RO,2002,0,
ESTAT:SDG_14_60(1.0),13/03/23 23:00:00,A,MA_ETR,KM2,RO,2003,0,
ESTAT:SDG_14_60(1.0),13/03/23 23:00:00,A,MA_ETR,KM2,RO,2004,0,
ESTAT:SDG_14_60(1.0),13/03/23 23:00:00,A,MA_ETR,KM2,RO,2005,0,
ESTAT:SDG_14_60(1.0),13/03/23 23:00:00,A,MA_ETR,KM2,RO,2006,0,
ESTAT:SDG_14_60(1.0),13/03/23 23:00:00,A,MA_ETR,KM2,RO,2007,0,
ESTAT:SDG_14_60(1.0),13/03/23 23:00:00,A,MA_ETR,KM2,RO,2008,0,
ESTAT:SDG_14_60(1.0),13/03/23 23:00:00,A,MA_ETR,KM2,RO,2009,0,
ESTAT:SDG_14_60(1.0),13/03/23 23:00:00,A,MA_ETR,KM2,RO,2010,0,
ESTAT:SDG_14_60(1.0),13/03/23 23:00:00,A,MA_ETR,KM2,RO,2011,0,
ESTAT:SDG_14_60(1.0),13/03/23 23:00:00,A,MA_ETR,KM2,RO,2012,0,
ESTAT:SDG_14_60(1.0),13/03/23 23:00:00,A,MA_ETR,KM2,RO,2013,6,
ESTAT:SDG_14_60(1.0),13/03/23 23:00:00,A,MA_ETR,KM2,RO,2014,9,
ESTAT:SDG_14_60(1.0),13/03/23 23:00:00,A,MA_ETR,KM2,RO,2015,21,
ESTAT:SDG_14_60(1.0),13/03/23 23:00:00,A,MA_ETR,KM2,RO,2016,3,
ESTAT:SDG_14_60(1.0),13/03/23 23:00:00,A,MA_ETR,KM2,RO,2017,0,
ESTAT:SDG_14_60(1.0),13/03/23 23:00:00,A,MA_ETR,KM2,RO,2018,3,
ESTAT:SDG_14_60(1.0),13/03/23 23:00:00,A,MA_ETR,KM2,RO,2019,0,
ESTAT:SDG_14_60(1.0),13/03/23 23:00:00,A,MA_ETR,KM2,RO,2020,0,
ESTAT:SDG_14_60(1.0),13/03/23 23:00:00,A,MA_ETR,KM2,RO,2021,0,
ESTAT:SDG_14_60(1.0),13/03/23 23:00:00,A,MA_ETR,KM2,RO,2022,0,
ESTAT:SDG_14_60(1.0),13/03/23 23:00:00,A,MA_ETR,KM2,SE,2000,2621,
ESTAT:SDG_14_60(1.0),13/03/23 23:00:00,A,MA_ETR,KM2,SE,2001,5071,
ESTAT:SDG_14_60(1.0),13/03/23 23:00:00,A,MA_ETR,KM2,SE,2002,16,
ESTAT:SDG_14_60(1.0),13/03/23 23:00:00,A,MA_ETR,KM2,SE,2003,0,
ESTAT:SDG_14_60(1.0),13/03/23 23:00:00,A,MA_ETR,KM2,SE,2004,0,
ESTAT:SDG_14_60(1.0),13/03/23 23:00:00,A,MA_ETR,KM2,SE,2005,0,
ESTAT:SDG_14_60(1.0),13/03/23 23:00:00,A,MA_ETR,KM2,SE,2006,16,
ESTAT:SDG_14_60(1.0),13/03/23 23:00:00,A,MA_ETR,KM2,SE,2007,0,
ESTAT:SDG_14_60(1.0),13/03/23 23:00:00,A,MA_ETR,KM2,SE,2008,15509,
ESTAT:SDG_14_60(1.0),13/03/23 23:00:00,A,MA_ETR,KM2,SE,2009,0,
ESTAT:SDG_14_60(1.0),13/03/23 23:00:00,A,MA_ETR,KM2,SE,2010,16,
ESTAT:SDG_14_60(1.0),13/03/23 23:00:00,A,MA_ETR,KM2,SE,2011,16,
ESTAT:SDG_14_60(1.0),13/03/23 23:00:00,A,MA_ETR,KM2,SE,2012,109,
ESTAT:SDG_14_60(1.0),13/03/23 23:00:00,A,MA_ETR,KM2,SE,2013,312,
ESTAT:SDG_14_60(1.0),13/03/23 23:00:00,A,MA_ETR,KM2,SE,2014,328,
ESTAT:SDG_14_60(1.0),13/03/23 23:00:00,A,MA_ETR,KM2,SE,2015,624,
ESTAT:SDG_14_60(1.0),13/03/23 23:00:00,A,MA_ETR,KM2,SE,2016,343,
ESTAT:SDG_14_60(1.0),13/03/23 23:00:00,A,MA_ETR,KM2,SE,2017,499,
ESTAT:SDG_14_60(1.0),13/03/23 23:00:00,A,MA_ETR,KM2,SE,2018,484,
ESTAT:SDG_14_60(1.0),13/03/23 23:00:00,A,MA_ETR,KM2,SE,2019,733,
ESTAT:SDG_14_60(1.0),13/03/23 23:00:00,A,MA_ETR,KM2,SE,2020,1030,
ESTAT:SDG_14_60(1.0),13/03/23 23:00:00,A,MA_ETR,KM2,SE,2021,655,
ESTAT:SDG_14_60(1.0),13/03/23 23:00:00,A,MA_ETR,KM2,SE,2022,10407,
ESTAT:SDG_14_60(1.0),13/03/23 23:00:00,A,MA_ETR,KM2,SI,2000,0,
ESTAT:SDG_14_60(1.0),13/03/23 23:00:00,A,MA_ETR,KM2,SI,2001,21,
ESTAT:SDG_14_60(1.0),13/03/23 23:00:00,A,MA_ETR,KM2,SI,2002,0,
ESTAT:SDG_14_60(1.0),13/03/23 23:00:00,A,MA_ETR,KM2,SI,2003,0,
ESTAT:SDG_14_60(1.0),13/03/23 23:00:00,A,MA_ETR,KM2,SI,2004,0,
ESTAT:SDG_14_60(1.0),13/03/23 23:00:00,A,MA_ETR,KM2,SI,2005,0,
ESTAT:SDG_14_60(1.0),13/03/23 23:00:00,A,MA_ETR,KM2,SI,2006,0,
ESTAT:SDG_14_60(1.0),13/03/23 23:00:00,A,MA_ETR,KM2,SI,2007,0,
ESTAT:SDG_14_60(1.0),13/03/23 23:00:00,A,MA_ETR,KM2,SI,2008,0,
ESTAT:SDG_14_60(1.0),13/03/23 23:00:00,A,MA_ETR,KM2,SI,2009,0,
ESTAT:SDG_14_60(1.0),13/03/23 23:00:00,A,MA_ETR,KM2,SI,2010,0,
ESTAT:SDG_14_60(1.0),13/03/23 23:00:00,A,MA_ETR,KM2,SI,2011,0,
ESTAT:SDG_14_60(1.0),13/03/23 23:00:00,A,MA_ETR,KM2,SI,2012,0,
ESTAT:SDG_14_60(1.0),13/03/23 23:00:00,A,MA_ETR,KM2,SI,2013,8,
ESTAT:SDG_14_60(1.0),13/03/23 23:00:00,A,MA_ETR,KM2,SI,2014,6,
ESTAT:SDG_14_60(1.0),13/03/23 23:00:00,A,MA_ETR,KM2,SI,2015,1,
ESTAT:SDG_14_60(1.0),13/03/23 23:00:00,A,MA_ETR,KM2,SI,2016,0,
ESTAT:SDG_14_60(1.0),13/03/23 23:00:00,A,MA_ETR,KM2,SI,2017,2,
ESTAT:SDG_14_60(1.0),13/03/23 23:00:00,A,MA_ETR,KM2,SI,2018,2,
ESTAT:SDG_14_60(1.0),13/03/23 23:00:00,A,MA_ETR,KM2,SI,2019,2,
ESTAT:SDG_14_60(1.0),13/03/23 23:00:00,A,MA_ETR,KM2,SI,2020,0,
ESTAT:SDG_14_60(1.0),13/03/23 23:00:00,A,MA_ETR,KM2,SI,2021,2,
ESTAT:SDG_14_60(1.0),13/03/23 23:00:00,A,MA_ETR,KM2,SI,2022,0,
ESTAT:SDG_14_60(1.0),13/03/23 23:00:00,A,MA_ETR,KM2,SK,2000,,z
ESTAT:SDG_14_60(1.0),13/03/23 23:00:00,A,MA_ETR,KM2,SK,2001,,z
ESTAT:SDG_14_60(1.0),13/03/23 23:00:00,A,MA_ETR,KM2,SK,2002,,z
ESTAT:SDG_14_60(1.0),13/03/23 23:00:00,A,MA_ETR,KM2,SK,2003,,z
ESTAT:SDG_14_60(1.0),13/03/23 23:00:00,A,MA_ETR,KM2,SK,2004,,z
ESTAT:SDG_14_60(1.0),13/03/23 23:00:00,A,MA_ETR,KM2,SK,2005,,z
ESTAT:SDG_14_60(1.0),13/03/23 23:00:00,A,MA_ETR,KM2,SK,2006,,z
ESTAT:SDG_14_60(1.0),13/03/23 23:00:00,A,MA_ETR,KM2,SK,2007,,z
ESTAT:SDG_14_60(1.0),13/03/23 23:00:00,A,MA_ETR,KM2,SK,2008,,z
ESTAT:SDG_14_60(1.0),13/03/23 23:00:00,A,MA_ETR,KM2,SK,2009,,z
ESTAT:SDG_14_60(1.0),13/03/23 23:00:00,A,MA_ETR,KM2,SK,2010,,z
ESTAT:SDG_14_60(1.0),13/03/23 23:00:00,A,MA_ETR,KM2,SK,2011,,z
ESTAT:SDG_14_60(1.0),13/03/23 23:00:00,A,MA_ETR,KM2,SK,2012,,z
ESTAT:SDG_14_60(1.0),13/03/23 23:00:00,A,MA_ETR,KM2,SK,2013,,z
ESTAT:SDG_14_60(1.0),13/03/23 23:00:00,A,MA_ETR,KM2,SK,2014,,z
ESTAT:SDG_14_60(1.0),13/03/23 23:00:00,A,MA_ETR,KM2,SK,2015,,z
ESTAT:SDG_14_60(1.0),13/03/23 23:00:00,A,MA_ETR,KM2,SK,2016,,z
ESTAT:SDG_14_60(1.0),13/03/23 23:00:00,A,MA_ETR,KM2,SK,2017,,z
ESTAT:SDG_14_60(1.0),13/03/23 23:00:00,A,MA_ETR,KM2,SK,2018,,z
ESTAT:SDG_14_60(1.0),13/03/23 23:00:00,A,MA_ETR,KM2,SK,2019,,z
ESTAT:SDG_14_60(1.0),13/03/23 23:00:00,A,MA_ETR,KM2,SK,2020,,z
ESTAT:SDG_14_60(1.0),13/03/23 23:00:00,A,MA_ETR,KM2,SK,2021,,z
ESTAT:SDG_14_60(1.0),13/03/23 23:00:00,A,MA_ETR,KM2,SK,2022,,z
ESTAT:SDG_14_60(1.0),13/03/23 23:00:00,A,MA_ETR,PC,AT,2000,,z
ESTAT:SDG_14_60(1.0),13/03/23 23:00:00,A,MA_ETR,PC,AT,2001,,z
ESTAT:SDG_14_60(1.0),13/03/23 23:00:00,A,MA_ETR,PC,AT,2002,,z
ESTAT:SDG_14_60(1.0),13/03/23 23:00:00,A,MA_ETR,PC,AT,2003,,z
ESTAT:SDG_14_60(1.0),13/03/23 23:00:00,A,MA_ETR,PC,AT,2004,,z
ESTAT:SDG_14_60(1.0),13/03/23 23:00:00,A,MA_ETR,PC,AT,2005,,z
ESTAT:SDG_14_60(1.0),13/03/23 23:00:00,A,MA_ETR,PC,AT,2006,,z
ESTAT:SDG_14_60(1.0),13/03/23 23:00:00,A,MA_ETR,PC,AT,2007,,z
ESTAT:SDG_14_60(1.0),13/03/23 23:00:00,A,MA_ETR,PC,AT,2008,,z
ESTAT:SDG_14_60(1.0),13/03/23 23:00:00,A,MA_ETR,PC,AT,2009,,z
ESTAT:SDG_14_60(1.0),13/03/23 23:00:00,A,MA_ETR,PC,AT,2010,,z
ESTAT:SDG_14_60(1.0),13/03/23 23:00:00,A,MA_ETR,PC,AT,2011,,z
ESTAT:SDG_14_60(1.0),13/03/23 23:00:00,A,MA_ETR,PC,AT,2012,,z
ESTAT:SDG_14_60(1.0),13/03/23 23:00:00,A,MA_ETR,PC,AT,2013,,z
ESTAT:SDG_14_60(1.0),13/03/23 23:00:00,A,MA_ETR,PC,AT,2014,,z
ESTAT:SDG_14_60(1.0),13/03/23 23:00:00,A,MA_ETR,PC,AT,2015,,z
ESTAT:SDG_14_60(1.0),13/03/23 23:00:00,A,MA_ETR,PC,AT,2016,,z
ESTAT:SDG_14_60(1.0),13/03/23 23:00:00,A,MA_ETR,PC,AT,2017,,z
ESTAT:SDG_14_60(1.0),13/03/23 23:00:00,A,MA_ETR,PC,AT,2018,,z
ESTAT:SDG_14_60(1.0),13/03/23 23:00:00,A,MA_ETR,PC,AT,2019,,z
ESTAT:SDG_14_60(1.0),13/03/23 23:00:00,A,MA_ETR,PC,AT,2020,,z
ESTAT:SDG_14_60(1.0),13/03/23 23:00:00,A,MA_ETR,PC,AT,2021,,z
ESTAT:SDG_14_60(1.0),13/03/23 23:00:00,A,MA_ETR,PC,AT,2022,,z
ESTAT:SDG_14_60(1.0),13/03/23 23:00:00,A,MA_ETR,PC,BE,2000,0.00,
ESTAT:SDG_14_60(1.0),13/03/23 23:00:00,A,MA_ETR,PC,BE,2001,15.78,
ESTAT:SDG_14_60(1.0),13/03/23 23:00:00,A,MA_ETR,PC,BE,2002,23.46,
ESTAT:SDG_14_60(1.0),13/03/23 23:00:00,A,MA_ETR,PC,BE,2003,0.00,
ESTAT:SDG_14_60(1.0),13/03/23 23:00:00,A,MA_ETR,PC,BE,2004,0.00,
ESTAT:SDG_14_60(1.0),13/03/23 23:00:00,A,MA_ETR,PC,BE,2005,0.00,
ESTAT:SDG_14_60(1.0),13/03/23 23:00:00,A,MA_ETR,PC,BE,2006,0.00,
ESTAT:SDG_14_60(1.0),13/03/23 23:00:00,A,MA_ETR,PC,BE,2007,0.00,
ESTAT:SDG_14_60(1.0),13/03/23 23:00:00,A,MA_ETR,PC,BE,2008,0.00,
ESTAT:SDG_14_60(1.0),13/03/23 23:00:00,A,MA_ETR,PC,BE,2009,0.00,
ESTAT:SDG_14_60(1.0),13/03/23 23:00:00,A,MA_ETR,PC,BE,2010,0.10,
ESTAT:SDG_14_60(1.0),13/03/23 23:00:00,A,MA_ETR,PC,BE,2011,0.00,
ESTAT:SDG_14_60(1.0),13/03/23 23:00:00,A,MA_ETR,PC,BE,2012,0.00,
ESTAT:SDG_14_60(1.0),13/03/23 23:00:00,A,MA_ETR,PC,BE,2013,0.00,
ESTAT:SDG_14_60(1.0),13/03/23 23:00:00,A,MA_ETR,PC,BE,2014,0.00,
ESTAT:SDG_14_60(1.0),13/03/23 23:00:00,A,MA_ETR,PC,BE,2015,0.00,
ESTAT:SDG_14_60(1.0),13/03/23 23:00:00,A,MA_ETR,PC,BE,2016,0.00,
ESTAT:SDG_14_60(1.0),13/03/23 23:00:00,A,MA_ETR,PC,BE,2017,0.00,
ESTAT:SDG_14_60(1.0),13/03/23 23:00:00,A,MA_ETR,PC,BE,2018,0.00,
ESTAT:SDG_14_60(1.0),13/03/23 23:00:00,A,MA_ETR,PC,BE,2019,0.00,
ESTAT:SDG_14_60(1.0),13/03/23 23:00:00,A,MA_ETR,PC,BE,2020,0.00,
ESTAT:SDG_14_60(1.0),13/03/23 23:00:00,A,MA_ETR,PC,BE,2021,0.00,
ESTAT:SDG_14_60(1.0),13/03/23 23:00:00,A,MA_ETR,PC,BE,2022,0.00,
ESTAT:SDG_14_60(1.0),13/03/23 23:00:00,A,MA_ETR,PC,BG,2000,0.07,
ESTAT:SDG_14_60(1.0),13/03/23 23:00:00,A,MA_ETR,PC,BG,2001,25.15,
ESTAT:SDG_14_60(1.0),13/03/23 23:00:00,A,MA_ETR,PC,BG,2002,0.03,
ESTAT:SDG_14_60(1.0),13/03/23 23:00:00,A,MA_ETR,PC,BG,2003,0.00,
ESTAT:SDG_14_60(1.0),13/03/23 23:00:00,A,MA_ETR,PC,BG,2004,0.00,
ESTAT:SDG_14_60(1.0),13/03/23 23:00:00,A,MA_ETR,PC,BG,2005,0.00,
ESTAT:SDG_14_60(1.0),13/03/23 23:00:00,A,MA_ETR,PC,BG,2006,0.00,
ESTAT:SDG_14_60(1.0),13/03/23 23:00:00,A,MA_ETR,PC,BG,2007,0.00,
ESTAT:SDG_14_60(1.0),13/03/23 23:00:00,A,MA_ETR,PC,BG,2008,0.00,
ESTAT:SDG_14_60(1.0),13/03/23 23:00:00,A,MA_ETR,PC,BG,2009,0.00,
ESTAT:SDG_14_60(1.0),13/03/23 23:00:00,A,MA_ETR,PC,BG,2010,0.00,
ESTAT:SDG_14_60(1.0),13/03/23 23:00:00,A,MA_ETR,PC,BG,2011,0.00,
ESTAT:SDG_14_60(1.0),13/03/23 23:00:00,A,MA_ETR,PC,BG,2012,0.00,
ESTAT:SDG_14_60(1.0),13/03/23 23:00:00,A,MA_ETR,PC,BG,2013,0.03,
ESTAT:SDG_14_60(1.0),13/03/23 23:00:00,A,MA_ETR,PC,BG,2014,0.04,
ESTAT:SDG_14_60(1.0),13/03/23 23:00:00,A,MA_ETR,PC,BG,2015,0.02,
ESTAT:SDG_14_60(1.0),13/03/23 23:00:00,A,MA_ETR,PC,BG,2016,0.01,
ESTAT:SDG_14_60(1.0),13/03/23 23:00:00,A,MA_ETR,PC,BG,2017,0.02,
ESTAT:SDG_14_60(1.0),13/03/23 23:00:00,A,MA_ETR,PC,BG,2018,0.03,
ESTAT:SDG_14_60(1.0),13/03/23 23:00:00,A,MA_ETR,PC,BG,2019,0.00,
ESTAT:SDG_14_60(1.0),13/03/23 23:00:00,A,MA_ETR,PC,BG,2020,0.00,
ESTAT:SDG_14_60(1.0),13/03/23 23:00:00,A,MA_ETR,PC,BG,2021,0.00,
ESTAT:SDG_14_60(1.0),13/03/23 23:00:00,A,MA_ETR,PC,BG,2022,0.00,
ESTAT:SDG_14_60(1.0),13/03/23 23:00:00,A,MA_ETR,PC,CY,2000,0.05,
ESTAT:SDG_14_60(1.0),13/03/23 23:00:00,A,MA_ETR,PC,CY,2001,0.03,
ESTAT:SDG_14_60(1.0),13/03/23 23:00:00,A,MA_ETR,PC,CY,2002,0.00,
ESTAT:SDG_14_60(1.0),13/03/23 23:00:00,A,MA_ETR,PC,CY,2003,0.00,
ESTAT:SDG_14_60(1.0),13/03/23 23:00:00,A,MA_ETR,PC,CY,2004,0.00,
ESTAT:SDG_14_60(1.0),13/03/23 23:00:00,A,MA_ETR,PC,CY,2005,0.00,
ESTAT:SDG_14_60(1.0),13/03/23 23:00:00,A,MA_ETR,PC,CY,2006,0.00,
ESTAT:SDG_14_60(1.0),13/03/23 23:00:00,A,MA_ETR,PC,CY,2007,0.00,
ESTAT:SDG_14_60(1.0),13/03/23 23:00:00,A,MA_ETR,PC,CY,2008,0.00,
ESTAT:SDG_14_60(1.0),13/03/23 23:00:00,A,MA_ETR,PC,CY,2009,0.00,
ESTAT:SDG_14_60(1.0),13/03/23 23:00:00,A,MA_ETR,PC,CY,2010,0.00,
ESTAT:SDG_14_60(1.0),13/03/23 23:00:00,A,MA_ETR,PC,CY,2011,0.00,
ESTAT:SDG_14_60(1.0),13/03/23 23:00:00,A,MA_ETR,PC,CY,2012,0.00,
ESTAT:SDG_14_60(1.0),13/03/23 23:00:00,A,MA_ETR,PC,CY,2013,0.04,
ESTAT:SDG_14_60(1.0),13/03/23 23:00:00,A,MA_ETR,PC,CY,2014,0.01,
ESTAT:SDG_14_60(1.0),13/03/23 23:00:00,A,MA_ETR,PC,CY,2015,0.03,
ESTAT:SDG_14_60(1.0),13/03/23 23:00:00,A,MA_ETR,PC,CY,2016,0.02,
ESTAT:SDG_14_60(1.0),13/03/23 23:00:00,A,MA_ETR,PC,CY,2017,0.01,
ESTAT:SDG_14_60(1.0),13/03/23 23:00:00,A,MA_ETR,PC,CY,2018,0.06,
ESTAT:SDG_14_60(1.0),13/03/23 23:00:00,A,MA_ETR,PC,CY,2019,0.04,
ESTAT:SDG_14_60(1.0),13/03/23 23:00:00,A,MA_ETR,PC,CY,2020,0.02,
ESTAT:SDG_14_60(1.0),13/03/23 23:00:00,A,MA_ETR,PC,CY,2021,0.01,
ESTAT:SDG_14_60(1.0),13/03/23 23:00:00,A,MA_ETR,PC,CY,2022,0.01,
ESTAT:SDG_14_60(1.0),13/03/23 23:00:00,A,MA_ETR,PC,CZ,2000,,z
ESTAT:SDG_14_60(1.0),13/03/23 23:00:00,A,MA_ETR,PC,CZ,2001,,z
ESTAT:SDG_14_60(1.0),13/03/23 23:00:00,A,MA_ETR,PC,CZ,2002,,z
ESTAT:SDG_14_60(1.0),13/03/23 23:00:00,A,MA_ETR,PC,CZ,2003,,z
ESTAT:SDG_14_60(1.0),13/03/23 23:00:00,A,MA_ETR,PC,CZ,2004,,z
ESTAT:SDG_14_60(1.0),13/03/23 23:00:00,A,MA_ETR,PC,CZ,2005,,z
ESTAT:SDG_14_60(1.0),13/03/23 23:00:00,A,MA_ETR,PC,CZ,2006,,z
ESTAT:SDG_14_60(1.0),13/03/23 23:00:00,A,MA_ETR,PC,CZ,2007,,z
ESTAT:SDG_14_60(1.0),13/03/23 23:00:00,A,MA_ETR,PC,CZ,2008,,z
ESTAT:SDG_14_60(1.0),13/03/23 23:00:00,A,MA_ETR,PC,CZ,2009,,z
ESTAT:SDG_14_60(1.0),13/03/23 23:00:00,A,MA_ETR,PC,CZ,2010,,z
ESTAT:SDG_14_60(1.0),13/03/23 23:00:00,A,MA_ETR,PC,CZ,2011,,z
ESTAT:SDG_14_60(1.0),13/03/23 23:00:00,A,MA_ETR,PC,CZ,2012,,z
ESTAT:SDG_14_60(1.0),13/03/23 23:00:00,A,MA_ETR,PC,CZ,2013,,z
ESTAT:SDG_14_60(1.0),13/03/23 23:00:00,A,MA_ETR,PC,CZ,2014,,z
ESTAT:SDG_14_60(1.0),13/03/23 23:00:00,A,MA_ETR,PC,CZ,2015,,z
ESTAT:SDG_14_60(1.0),13/03/23 23:00:00,A,MA_ETR,PC,CZ,2016,,z
ESTAT:SDG_14_60(1.0),13/03/23 23:00:00,A,MA_ETR,PC,CZ,2017,,z
ESTAT:SDG_14_60(1.0),13/03/23 23:00:00,A,MA_ETR,PC,CZ,2018,,z
ESTAT:SDG_14_60(1.0),13/03/23 23:00:00,A,MA_ETR,PC,CZ,2019,,z
ESTAT:SDG_14_60(1.0),13/03/23 23:00:00,A,MA_ETR,PC,CZ,2020,,z
ESTAT:SDG_14_60(1.0),13/03/23 23:00:00,A,MA_ETR,PC,CZ,2021,,z
ESTAT:SDG_14_60(1.0),13/03/23 23:00:00,A,MA_ETR,PC,CZ,2022,,z
ESTAT:SDG_14_60(1.0),13/03/23 23:00:00,A,MA_ETR,PC,DE,2000,2.95,
ESTAT:SDG_14_60(1.0),13/03/23 23:00:00,A,MA_ETR,PC,DE,2001,0.15,
ESTAT:SDG_14_60(1.0),13/03/23 23:00:00,A,MA_ETR,PC,DE,2002,0.07,
ESTAT:SDG_14_60(1.0),13/03/23 23:00:00,A,MA_ETR,PC,DE,2003,0.00,
ESTAT:SDG_14_60(1.0),13/03/23 23:00:00,A,MA_ETR,PC,DE,2004,0.00,
ESTAT:SDG_14_60(1.0),13/03/23 23:00:00,A,MA_ETR,PC,DE,2005,0.00,
ESTAT:SDG_14_60(1.0),13/03/23 23:00:00,A,MA_ETR,PC,DE,2006,0.03,
ESTAT:SDG_14_60(1.0),13/03/23 23:00:00,A,MA_ETR,PC,DE,2007,0.30,
ESTAT:SDG_14_60(1.0),13/03/23 23:00:00,A,MA_ETR,PC,DE,2008,0.54,
ESTAT:SDG_14_60(1.0),13/03/23 23:00:00,A,MA_ETR,PC,DE,2009,0.00,
ESTAT:SDG_14_60(1.0),13/03/23 23:00:00,A,MA_ETR,PC,DE,2010,0.00,
ESTAT:SDG_14_60(1.0),13/03/23 23:00:00,A,MA_ETR,PC,DE,2011,0.27,
ESTAT:SDG_14_60(1.0),13/03/23 23:00:00,A,MA_ETR,PC,DE,2012,0.00,
ESTAT:SDG_14_60(1.0),13/03/23 23:00:00,A,MA_ETR,PC,DE,2013,0.23,
ESTAT:SDG_14_60(1.0),13/03/23 23:00:00,A,MA_ETR,PC,DE,2014,0.00,
ESTAT:SDG_14_60(1.0),13/03/23 23:00:00,A,MA_ETR,PC,DE,2015,0.00,
ESTAT:SDG_14_60(1.0),13/03/23 23:00:00,A,MA_ETR,PC,DE,2016,0.00,
ESTAT:SDG_14_60(1.0),13/03/23 23:00:00,A,MA_ETR,PC,DE,2017,0.00,
ESTAT:SDG_14_60(1.0),13/03/23 23:00:00,A,MA_ETR,PC,DE,2018,0.06,
ESTAT:SDG_14_60(1.0),13/03/23 23:00:00,A,MA_ETR,PC,DE,2019,0.00,
ESTAT:SDG_14_60(1.0),13/03/23 23:00:00,A,MA_ETR,PC,DE,2020,1.52,
ESTAT:SDG_14_60(1.0),13/03/23 23:00:00,A,MA_ETR,PC,DE,2021,0.02,
ESTAT:SDG_14_60(1.0),13/03/23 23:00:00,A,MA_ETR,PC,DE,2022,0.02,
ESTAT:SDG_14_60(1.0),13/03/23 23:00:00,A,MA_ETR,PC,DK,2000,5.40,
ESTAT:SDG_14_60(1.0),13/03/23 23:00:00,A,MA_ETR,PC,DK,2001,0.17,
ESTAT:SDG_14_60(1.0),13/03/23 23:00:00,A,MA_ETR,PC,DK,2002,1.07,
ESTAT:SDG_14_60(1.0),13/03/23 23:00:00,A,MA_ETR,PC,DK,2003,0.00,
ESTAT:SDG_14_60(1.0),13/03/23 23:00:00,A,MA_ETR,PC,DK,2004,0.00,
ESTAT:SDG_14_60(1.0),13/03/23 23:00:00,A,MA_ETR,PC,DK,2005,0.00,
ESTAT:SDG_14_60(1.0),13/03/23 23:00:00,A,MA_ETR,PC,DK,2006,0.01,
ESTAT:SDG_14_60(1.0),13/03/23 23:00:00,A,MA_ETR,PC,DK,2007,4.52,
ESTAT:SDG_14_60(1.0),13/03/23 23:00:00,A,MA_ETR,PC,DK,2008,1.84,
ESTAT:SDG_14_60(1.0),13/03/23 23:00:00,A,MA_ETR,PC,DK,2009,0.05,
ESTAT:SDG_14_60(1.0),13/03/23 23:00:00,A,MA_ETR,PC,DK,2010,0.00,
ESTAT:SDG_14_60(1.0),13/03/23 23:00:00,A,MA_ETR,PC,DK,2011,8.43,
ESTAT:SDG_14_60(1.0),13/03/23 23:00:00,A,MA_ETR,PC,DK,2012,0.00,
ESTAT:SDG_14_60(1.0),13/03/23 23:00:00,A,MA_ETR,PC,DK,2013,0.17,
ESTAT:SDG_14_60(1.0),13/03/23 23:00:00,A,MA_ETR,PC,DK,2014,0.00,
ESTAT:SDG_14_60(1.0),13/03/23 23:00:00,A,MA_ETR,PC,DK,2015,0.71,
ESTAT:SDG_14_60(1.0),13/03/23 23:00:00,A,MA_ETR,PC,DK,2016,0.02,
ESTAT:SDG_14_60(1.0),13/03/23 23:00:00,A,MA_ETR,PC,DK,2017,0.01,
ESTAT:SDG_14_60(1.0),13/03/23 23:00:00,A,MA_ETR,PC,DK,2018,0.02,
ESTAT:SDG_14_60(1.0),13/03/23 23:00:00,A,MA_ETR,PC,DK,2019,0.00,
ESTAT:SDG_14_60(1.0),13/03/23 23:00:00,A,MA_ETR,PC,DK,2020,0.03,
ESTAT:SDG_14_60(1.0),13/03/23 23:00:00,A,MA_ETR,PC,DK,2021,0.74,
ESTAT:SDG_14_60(1.0),13/03/23 23:00:00,A,MA_ETR,PC,DK,2022,2.44,
ESTAT:SDG_14_60(1.0),13/03/23 23:00:00,A,MA_ETR,PC,EE,2000,0.05,
ESTAT:SDG_14_60(1.0),13/03/23 23:00:00,A,MA_ETR,PC,EE,2001,0.14,
ESTAT:SDG_14_60(1.0),13/03/23 23:00:00,A,MA_ETR,PC,EE,2002,0.00,
ESTAT:SDG_14_60(1.0),13/03/23 23:00:00,A,MA_ETR,PC,EE,2003,0.00,
ESTAT:SDG_14_60(1.0),13/03/23 23:00:00,A,MA_ETR,PC,EE,2004,0.00,
ESTAT:SDG_14_60(1.0),13/03/23 23:00:00,A,MA_ETR,PC,EE,2005,0.00,
ESTAT:SDG_14_60(1.0),13/03/23 23:00:00,A,MA_ETR,PC,EE,2006,0.00,
ESTAT:SDG_14_60(1.0),13/03/23 23:00:00,A,MA_ETR,PC,EE,2007,0.00,
ESTAT:SDG_14_60(1.0),13/03/23 23:00:00,A,MA_ETR,PC,EE,2008,0.00,
ESTAT:SDG_14_60(1.0),13/03/23 23:00:00,A,MA_ETR,PC,EE,2009,0.00,
ESTAT:SDG_14_60(1.0),13/03/23 23:00:00,A,MA_ETR,PC,EE,2010,0.07,
ESTAT:SDG_14_60(1.0),13/03/23 23:00:00,A,MA_ETR,PC,EE,2011,0.03,
ESTAT:SDG_14_60(1.0),13/03/23 23:00:00,A,MA_ETR,PC,EE,2012,0.27,
ESTAT:SDG_14_60(1.0),13/03/23 23:00:00,A,MA_ETR,PC,EE,2013,0.55,
ESTAT:SDG_14_60(1.0),13/03/23 23:00:00,A,MA_ETR,PC,EE,2014,0.16,
ESTAT:SDG_14_60(1.0),13/03/23 23:00:00,A,MA_ETR,PC,EE,2015,0.29,
ESTAT:SDG_14_60(1.0),13/03/23 23:00:00,A,MA_ETR,PC,EE,2016,0.18,
ESTAT:SDG_14_60(1.0),13/03/23 23:00:00,A,MA_ETR,PC,EE,2017,0.30,
ESTAT:SDG_14_60(1.0),13/03/23 23:00:00,A,MA_ETR,PC,EE,2018,1.13,
ESTAT:SDG_14_60(1.0),13/03/23 23:00:00,A,MA_ETR,PC,EE,2019,0.33,
ESTAT:SDG_14_60(1.0),13/03/23 23:00:00,A,MA_ETR,PC,EE,2020,0.29,
ESTAT:SDG_14_60(1.0),13/03/23 23:00:00,A,MA_ETR,PC,EE,2021,0.04,
ESTAT:SDG_14_60(1.0),13/03/23 23:00:00,A,MA_ETR,PC,EE,2022,0.00,
ESTAT:SDG_14_60(1.0),13/03/23 23:00:00,A,MA_ETR,PC,EL,2000,0.09,
ESTAT:SDG_14_60(1.0),13/03/23 23:00:00,A,MA_ETR,PC,EL,2001,0.09,
ESTAT:SDG_14_60(1.0),13/03/23 23:00:00,A,MA_ETR,PC,EL,2002,0.01,
ESTAT:SDG_14_60(1.0),13/03/23 23:00:00,A,MA_ETR,PC,EL,2003,0.01,
ESTAT:SDG_14_60(1.0),13/03/23 23:00:00,A,MA_ETR,PC,EL,2004,0.00,
ESTAT:SDG_14_60(1.0),13/03/23 23:00:00,A,MA_ETR,PC,EL,2005,0.00,
ESTAT:SDG_14_60(1.0),13/03/23 23:00:00,A,MA_ETR,PC,EL,2006,0.00,
ESTAT:SDG_14_60(1.0),13/03/23 23:00:00,A,MA_ETR,PC,EL,2007,0.00,
ESTAT:SDG_14_60(1.0),13/03/23 23:00:00,A,MA_ETR,PC,EL,2008,0.00,
ESTAT:SDG_14_60(1.0),13/03/23 23:00:00,A,MA_ETR,PC,EL,2009,0.00,
ESTAT:SDG_14_60(1.0),13/03/23 23:00:00,A,MA_ETR,PC,EL,2010,0.00,
ESTAT:SDG_14_60(1.0),13/03/23 23:00:00,A,MA_ETR,PC,EL,2011,0.01,
ESTAT:SDG_14_60(1.0),13/03/23 23:00:00,A,MA_ETR,PC,EL,2012,0.01,
ESTAT:SDG_14_60(1.0),13/03/23 23:00:00,A,MA_ETR,PC,EL,2013,0.10,
ESTAT:SDG_14_60(1.0),13/03/23 23:00:00,A,MA_ETR,PC,EL,2014,0.11,
ESTAT:SDG_14_60(1.0),13/03/23 23:00:00,A,MA_ETR,PC,EL,2015,0.22,
ESTAT:SDG_14_60(1.0),13/03/23 23:00:00,A,MA_ETR,PC,EL,2016,0.12,
ESTAT:SDG_14_60(1.0),13/03/23 23:00:00,A,MA_ETR,PC,EL,2017,0.10,
ESTAT:SDG_14_60(1.0),13/03/23 23:00:00,A,MA_ETR,PC,EL,2018,0.22,
ESTAT:SDG_14_60(1.0),13/03/23 23:00:00,A,MA_ETR,PC,EL,2019,0.20,
ESTAT:SDG_14_60(1.0),13/03/23 23:00:00,A,MA_ETR,PC,EL,2020,0.09,
ESTAT:SDG_14_60(1.0),13/03/23 23:00:00,A,MA_ETR,PC,EL,2021,2.80,
ESTAT:SDG_14_60(1.0),13/03/23 23:00:00,A,MA_ETR,PC,EL,2022,0.02,
ESTAT:SDG_14_60(1.0),13/03/23 23:00:00,A,MA_ETR,PC,ES,2000,0.36,
ESTAT:SDG_14_60(1.0),13/03/23 23:00:00,A,MA_ETR,PC,ES,2001,0.35,
ESTAT:SDG_14_60(1.0),13/03/23 23:00:00,A,MA_ETR,PC,ES,2002,0.27,
ESTAT:SDG_14_60(1.0),13/03/23 23:00:00,A,MA_ETR,PC,ES,2003,0.00,
ESTAT:SDG_14_60(1.0),13/03/23 23:00:00,A,MA_ETR,PC,ES,2004,0.01,
ESTAT:SDG_14_60(1.0),13/03/23 23:00:00,A,MA_ETR,PC,ES,2005,0.24,
ESTAT:SDG_14_60(1.0),13/03/23 23:00:00,A,MA_ETR,PC,ES,2006,0.03,
ESTAT:SDG_14_60(1.0),13/03/23 23:00:00,A,MA_ETR,PC,ES,2007,2.51,
ESTAT:SDG_14_60(1.0),13/03/23 23:00:00,A,MA_ETR,PC,ES,2008,0.05,
ESTAT:SDG_14_60(1.0),13/03/23 23:00:00,A,MA_ETR,PC,ES,2009,0.01,
ESTAT:SDG_14_60(1.0),13/03/23 23:00:00,A,MA_ETR,PC,ES,2010,0.78,
ESTAT:SDG_14_60(1.0),13/03/23 23:00:00,A,MA_ETR,PC,ES,2011,0.00,
ESTAT:SDG_14_60(1.0),13/03/23 23:00:00,A,MA_ETR,PC,ES,2012,0.17,
ESTAT:SDG_14_60(1.0),13/03/23 23:00:00,A,MA_ETR,PC,ES,2013,0.09,
ESTAT:SDG_14_60(1.0),13/03/23 23:00:00,A,MA_ETR,PC,ES,2014,0.03,
ESTAT:SDG_14_60(1.0),13/03/23 23:00:00,A,MA_ETR,PC,ES,2015,1.61,
ESTAT:SDG_14_60(1.0),13/03/23 23:00:00,A,MA_ETR,PC,ES,2016,0.18,
ESTAT:SDG_14_60(1.0),13/03/23 23:00:00,A,MA_ETR,PC,ES,2017,0.00,
ESTAT:SDG_14_60(1.0),13/03/23 23:00:00,A,MA_ETR,PC,ES,2018,2.71,
ESTAT:SDG_14_60(1.0),13/03/23 23:00:00,A,MA_ETR,PC,ES,2019,0.58,
ESTAT:SDG_14_60(1.0),13/03/23 23:00:00,A,MA_ETR,PC,ES,2020,0.41,
ESTAT:SDG_14_60(1.0),13/03/23 23:00:00,A,MA_ETR,PC,ES,2021,0.91,
ESTAT:SDG_14_60(1.0),13/03/23 23:00:00,A,MA_ETR,PC,ES,2022,0.60,
ESTAT:SDG_14_60(1.0),13/03/23 23:00:00,A,MA_ETR,PC,EU_V,2000,0.40,
ESTAT:SDG_14_60(1.0),13/03/23 23:00:00,A,MA_ETR,PC,EU_V,2001,1.41,
ESTAT:SDG_14_60(1.0),13/03/23 23:00:00,A,MA_ETR,PC,EU_V,2002,3.33,
ESTAT:SDG_14_60(1.0),13/03/23 23:00:00,A,MA_ETR,PC,EU_V,2003,0.38,
ESTAT:SDG_14_60(1.0),13/03/23 23:00:00,A,MA_ETR,PC,EU_V,2004,0.02,
ESTAT:SDG_14_60(1.0),13/03/23 23:00:00,A,MA_ETR,PC,EU_V,2005,0.23,
ESTAT:SDG_14_60(1.0),13/03/23 23:00:00,A,MA_ETR,PC,EU_V,2006,0.01,
ESTAT:SDG_14_60(1.0),13/03/23 23:00:00,A,MA_ETR,PC,EU_V,2007,0.85,
ESTAT:SDG_14_60(1.0),13/03/23 23:00:00,A,MA_ETR,PC,EU_V,2008,0.78,
ESTAT:SDG_14_60(1.0),13/03/23 23:00:00,A,MA_ETR,PC,EU_V,2009,0.07,
ESTAT:SDG_14_60(1.0),13/03/23 23:00:00,A,MA_ETR,PC,EU_V,2010,0.21,
ESTAT:SDG_14_60(1.0),13/03/23 23:00:00,A,MA_ETR,PC,EU_V,2011,0.22,
ESTAT:SDG_14_60(1.0),13/03/23 23:00:00,A,MA_ETR,PC,EU_V,2012,0.21,
ESTAT:SDG_14_60(1.0),13/03/23 23:00:00,A,MA_ETR,PC,EU_V,2013,0.10,
ESTAT:SDG_14_60(1.0),13/03/23 23:00:00,A,MA_ETR,PC,EU_V,2014,0.08,
ESTAT:SDG_14_60(1.0),13/03/23 23:00:00,A,MA_ETR,PC,EU_V,2015,0.54,
ESTAT:SDG_14_60(1.0),13/03/23 23:00:00,A,MA_ETR,PC,EU_V,2016,0.16,
ESTAT:SDG_14_60(1.0),13/03/23 23:00:00,A,MA_ETR,PC,EU_V,2017,0.05,
ESTAT:SDG_14_60(1.0),13/03/23 23:00:00,A,MA_ETR,PC,EU_V,2018,0.85,
ESTAT:SDG_14_60(1.0),13/03/23 23:00:00,A,MA_ETR,PC,EU_V,2019,0.25,
ESTAT:SDG_14_60(1.0),13/03/23 23:00:00,A,MA_ETR,PC,EU_V,2020,0.20,
ESTAT:SDG_14_60(1.0),13/03/23 23:00:00,A,MA_ETR,PC,EU_V,2021,0.57,
ESTAT:SDG_14_60(1.0),13/03/23 23:00:00,A,MA_ETR,PC,EU_V,2022,1.02,
ESTAT:SDG_14_60(1.0),13/03/23 23:00:00,A,MA_ETR,PC,FI,2000,1.58,
ESTAT:SDG_14_60(1.0),13/03/23 23:00:00,A,MA_ETR,PC,FI,2001,3.95,
ESTAT:SDG_14_60(1.0),13/03/23 23:00:00,A,MA_ETR,PC,FI,2002,0.02,
ESTAT:SDG_14_60(1.0),13/03/23 23:00:00,A,MA_ETR,PC,FI,2003,0.01,
ESTAT:SDG_14_60(1.0),13/03/23 23:00:00,A,MA_ETR,PC,FI,2004,0.00,
ESTAT:SDG_14_60(1.0),13/03/23 23:00:00,A,MA_ETR,PC,FI,2005,0.01,
ESTAT:SDG_14_60(1.0),13/03/23 23:00:00,A,MA_ETR,PC,FI,2006,0.01,
ESTAT:SDG_14_60(1.0),13/03/23 23:00:00,A,MA_ETR,PC,FI,2007,0.00,
ESTAT:SDG_14_60(1.0),13/03/23 23:00:00,A,MA_ETR,PC,FI,2008,0.00,
ESTAT:SDG_14_60(1.0),13/03/23 23:00:00,A,MA_ETR,PC,FI,2009,0.00,
ESTAT:SDG_14_60(1.0),13/03/23 23:00:00,A,MA_ETR,PC,FI,2010,0.01,
ESTAT:SDG_14_60(1.0),13/03/23 23:00:00,A,MA_ETR,PC,FI,2011,0.02,
ESTAT:SDG_14_60(1.0),13/03/23 23:00:00,A,MA_ETR,PC,FI,2012,0.27,
ESTAT:SDG_14_60(1.0),13/03/23 23:00:00,A,MA_ETR,PC,FI,2013,0.40,
ESTAT:SDG_14_60(1.0),13/03/23 23:00:00,A,MA_ETR,PC,FI,2014,0.27,
ESTAT:SDG_14_60(1.0),13/03/23 23:00:00,A,MA_ETR,PC,FI,2015,0.37,
ESTAT:SDG_14_60(1.0),13/03/23 23:00:00,A,MA_ETR,PC,FI,2016,0.37,
ESTAT:SDG_14_60(1.0),13/03/23 23:00:00,A,MA_ETR,PC,FI,2017,0.37,
ESTAT:SDG_14_60(1.0),13/03/23 23:00:00,A,MA_ETR,PC,FI,2018,0.44,
ESTAT:SDG_14_60(1.0),13/03/23 23:00:00,A,MA_ETR,PC,FI,2019,0.57,
ESTAT:SDG_14_60(1.0),13/03/23 23:00:00,A,MA_ETR,PC,FI,2020,0.66,
ESTAT:SDG_14_60(1.0),13/03/23 23:00:00,A,MA_ETR,PC,FI,2021,0.11,
ESTAT:SDG_14_60(1.0),13/03/23 23:00:00,A,MA_ETR,PC,FI,2022,1.28,
ESTAT:SDG_14_60(1.0),13/03/23 23:00:00,A,MA_ETR,PC,FR,2000,1.20,
ESTAT:SDG_14_60(1.0),13/03/23 23:00:00,A,MA_ETR,PC,FR,2001,1.45,
ESTAT:SDG_14_60(1.0),13/03/23 23:00:00,A,MA_ETR,PC,FR,2002,0.17,
ESTAT:SDG_14_60(1.0),13/03/23 23:00:00,A,MA_ETR,PC,FR,2003,0.57,
ESTAT:SDG_14_60(1.0),13/03/23 23:00:00,A,MA_ETR,PC,FR,2004,0.27,
ESTAT:SDG_14_60(1.0),13/03/23 23:00:00,A,MA_ETR,PC,FR,2005,0.00,
ESTAT:SDG_14_60(1.0),13/03/23 23:00:00,A,MA_ETR,PC,FR,2006,0.00,
ESTAT:SDG_14_60(1.0),13/03/23 23:00:00,A,MA_ETR,PC,FR,2007,4.26,
ESTAT:SDG_14_60(1.0),13/03/23 23:00:00,A,MA_ETR,PC,FR,2008,2.01,
ESTAT:SDG_14_60(1.0),13/03/23 23:00:00,A,MA_ETR,PC,FR,2009,0.11,
ESTAT:SDG_14_60(1.0),13/03/23 23:00:00,A,MA_ETR,PC,FR,2010,0.29,
ESTAT:SDG_14_60(1.0),13/03/23 23:00:00,A,MA_ETR,PC,FR,2011,0.02,
ESTAT:SDG_14_60(1.0),13/03/23 23:00:00,A,MA_ETR,PC,FR,2012,0.00,
ESTAT:SDG_14_60(1.0),13/03/23 23:00:00,A,MA_ETR,PC,FR,2013,0.19,
ESTAT:SDG_14_60(1.0),13/03/23 23:00:00,A,MA_ETR,PC,FR,2014,0.02,
ESTAT:SDG_14_60(1.0),13/03/23 23:00:00,A,MA_ETR,PC,FR,2015,0.04,
ESTAT:SDG_14_60(1.0),13/03/23 23:00:00,A,MA_ETR,PC,FR,2016,0.03,
ESTAT:SDG_14_60(1.0),13/03/23 23:00:00,A,MA_ETR,PC,FR,2017,0.02,
ESTAT:SDG_14_60(1.0),13/03/23 23:00:00,A,MA_ETR,PC,FR,2018,0.94,
ESTAT:SDG_14_60(1.0),13/03/23 23:00:00,A,MA_ETR,PC,FR,2019,0.08,
ESTAT:SDG_14_60(1.0),13/03/23 23:00:00,A,MA_ETR,PC,FR,2020,0.25,
ESTAT:SDG_14_60(1.0),13/03/23 23:00:00,A,MA_ETR,PC,FR,2021,0.04,
ESTAT:SDG_14_60(1.0),13/03/23 23:00:00,A,MA_ETR,PC,FR,2022,0.38,
ESTAT:SDG_14_60(1.0),13/03/23 23:00:00,A,MA_ETR,PC,HR,2000,0.10,
ESTAT:SDG_14_60(1.0),13/03/23 23:00:00,A,MA_ETR,PC,HR,2001,0.38,
ESTAT:SDG_14_60(1.0),13/03/23 23:00:00,A,MA_ETR,PC,HR,2002,0.01,
ESTAT:SDG_14_60(1.0),13/03/23 23:00:00,A,MA_ETR,PC,HR,2003,0.00,
ESTAT:SDG_14_60(1.0),13/03/23 23:00:00,A,MA_ETR,PC,HR,2004,0.00,
ESTAT:SDG_14_60(1.0),13/03/23 23:00:00,A,MA_ETR,PC,HR,2005,0.00,
ESTAT:SDG_14_60(1.0),13/03/23 23:00:00,A,MA_ETR,PC,HR,2006,0.00,
ESTAT:SDG_14_60(1.0),13/03/23 23:00:00,A,MA_ETR,PC,HR,2007,0.00,
ESTAT:SDG_14_60(1.0),13/03/23 23:00:00,A,MA_ETR,PC,HR,2008,0.00,
ESTAT:SDG_14_60(1.0),13/03/23 23:00:00,A,MA_ETR,PC,HR,2009,0.00,
ESTAT:SDG_14_60(1.0),13/03/23 23:00:00,A,MA_ETR,PC,HR,2010,0.01,
ESTAT:SDG_14_60(1.0),13/03/23 23:00:00,A,MA_ETR,PC,HR,2011,0.04,
ESTAT:SDG_14_60(1.0),13/03/23 23:00:00,A,MA_ETR,PC,HR,2012,0.01,
ESTAT:SDG_14_60(1.0),13/03/23 23:00:00,A,MA_ETR,PC,HR,2013,0.47,
ESTAT:SDG_14_60(1.0),13/03/23 23:00:00,A,MA_ETR,PC,HR,2014,0.21,
ESTAT:SDG_14_60(1.0),13/03/23 23:00:00,A,MA_ETR,PC,HR,2015,0.23,
ESTAT:SDG_14_60(1.0),13/03/23 23:00:00,A,MA_ETR,PC,HR,2016,0.22,
ESTAT:SDG_14_60(1.0),13/03/23 23:00:00,A,MA_ETR,PC,HR,2017,0.25,
ESTAT:SDG_14_60(1.0),13/03/23 23:00:00,A,MA_ETR,PC,HR,2018,0.59,
ESTAT:SDG_14_60(1.0),13/03/23 23:00:00,A,MA_ETR,PC,HR,2019,0.22,
ESTAT:SDG_14_60(1.0),13/03/23 23:00:00,A,MA_ETR,PC,HR,2020,0.42,
ESTAT:SDG_14_60(1.0),13/03/23 23:00:00,A,MA_ETR,PC,HR,2021,0.06,
ESTAT:SDG_14_60(1.0),13/03/23 23:00:00,A,MA_ETR,PC,HR,2022,0.02,
ESTAT:SDG_14_60(1.0),13/03/23 23:00:00,A,MA_ETR,PC,HU,2000,,z
ESTAT:SDG_14_60(1.0),13/03/23 23:00:00,A,MA_ETR,PC,HU,2001,,z
ESTAT:SDG_14_60(1.0),13/03/23 23:00:00,A,MA_ETR,PC,HU,2002,,z
ESTAT:SDG_14_60(1.0),13/03/23 23:00:00,A,MA_ETR,PC,HU,2003,,z
ESTAT:SDG_14_60(1.0),13/03/23 23:00:00,A,MA_ETR,PC,HU,2004,,z
ESTAT:SDG_14_60(1.0),13/03/23 23:00:00,A,MA_ETR,PC,HU,2005,,z
ESTAT:SDG_14_60(1.0),13/03/23 23:00:00,A,MA_ETR,PC,HU,2006,,z
ESTAT:SDG_14_60(1.0),13/03/23 23:00:00,A,MA_ETR,PC,HU,2007,,z
ESTAT:SDG_14_60(1.0),13/03/23 23:00:00,A,MA_ETR,PC,HU,2008,,z
ESTAT:SDG_14_60(1.0),13/03/23 23:00:00,A,MA_ETR,PC,HU,2009,,z
ESTAT:SDG_14_60(1.0),13/03/23 23:00:00,A,MA_ETR,PC,HU,2010,,z
ESTAT:SDG_14_60(1.0),13/03/23 23:00:00,A,MA_ETR,PC,HU,2011,,z
ESTAT:SDG_14_60(1.0),13/03/23 23:00:00,A,MA_ETR,PC,HU,2012,,z
ESTAT:SDG_14_60(1.0),13/03/23 23:00:00,A,MA_ETR,PC,HU,2013,,z
ESTAT:SDG_14_60(1.0),13/03/23 23:00:00,A,MA_ETR,PC,HU,2014,,z
ESTAT:SDG_14_60(1.0),13/03/23 23:00:00,A,MA_ETR,PC,HU,2015,,z
ESTAT:SDG_14_60(1.0),13/03/23 23:00:00,A,MA_ETR,PC,HU,2016,,z
ESTAT:SDG_14_60(1.0),13/03/23 23:00:00,A,MA_ETR,PC,HU,2017,,z
ESTAT:SDG_14_60(1.0),13/03/23 23:00:00,A,MA_ETR,PC,HU,2018,,z
ESTAT:SDG_14_60(1.0),13/03/23 23:00:00,A,MA_ETR,PC,HU,2019,,z
ESTAT:SDG_14_60(1.0),13/03/23 23:00:00,A,MA_ETR,PC,HU,2020,,z
ESTAT:SDG_14_60(1.0),13/03/23 23:00:00,A,MA_ETR,PC,HU,2021,,z
ESTAT:SDG_14_60(1.0),13/03/23 23:00:00,A,MA_ETR,PC,HU,2022,,z
ESTAT:SDG_14_60(1.0),13/03/23 23:00:00,A,MA_ETR,PC,IE,2000,0.14,
ESTAT:SDG_14_60(1.0),13/03/23 23:00:00,A,MA_ETR,PC,IE,2001,0.00,
ESTAT:SDG_14_60(1.0),13/03/23 23:00:00,A,MA_ETR,PC,IE,2002,0.01,
ESTAT:SDG_14_60(1.0),13/03/23 23:00:00,A,MA_ETR,PC,IE,2003,0.00,
ESTAT:SDG_14_60(1.0),13/03/23 23:00:00,A,MA_ETR,PC,IE,2004,0.00,
ESTAT:SDG_14_60(1.0),13/03/23 23:00:00,A,MA_ETR,PC,IE,2005,0.00,
ESTAT:SDG_14_60(1.0),13/03/23 23:00:00,A,MA_ETR,PC,IE,2006,0.00,
ESTAT:SDG_14_60(1.0),13/03/23 23:00:00,A,MA_ETR,PC,IE,2007,0.00,
ESTAT:SDG_14_60(1.0),13/03/23 23:00:00,A,MA_ETR,PC,IE,2008,0.00,
ESTAT:SDG_14_60(1.0),13/03/23 23:00:00,A,MA_ETR,PC,IE,2009,0.02,
ESTAT:SDG_14_60(1.0),13/03/23 23:00:00,A,MA_ETR,PC,IE,2010,0.00,
ESTAT:SDG_14_60(1.0),13/03/23 23:00:00,A,MA_ETR,PC,IE,2011,0.00,
ESTAT:SDG_14_60(1.0),13/03/23 23:00:00,A,MA_ETR,PC,IE,2012,0.00,
ESTAT:SDG_14_60(1.0),13/03/23 23:00:00,A,MA_ETR,PC,IE,2013,0.00,
ESTAT:SDG_14_60(1.0),13/03/23 23:00:00,A,MA_ETR,PC,IE,2014,0.00,
ESTAT:SDG_14_60(1.0),13/03/23 23:00:00,A,MA_ETR,PC,IE,2015,0.00,
ESTAT:SDG_14_60(1.0),13/03/23 23:00:00,A,MA_ETR,PC,IE,2016,0.00,
ESTAT:SDG_14_60(1.0),13/03/23 23:00:00,A,MA_ETR,PC,IE,2017,0.00,
ESTAT:SDG_14_60(1.0),13/03/23 23:00:00,A,MA_ETR,PC,IE,2018,0.00,
ESTAT:SDG_14_60(1.0),13/03/23 23:00:00,A,MA_ETR,PC,IE,2019,0.00,
ESTAT:SDG_14_60(1.0),13/03/23 23:00:00,A,MA_ETR,PC,IE,2020,0.00,
ESTAT:SDG_14_60(1.0),13/03/23 23:00:00,A,MA_ETR,PC,IE,2021,0.00,
ESTAT:SDG_14_60(1.0),13/03/23 23:00:00,A,MA_ETR,PC,IE,2022,0.06,
ESTAT:SDG_14_60(1.0),13/03/23 23:00:00,A,MA_ETR,PC,IT,2000,0.07,
ESTAT:SDG_14_60(1.0),13/03/23 23:00:00,A,MA_ETR,PC,IT,2001,0.12,
ESTAT:SDG_14_60(1.0),13/03/23 23:00:00,A,MA_ETR,PC,IT,2002,0.01,
ESTAT:SDG_14_60(1.0),13/03/23 23:00:00,A,MA_ETR,PC,IT,2003,0.00,
ESTAT:SDG_14_60(1.0),13/03/23 23:00:00,A,MA_ETR,PC,IT,2004,0.00,
ESTAT:SDG_14_60(1.0),13/03/23 23:00:00,A,MA_ETR,PC,IT,2005,0.01,
ESTAT:SDG_14_60(1.0),13/03/23 23:00:00,A,MA_ETR,PC,IT,2006,0.00,
ESTAT:SDG_14_60(1.0),13/03/23 23:00:00,A,MA_ETR,PC,IT,2007,0.00,
ESTAT:SDG_14_60(1.0),13/03/23 23:00:00,A,MA_ETR,PC,IT,2008,0.00,
ESTAT:SDG_14_60(1.0),13/03/23 23:00:00,A,MA_ETR,PC,IT,2009,0.00,
ESTAT:SDG_14_60(1.0),13/03/23 23:00:00,A,MA_ETR,PC,IT,2010,0.00,
ESTAT:SDG_14_60(1.0),13/03/23 23:00:00,A,MA_ETR,PC,IT,2011,0.00,
ESTAT:SDG_14_60(1.0),13/03/23 23:00:00,A,MA_ETR,PC,IT,2012,0.00,
ESTAT:SDG_14_60(1.0),13/03/23 23:00:00,A,MA_ETR,PC,IT,2013,0.14,
ESTAT:SDG_14_60(1.0),13/03/23 23:00:00,A,MA_ETR,PC,IT,2014,0.18,
ESTAT:SDG_14_60(1.0),13/03/23 23:00:00,A,MA_ETR,PC,IT,2015,0.13,
ESTAT:SDG_14_60(1.0),13/03/23 23:00:00,A,MA_ETR,PC,IT,2016,0.07,
ESTAT:SDG_14_60(1.0),13/03/23 23:00:00,A,MA_ETR,PC,IT,2017,0.05,
ESTAT:SDG_14_60(1.0),13/03/23 23:00:00,A,MA_ETR,PC,IT,2018,0.14,
ESTAT:SDG_14_60(1.0),13/03/23 23:00:00,A,MA_ETR,PC,IT,2019,0.07,
ESTAT:SDG_14_60(1.0),13/03/23 23:00:00,A,MA_ETR,PC,IT,2020,0.05,
ESTAT:SDG_14_60(1.0),13/03/23 23:00:00,A,MA_ETR,PC,IT,2021,0.01,
ESTAT:SDG_14_60(1.0),13/03/23 23:00:00,A,MA_ETR,PC,IT,2022,0.00,
ESTAT:SDG_14_60(1.0),13/03/23 23:00:00,A,MA_ETR,PC,LT,2000,0.10,
ESTAT:SDG_14_60(1.0),13/03/23 23:00:00,A,MA_ETR,PC,LT,2001,0.08,
ESTAT:SDG_14_60(1.0),13/03/23 23:00:00,A,MA_ETR,PC,LT,2002,0.00,
ESTAT:SDG_14_60(1.0),13/03/23 23:00:00,A,MA_ETR,PC,LT,2003,0.00,
ESTAT:SDG_14_60(1.0),13/03/23 23:00:00,A,MA_ETR,PC,LT,2004,0.00,
ESTAT:SDG_14_60(1.0),13/03/23 23:00:00,A,MA_ETR,PC,LT,2005,0.04,
ESTAT:SDG_14_60(1.0),13/03/23 23:00:00,A,MA_ETR,PC,LT,2006,0.00,
ESTAT:SDG_14_60(1.0),13/03/23 23:00:00,A,MA_ETR,PC,LT,2007,0.00,
ESTAT:SDG_14_60(1.0),13/03/23 23:00:00,A,MA_ETR,PC,LT,2008,7.60,
ESTAT:SDG_14_60(1.0),13/03/23 23:00:00,A,MA_ETR,PC,LT,2009,0.00,
ESTAT:SDG_14_60(1.0),13/03/23 23:00:00,A,MA_ETR,PC,LT,2010,0.00,
ESTAT:SDG_14_60(1.0),13/03/23 23:00:00,A,MA_ETR,PC,LT,2011,0.00,
ESTAT:SDG_14_60(1.0),13/03/23 23:00:00,A,MA_ETR,PC,LT,2012,0.02,
ESTAT:SDG_14_60(1.0),13/03/23 23:00:00,A,MA_ETR,PC,LT,2013,0.36,
ESTAT:SDG_14_60(1.0),13/03/23 23:00:00,A,MA_ETR,PC,LT,2014,0.16,
ESTAT:SDG_14_60(1.0),13/03/23 23:00:00,A,MA_ETR,PC,LT,2015,0.12,
ESTAT:SDG_14_60(1.0),13/03/23 23:00:00,A,MA_ETR,PC,LT,2016,0.20,
ESTAT:SDG_14_60(1.0),13/03/23 23:00:00,A,MA_ETR,PC,LT,2017,0.74,
ESTAT:SDG_14_60(1.0),13/03/23 23:00:00,A,MA_ETR,PC,LT,2018,0.20,
ESTAT:SDG_14_60(1.0),13/03/23 23:00:00,A,MA_ETR,PC,LT,2019,0.16,
ESTAT:SDG_14_60(1.0),13/03/23 23:00:00,A,MA_ETR,PC,LT,2020,0.22,
ESTAT:SDG_14_60(1.0),13/03/23 23:00:00,A,MA_ETR,PC,LT,2021,0.14,
ESTAT:SDG_14_60(1.0),13/03/23 23:00:00,A,MA_ETR,PC,LT,2022,0.00,
ESTAT:SDG_14_60(1.0),13/03/23 23:00:00,A,MA_ETR,PC,LU,2000,,z
ESTAT:SDG_14_60(1.0),13/03/23 23:00:00,A,MA_ETR,PC,LU,2001,,z
ESTAT:SDG_14_60(1.0),13/03/23 23:00:00,A,MA_ETR,PC,LU,2002,,z
ESTAT:SDG_14_60(1.0),13/03/23 23:00:00,A,MA_ETR,PC,LU,2003,,z
ESTAT:SDG_14_60(1.0),13/03/23 23:00:00,A,MA_ETR,PC,LU,2004,,z
ESTAT:SDG_14_60(1.0),13/03/23 23:00:00,A,MA_ETR,PC,LU,2005,,z
ESTAT:SDG_14_60(1.0),13/03/23 23:00:00,A,MA_ETR,PC,LU,2006,,z
ESTAT:SDG_14_60(1.0),13/03/23 23:00:00,A,MA_ETR,PC,LU,2007,,z
ESTAT:SDG_14_60(1.0),13/03/23 23:00:00,A,MA_ETR,PC,LU,2008,,z
ESTAT:SDG_14_60(1.0),13/03/23 23:00:00,A,MA_ETR,PC,LU,2009,,z
ESTAT:SDG_14_60(1.0),13/03/23 23:00:00,A,MA_ETR,PC,LU,2010,,z
ESTAT:SDG_14_60(1.0),13/03/23 23:00:00,A,MA_ETR,PC,LU,2011,,z
ESTAT:SDG_14_60(1.0),13/03/23 23:00:00,A,MA_ETR,PC,LU,2012,,z
ESTAT:SDG_14_60(1.0),13/03/23 23:00:00,A,MA_ETR,PC,LU,2013,,z
ESTAT:SDG_14_60(1.0),13/03/23 23:00:00,A,MA_ETR,PC,LU,2014,,z
ESTAT:SDG_14_60(1.0),13/03/23 23:00:00,A,MA_ETR,PC,LU,2015,,z
ESTAT:SDG_14_60(1.0),13/03/23 23:00:00,A,MA_ETR,PC,LU,2016,,z
ESTAT:SDG_14_60(1.0),13/03/23 23:00:00,A,MA_ETR,PC,LU,2017,,z
ESTAT:SDG_14_60(1.0),13/03/23 23:00:00,A,MA_ETR,PC,LU,2018,,z
ESTAT:SDG_14_60(1.0),13/03/23 23:00:00,A,MA_ETR,PC,LU,2019,,z
ESTAT:SDG_14_60(1.0),13/03/23 23:00:00,A,MA_ETR,PC,LU,2020,,z
ESTAT:SDG_14_60(1.0),13/03/23 23:00:00,A,MA_ETR,PC,LU,2021,,z
ESTAT:SDG_14_60(1.0),13/03/23 23:00:00,A,MA_ETR,PC,LU,2022,,z
ESTAT:SDG_14_60(1.0),13/03/23 23:00:00,A,MA_ETR,PC,LV,2000,0.10,
ESTAT:SDG_14_60(1.0),13/03/23 23:00:00,A,MA_ETR,PC,LV,2001,0.09,
ESTAT:SDG_14_60(1.0),13/03/23 23:00:00,A,MA_ETR,PC,LV,2002,0.02,
ESTAT:SDG_14_60(1.0),13/03/23 23:00:00,A,MA_ETR,PC,LV,2003,0.01,
ESTAT:SDG_14_60(1.0),13/03/23 23:00:00,A,MA_ETR,PC,LV,2004,0.00,
ESTAT:SDG_14_60(1.0),13/03/23 23:00:00,A,MA_ETR,PC,LV,2005,0.00,
ESTAT:SDG_14_60(1.0),13/03/23 23:00:00,A,MA_ETR,PC,LV,2006,0.00,
ESTAT:SDG_14_60(1.0),13/03/23 23:00:00,A,MA_ETR,PC,LV,2007,0.00,
ESTAT:SDG_14_60(1.0),13/03/23 23:00:00,A,MA_ETR,PC,LV,2008,17.14,
ESTAT:SDG_14_60(1.0),13/03/23 23:00:00,A,MA_ETR,PC,LV,2009,0.00,
ESTAT:SDG_14_60(1.0),13/03/23 23:00:00,A,MA_ETR,PC,LV,2010,0.02,
ESTAT:SDG_14_60(1.0),13/03/23 23:00:00,A,MA_ETR,PC,LV,2011,0.00,
ESTAT:SDG_14_60(1.0),13/03/23 23:00:00,A,MA_ETR,PC,LV,2012,0.09,
ESTAT:SDG_14_60(1.0),13/03/23 23:00:00,A,MA_ETR,PC,LV,2013,0.07,
ESTAT:SDG_14_60(1.0),13/03/23 23:00:00,A,MA_ETR,PC,LV,2014,0.15,
ESTAT:SDG_14_60(1.0),13/03/23 23:00:00,A,MA_ETR,PC,LV,2015,0.15,
ESTAT:SDG_14_60(1.0),13/03/23 23:00:00,A,MA_ETR,PC,LV,2016,0.13,
ESTAT:SDG_14_60(1.0),13/03/23 23:00:00,A,MA_ETR,PC,LV,2017,0.26,
ESTAT:SDG_14_60(1.0),13/03/23 23:00:00,A,MA_ETR,PC,LV,2018,0.37,
ESTAT:SDG_14_60(1.0),13/03/23 23:00:00,A,MA_ETR,PC,LV,2019,0.13,
ESTAT:SDG_14_60(1.0),13/03/23 23:00:00,A,MA_ETR,PC,LV,2020,0.17,
ESTAT:SDG_14_60(1.0),13/03/23 23:00:00,A,MA_ETR,PC,LV,2021,0.03,
ESTAT:SDG_14_60(1.0),13/03/23 23:00:00,A,MA_ETR,PC,LV,2022,0.00,
ESTAT:SDG_14_60(1.0),13/03/23 23:00:00,A,MA_ETR,PC,MT,2000,0.00,
ESTAT:SDG_14_60(1.0),13/03/23 23:00:00,A,MA_ETR,PC,MT,2001,0.00,
ESTAT:SDG_14_60(1.0),13/03/23 23:00:00,A,MA_ETR,PC,MT,2002,0.00,
ESTAT:SDG_14_60(1.0),13/03/23 23:00:00,A,MA_ETR,PC,MT,2003,0.00,
ESTAT:SDG_14_60(1.0),13/03/23 23:00:00,A,MA_ETR,PC,MT,2004,0.00,
ESTAT:SDG_14_60(1.0),13/03/23 23:00:00,A,MA_ETR,PC,MT,2005,0.00,
ESTAT:SDG_14_60(1.0),13/03/23 23:00:00,A,MA_ETR,PC,MT,2006,0.00,
ESTAT:SDG_14_60(1.0),13/03/23 23:00:00,A,MA_ETR,PC,MT,2007,0.00,
ESTAT:SDG_14_60(1.0),13/03/23 23:00:00,A,MA_ETR,PC,MT,2008,0.00,
ESTAT:SDG_14_60(1.0),13/03/23 23:00:00,A,MA_ETR,PC,MT,2009,0.00,
ESTAT:SDG_14_60(1.0),13/03/23 23:00:00,A,MA_ETR,PC,MT,2010,0.00,
ESTAT:SDG_14_60(1.0),13/03/23 23:00:00,A,MA_ETR,PC,MT,2011,0.00,
ESTAT:SDG_14_60(1.0),13/03/23 23:00:00,A,MA_ETR,PC,MT,2012,0.00,
ESTAT:SDG_14_60(1.0),13/03/23 23:00:00,A,MA_ETR,PC,MT,2013,0.00,
ESTAT:SDG_14_60(1.0),13/03/23 23:00:00,A,MA_ETR,PC,MT,2014,0.00,
ESTAT:SDG_14_60(1.0),13/03/23 23:00:00,A,MA_ETR,PC,MT,2015,0.02,
ESTAT:SDG_14_60(1.0),13/03/23 23:00:00,A,MA_ETR,PC,MT,2016,0.00,
ESTAT:SDG_14_60(1.0),13/03/23 23:00:00,A,MA_ETR,PC,MT,2017,0.00,
ESTAT:SDG_14_60(1.0),13/03/23 23:00:00,A,MA_ETR,PC,MT,2018,0.00,
ESTAT:SDG_14_60(1.0),13/03/23 23:00:00,A,MA_ETR,PC,MT,2019,0.00,
ESTAT:SDG_14_60(1.0),13/03/23 23:00:00,A,MA_ETR,PC,MT,2020,0.00,
ESTAT:SDG_14_60(1.0),13/03/23 23:00:00,A,MA_ETR,PC,MT,2021,0.00,
ESTAT:SDG_14_60(1.0),13/03/23 23:00:00,A,MA_ETR,PC,MT,2022,0.00,
ESTAT:SDG_14_60(1.0),13/03/23 23:00:00,A,MA_ETR,PC,NL,2000,0.02,
ESTAT:SDG_14_60(1.0),13/03/23 23:00:00,A,MA_ETR,PC,NL,2001,5.56,
ESTAT:SDG_14_60(1.0),13/03/23 23:00:00,A,MA_ETR,PC,NL,2002,1.64,
ESTAT:SDG_14_60(1.0),13/03/23 23:00:00,A,MA_ETR,PC,NL,2003,0.00,
ESTAT:SDG_14_60(1.0),13/03/23 23:00:00,A,MA_ETR,PC,NL,2004,0.01,
ESTAT:SDG_14_60(1.0),13/03/23 23:00:00,A,MA_ETR,PC,NL,2005,0.00,
ESTAT:SDG_14_60(1.0),13/03/23 23:00:00,A,MA_ETR,PC,NL,2006,0.00,
ESTAT:SDG_14_60(1.0),13/03/23 23:00:00,A,MA_ETR,PC,NL,2007,0.28,
ESTAT:SDG_14_60(1.0),13/03/23 23:00:00,A,MA_ETR,PC,NL,2008,0.01,
ESTAT:SDG_14_60(1.0),13/03/23 23:00:00,A,MA_ETR,PC,NL,2009,0.00,
ESTAT:SDG_14_60(1.0),13/03/23 23:00:00,A,MA_ETR,PC,NL,2010,0.01,
ESTAT:SDG_14_60(1.0),13/03/23 23:00:00,A,MA_ETR,PC,NL,2011,0.00,
ESTAT:SDG_14_60(1.0),13/03/23 23:00:00,A,MA_ETR,PC,NL,2012,0.00,
ESTAT:SDG_14_60(1.0),13/03/23 23:00:00,A,MA_ETR,PC,NL,2013,0.34,
ESTAT:SDG_14_60(1.0),13/03/23 23:00:00,A,MA_ETR,PC,NL,2014,0.00,
ESTAT:SDG_14_60(1.0),13/03/23 23:00:00,A,MA_ETR,PC,NL,2015,0.00,
ESTAT:SDG_14_60(1.0),13/03/23 23:00:00,A,MA_ETR,PC,NL,2016,0.00,
ESTAT:SDG_14_60(1.0),13/03/23 23:00:00,A,MA_ETR,PC,NL,2017,0.00,
ESTAT:SDG_14_60(1.0),13/03/23 23:00:00,A,MA_ETR,PC,NL,2018,0.03,
ESTAT:SDG_14_60(1.0),13/03/23 23:00:00,A,MA_ETR,PC,NL,2019,0.00,
ESTAT:SDG_14_60(1.0),13/03/23 23:00:00,A,MA_ETR,PC,NL,2020,0.00,
ESTAT:SDG_14_60(1.0),13/03/23 23:00:00,A,MA_ETR,PC,NL,2021,2.53,
ESTAT:SDG_14_60(1.0),13/03/23 23:00:00,A,MA_ETR,PC,NL,2022,0.18,
ESTAT:SDG_14_60(1.0),13/03/23 23:00:00,A,MA_ETR,PC,PL,2000,0.08,
ESTAT:SDG_14_60(1.0),13/03/23 23:00:00,A,MA_ETR,PC,PL,2001,0.04,
ESTAT:SDG_14_60(1.0),13/03/23 23:00:00,A,MA_ETR,PC,PL,2002,0.00,
ESTAT:SDG_14_60(1.0),13/03/23 23:00:00,A,MA_ETR,PC,PL,2003,0.00,
ESTAT:SDG_14_60(1.0),13/03/23 23:00:00,A,MA_ETR,PC,PL,2004,0.00,
ESTAT:SDG_14_60(1.0),13/03/23 23:00:00,A,MA_ETR,PC,PL,2005,0.00,
ESTAT:SDG_14_60(1.0),13/03/23 23:00:00,A,MA_ETR,PC,PL,2006,0.00,
ESTAT:SDG_14_60(1.0),13/03/23 23:00:00,A,MA_ETR,PC,PL,2007,0.00,
ESTAT:SDG_14_60(1.0),13/03/23 23:00:00,A,MA_ETR,PC,PL,2008,37.83,
ESTAT:SDG_14_60(1.0),13/03/23 23:00:00,A,MA_ETR,PC,PL,2009,0.00,
ESTAT:SDG_14_60(1.0),13/03/23 23:00:00,A,MA_ETR,PC,PL,2010,0.00,
ESTAT:SDG_14_60(1.0),13/03/23 23:00:00,A,MA_ETR,PC,PL,2011,0.00,
ESTAT:SDG_14_60(1.0),13/03/23 23:00:00,A,MA_ETR,PC,PL,2012,0.04,
ESTAT:SDG_14_60(1.0),13/03/23 23:00:00,A,MA_ETR,PC,PL,2013,0.20,
ESTAT:SDG_14_60(1.0),13/03/23 23:00:00,A,MA_ETR,PC,PL,2014,0.14,
ESTAT:SDG_14_60(1.0),13/03/23 23:00:00,A,MA_ETR,PC,PL,2015,0.10,
ESTAT:SDG_14_60(1.0),13/03/23 23:00:00,A,MA_ETR,PC,PL,2016,0.10,
ESTAT:SDG_14_60(1.0),13/03/23 23:00:00,A,MA_ETR,PC,PL,2017,0.14,
ESTAT:SDG_14_60(1.0),13/03/23 23:00:00,A,MA_ETR,PC,PL,2018,0.08,
ESTAT:SDG_14_60(1.0),13/03/23 23:00:00,A,MA_ETR,PC,PL,2019,0.21,
ESTAT:SDG_14_60(1.0),13/03/23 23:00:00,A,MA_ETR,PC,PL,2020,0.22,
ESTAT:SDG_14_60(1.0),13/03/23 23:00:00,A,MA_ETR,PC,PL,2021,0.03,
ESTAT:SDG_14_60(1.0),13/03/23 23:00:00,A,MA_ETR,PC,PL,2022,0.00,
ESTAT:SDG_14_60(1.0),13/03/23 23:00:00,A,MA_ETR,PC,PT,2000,0.03,
ESTAT:SDG_14_60(1.0),13/03/23 23:00:00,A,MA_ETR,PC,PT,2001,2.46,
ESTAT:SDG_14_60(1.0),13/03/23 23:00:00,A,MA_ETR,PC,PT,2002,9.98,
ESTAT:SDG_14_60(1.0),13/03/23 23:00:00,A,MA_ETR,PC,PT,2003,1.07,
ESTAT:SDG_14_60(1.0),13/03/23 23:00:00,A,MA_ETR,PC,PT,2004,0.00,
ESTAT:SDG_14_60(1.0),13/03/23 23:00:00,A,MA_ETR,PC,PT,2005,0.57,
ESTAT:SDG_14_60(1.0),13/03/23 23:00:00,A,MA_ETR,PC,PT,2006,0.01,
ESTAT:SDG_14_60(1.0),13/03/23 23:00:00,A,MA_ETR,PC,PT,2007,0.02,
ESTAT:SDG_14_60(1.0),13/03/23 23:00:00,A,MA_ETR,PC,PT,2008,0.01,
ESTAT:SDG_14_60(1.0),13/03/23 23:00:00,A,MA_ETR,PC,PT,2009,0.17,
ESTAT:SDG_14_60(1.0),13/03/23 23:00:00,A,MA_ETR,PC,PT,2010,0.14,
ESTAT:SDG_14_60(1.0),13/03/23 23:00:00,A,MA_ETR,PC,PT,2011,0.14,
ESTAT:SDG_14_60(1.0),13/03/23 23:00:00,A,MA_ETR,PC,PT,2012,0.52,
ESTAT:SDG_14_60(1.0),13/03/23 23:00:00,A,MA_ETR,PC,PT,2013,0.04,
ESTAT:SDG_14_60(1.0),13/03/23 23:00:00,A,MA_ETR,PC,PT,2014,0.10,
ESTAT:SDG_14_60(1.0),13/03/23 23:00:00,A,MA_ETR,PC,PT,2015,0.51,
ESTAT:SDG_14_60(1.0),13/03/23 23:00:00,A,MA_ETR,PC,PT,2016,0.28,
ESTAT:SDG_14_60(1.0),13/03/23 23:00:00,A,MA_ETR,PC,PT,2017,0.05,
ESTAT:SDG_14_60(1.0),13/03/23 23:00:00,A,MA_ETR,PC,PT,2018,0.67,
ESTAT:SDG_14_60(1.0),13/03/23 23:00:00,A,MA_ETR,PC,PT,2019,0.26,
ESTAT:SDG_14_60(1.0),13/03/23 23:00:00,A,MA_ETR,PC,PT,2020,0.13,
ESTAT:SDG_14_60(1.0),13/03/23 23:00:00,A,MA_ETR,PC,PT,2021,0.26,
ESTAT:SDG_14_60(1.0),13/03/23 23:00:00,A,MA_ETR,PC,PT,2022,1.91,
ESTAT:SDG_14_60(1.0),13/03/23 23:00:00,A,MA_ETR,PC,RO,2000,0.03,
ESTAT:SDG_14_60(1.0),13/03/23 23:00:00,A,MA_ETR,PC,RO,2001,6.76,
ESTAT:SDG_14_60(1.0),13/03/23 23:00:00,A,MA_ETR,PC,RO,2002,0.00,
ESTAT:SDG_14_60(1.0),13/03/23 23:00:00,A,MA_ETR,PC,RO,2003,0.00,
ESTAT:SDG_14_60(1.0),13/03/23 23:00:00,A,MA_ETR,PC,RO,2004,0.00,
ESTAT:SDG_14_60(1.0),13/03/23 23:00:00,A,MA_ETR,PC,RO,2005,0.00,
ESTAT:SDG_14_60(1.0),13/03/23 23:00:00,A,MA_ETR,PC,RO,2006,0.00,
ESTAT:SDG_14_60(1.0),13/03/23 23:00:00,A,MA_ETR,PC,RO,2007,0.00,
ESTAT:SDG_14_60(1.0),13/03/23 23:00:00,A,MA_ETR,PC,RO,2008,0.00,
ESTAT:SDG_14_60(1.0),13/03/23 23:00:00,A,MA_ETR,PC,RO,2009,0.00,
ESTAT:SDG_14_60(1.0),13/03/23 23:00:00,A,MA_ETR,PC,RO,2010,0.00,
ESTAT:SDG_14_60(1.0),13/03/23 23:00:00,A,MA_ETR,PC,RO,2011,0.00,
ESTAT:SDG_14_60(1.0),13/03/23 23:00:00,A,MA_ETR,PC,RO,2012,0.00,
ESTAT:SDG_14_60(1.0),13/03/23 23:00:00,A,MA_ETR,PC,RO,2013,0.02,
ESTAT:SDG_14_60(1.0),13/03/23 23:00:00,A,MA_ETR,PC,RO,2014,0.03,
ESTAT:SDG_14_60(1.0),13/03/23 23:00:00,A,MA_ETR,PC,RO,2015,0.07,
ESTAT:SDG_14_60(1.0),13/03/23 23:00:00,A,MA_ETR,PC,RO,2016,0.01,
ESTAT:SDG_14_60(1.0),13/03/23 23:00:00,A,MA_ETR,PC,RO,2017,0.00,
ESTAT:SDG_14_60(1.0),13/03/23 23:00:00,A,MA_ETR,PC,RO,2018,0.01,
ESTAT:SDG_14_60(1.0),13/03/23 23:00:00,A,MA_ETR,PC,RO,2019,0.00,
ESTAT:SDG_14_60(1.0),13/03/23 23:00:00,A,MA_ETR,PC,RO,2020,0.00,
ESTAT:SDG_14_60(1.0),13/03/23 23:00:00,A,MA_ETR,PC,RO,2021,0.00,
ESTAT:SDG_14_60(1.0),13/03/23 23:00:00,A,MA_ETR,PC,RO,2022,0.00,
ESTAT:SDG_14_60(1.0),13/03/23 23:00:00,A,MA_ETR,PC,SE,2000,1.68,
ESTAT:SDG_14_60(1.0),13/03/23 23:00:00,A,MA_ETR,PC,SE,2001,3.25,
ESTAT:SDG_14_60(1.0),13/03/23 23:00:00,A,MA_ETR,PC,SE,2002,0.01,
ESTAT:SDG_14_60(1.0),13/03/23 23:00:00,A,MA_ETR,PC,SE,2003,0.00,
ESTAT:SDG_14_60(1.0),13/03/23 23:00:00,A,MA_ETR,PC,SE,2004,0.00,
ESTAT:SDG_14_60(1.0),13/03/23 23:00:00,A,MA_ETR,PC,SE,2005,0.00,
ESTAT:SDG_14_60(1.0),13/03/23 23:00:00,A,MA_ETR,PC,SE,2006,0.01,
ESTAT:SDG_14_60(1.0),13/03/23 23:00:00,A,MA_ETR,PC,SE,2007,0.00,
ESTAT:SDG_14_60(1.0),13/03/23 23:00:00,A,MA_ETR,PC,SE,2008,9.94,
ESTAT:SDG_14_60(1.0),13/03/23 23:00:00,A,MA_ETR,PC,SE,2009,0.00,
ESTAT:SDG_14_60(1.0),13/03/23 23:00:00,A,MA_ETR,PC,SE,2010,0.01,
ESTAT:SDG_14_60(1.0),13/03/23 23:00:00,A,MA_ETR,PC,SE,2011,0.01,
ESTAT:SDG_14_60(1.0),13/03/23 23:00:00,A,MA_ETR,PC,SE,2012,0.07,
ESTAT:SDG_14_60(1.0),13/03/23 23:00:00,A,MA_ETR,PC,SE,2013,0.20,
ESTAT:SDG_14_60(1.0),13/03/23 23:00:00,A,MA_ETR,PC,SE,2014,0.21,
ESTAT:SDG_14_60(1.0),13/03/23 23:00:00,A,MA_ETR,PC,SE,2015,0.40,
ESTAT:SDG_14_60(1.0),13/03/23 23:00:00,A,MA_ETR,PC,SE,2016,0.22,
ESTAT:SDG_14_60(1.0),13/03/23 23:00:00,A,MA_ETR,PC,SE,2017,0.32,
ESTAT:SDG_14_60(1.0),13/03/23 23:00:00,A,MA_ETR,PC,SE,2018,0.31,
ESTAT:SDG_14_60(1.0),13/03/23 23:00:00,A,MA_ETR,PC,SE,2019,0.47,
ESTAT:SDG_14_60(1.0),13/03/23 23:00:00,A,MA_ETR,PC,SE,2020,0.66,
ESTAT:SDG_14_60(1.0),13/03/23 23:00:00,A,MA_ETR,PC,SE,2021,0.42,
ESTAT:SDG_14_60(1.0),13/03/23 23:00:00,A,MA_ETR,PC,SE,2022,6.67,
ESTAT:SDG_14_60(1.0),13/03/23 23:00:00,A,MA_ETR,PC,SI,2000,0.00,
ESTAT:SDG_14_60(1.0),13/03/23 23:00:00,A,MA_ETR,PC,SI,2001,10.11,
ESTAT:SDG_14_60(1.0),13/03/23 23:00:00,A,MA_ETR,PC,SI,2002,0.00,
ESTAT:SDG_14_60(1.0),13/03/23 23:00:00,A,MA_ETR,PC,SI,2003,0.00,
ESTAT:SDG_14_60(1.0),13/03/23 23:00:00,A,MA_ETR,PC,SI,2004,0.00,
ESTAT:SDG_14_60(1.0),13/03/23 23:00:00,A,MA_ETR,PC,SI,2005,0.00,
ESTAT:SDG_14_60(1.0),13/03/23 23:00:00,A,MA_ETR,PC,SI,2006,0.00,
ESTAT:SDG_14_60(1.0),13/03/23 23:00:00,A,MA_ETR,PC,SI,2007,0.00,
ESTAT:SDG_14_60(1.0),13/03/23 23:00:00,A,MA_ETR,PC,SI,2008,0.00,
ESTAT:SDG_14_60(1.0),13/03/23 23:00:00,A,MA_ETR,PC,SI,2009,0.00,
ESTAT:SDG_14_60(1.0),13/03/23 23:00:00,A,MA_ETR,PC,SI,2010,0.00,
ESTAT:SDG_14_60(1.0),13/03/23 23:00:00,A,MA_ETR,PC,SI,2011,0.00,
ESTAT:SDG_14_60(1.0),13/03/23 23:00:00,A,MA_ETR,PC,SI,2012,0.00,
ESTAT:SDG_14_60(1.0),13/03/23 23:00:00,A,MA_ETR,PC,SI,2013,3.72,
ESTAT:SDG_14_60(1.0),13/03/23 23:00:00,A,MA_ETR,PC,SI,2014,2.66,
ESTAT:SDG_14_60(1.0),13/03/23 23:00:00,A,MA_ETR,PC,SI,2015,0.53,
ESTAT:SDG_14_60(1.0),13/03/23 23:00:00,A,MA_ETR,PC,SI,2016,0.00,
ESTAT:SDG_14_60(1.0),13/03/23 23:00:00,A,MA_ETR,PC,SI,2017,1.06,
ESTAT:SDG_14_60(1.0),13/03/23 23:00:00,A,MA_ETR,PC,SI,2018,1.06,
ESTAT:SDG_14_60(1.0),13/03/23 23:00:00,A,MA_ETR,PC,SI,2019,1.06,
ESTAT:SDG_14_60(1.0),13/03/23 23:00:00,A,MA_ETR,PC,SI,2020,0.00,
ESTAT:SDG_14_60(1.0),13/03/23 23:00:00,A,MA_ETR,PC,SI,2021,1.06,
ESTAT:SDG_14_60(1.0),13/03/23 23:00:00,A,MA_ETR,PC,SI,2022,0.00,
ESTAT:SDG_14_60(1.0),13/03/23 23:00:00,A,MA_ETR,PC,SK,2000,,z
ESTAT:SDG_14_60(1.0),13/03/23 23:00:00,A,MA_ETR,PC,SK,2001,,z
ESTAT:SDG_14_60(1.0),13/03/23 23:00:00,A,MA_ETR,PC,SK,2002,,z
ESTAT:SDG_14_60(1.0),13/03/23 23:00:00,A,MA_ETR,PC,SK,2003,,z
ESTAT:SDG_14_60(1.0),13/03/23 23:00:00,A,MA_ETR,PC,SK,2004,,z
ESTAT:SDG_14_60(1.0),13/03/23 23:00:00,A,MA_ETR,PC,SK,2005,,z
ESTAT:SDG_14_60(1.0),13/03/23 23:00:00,A,MA_ETR,PC,SK,2006,,z
ESTAT:SDG_14_60(1.0),13/03/23 23:00:00,A,MA_ETR,PC,SK,2007,,z
ESTAT:SDG_14_60(1.0),13/03/23 23:00:00,A,MA_ETR,PC,SK,2008,,z
ESTAT:SDG_14_60(1.0),13/03/23 23:00:00,A,MA_ETR,PC,SK,2009,,z
ESTAT:SDG_14_60(1.0),13/03/23 23:00:00,A,MA_ETR,PC,SK,2010,,z
ESTAT:SDG_14_60(1.0),13/03/23 23:00:00,A,MA_ETR,PC,SK,2011,,z
ESTAT:SDG_14_60(1.0),13/03/23 23:00:00,A,MA_ETR,PC,SK,2012,,z
ESTAT:SDG_14_60(1.0),13/03/23 23:00:00,A,MA_ETR,PC,SK,2013,,z
ESTAT:SDG_14_60(1.0),13/03/23 23:00:00,A,MA_ETR,PC,SK,2014,,z
ESTAT:SDG_14_60(1.0),13/03/23 23:00:00,A,MA_ETR,PC,SK,2015,,z
ESTAT:SDG_14_60(1.0),13/03/23 23:00:00,A,MA_ETR,PC,SK,2016,,z
ESTAT:SDG_14_60(1.0),13/03/23 23:00:00,A,MA_ETR,PC,SK,2017,,z
ESTAT:SDG_14_60(1.0),13/03/23 23:00:00,A,MA_ETR,PC,SK,2018,,z
ESTAT:SDG_14_60(1.0),13/03/23 23:00:00,A,MA_ETR,PC,SK,2019,,z
ESTAT:SDG_14_60(1.0),13/03/23 23:00:00,A,MA_ETR,PC,SK,2020,,z
ESTAT:SDG_14_60(1.0),13/03/23 23:00:00,A,MA_ETR,PC,SK,2021,,z
ESTAT:SDG_14_60(1.0),13/03/23 23:00:00,A,MA_ETR,PC,SK,2022,,z
