urlDOI,urlDown,AssessmentKey,AssessmentYear,FishStock,StockDatabaseID,StockKey,Purpose,Year,StockDescription,ICES Areas (splited with character '~'),SpeciesName,SGName,Report,Low_Recruitment,Recruitment,High_Recruitment,UnitOfRecruitment,RecruitmentDescription,Low_TBiomass,TBiomass,High_TBiomass,TotalBiomassUnits,Low_StockSize,StockSize,High_StockSize,StockSizeDescription,StockSizeUnits,CatchesLadingsUnits,Landings,OfficialLandings,Catches,Discards,IBC,Unallocated_Removals,YieldSSB,Low_FishingPressure,FishingPressure,High_FishingPressure,FishingPressureDescription,FishingPressureUnits,F_Landings,F_Discards,F_IBC,F_Unallocated,Flim,Fpa,Blim,Bpa,FMSY,MSYBtrigger,Fmanagement,Bmanagement,RecruitmentAge,RecruitmentLength,FAge,FLength,TypeStock,FupperWithAR,FupperWithoutAR,FlowerWithoutAR,FlowerWithAR,Published,CustomRefPointName1,CustomRefPointValue1,CustomRefPointNotes1,CustomRefPointName2,CustomRefPointValue2,CustomRefPointNotes2,CustomRefPointName3,CustomRefPointValue3,CustomRefPointNotes3,CustomRefPointName4,CustomRefPointValue4,CustomRefPointNotes4,CustomRefPointName5,CustomRefPointValue5,CustomRefPointNotes5,Custom1,CustomName1,CustomUnits1,Custom2,CustomName2,CustomUnits2,Custom3,CustomName3,CustomUnits3,Custom4,CustomName4,CustomUnits4,Custom5,CustomName5,CustomUnits5,Custom6,CustomName6,CustomUnits6,Custom7,CustomName7,CustomUnits7,Custom8,CustomName8,CustomUnits8,Custom9,CustomName9,CustomUnits9,Custom10,CustomName10,CustomUnits10,Custom11,CustomName11,CustomUnits11,Custom12,CustomName12,CustomUnits12,Custom13,CustomName13,CustomUnits13,Custom14,CustomName14,CustomUnits14,Custom15,CustomName15,CustomUnits15,Custom16,CustomName16,CustomUnits16,Custom17,CustomName17,CustomUnits17,Custom18,CustomName18,CustomUnits18,Custom19,CustomName19,CustomUnits19,Custom20,CustomName20,CustomUnits20,ConfidenceIntervalDefinition,
https://doi.org/10.17895/ices.advice.19447817.v2,https://ices-library.figshare.com/ndownloader/files/36121826,17196,2022,bss.27.8ab,3113,169070,Advice,2022,Seabass (Dicentrarchus labrax) in divisions 8.a-b (northern and central Bay of Biscay),27.8.a ~ 27.8.b,Dicentrarchus labrax,,https://doi.org/10.17895/ices.advice.19447817.v2,,20321,,thousands,,,,,,13669,17174,20679,,tonnes,tonnes,,,,,,,,,,,,,,,,,,0.1863,11920,16688,0.1381,16688,,,0,1,4-15,,,,,,,True,,,,,,,,,,,,,,,,,simulated recreational removals,t,,recreational removals,t,,landings,t,,discards,t,,,,,,,,,,,,,,,,,,,,,,,,,,,,,,,,,,,,,,,,,,,,,,,,,2*sd,
https://doi.org/10.17895/ices.advice.19453697.v1,https://ices-library.figshare.com/ndownloader/files/35905958,17277,2022,reg.27.1-2,2959,169268,Advice,2021,Golden redfish (Sebastes norvegicus) in subareas 1 and 2 (Northeast Arctic),27.1.a ~ 27.1.b ~ 27.2.a.1 ~ 27.2.a.2 ~ 27.2.b.1 ~ 27.2.b.2,Sebastes norvegicus,,https://doi.org/10.17895/ices.advice.19453697.v1,,,,thousands,Recruitment,,49179.1843787721,,,,29891.6469090126,,SSB,tonnes,tonnes,10193,,10193,,,,,,0.411163104375,,F,ratio,,,,,,,49000,68600,,,,,3,,15+,,,,,,,True,,,,,,,,,,,,,,,,,,,,,,,,,,,,,,,,,,,,,,,,,,,,,,,,,,,,,,,,,,,,,,,,,,,,,,,,,,,,,
https://doi.org/10.17895/ices.advice.19458416.v2,https://ices-library.figshare.com/ndownloader/files/36103082,17320,2022,whg.27.7b-ce-k,3206,169303,Advice,2022,Whiting (Merlangius merlangus) in divisions 7.b-c and 7.e-k (southern Celtic Seas and eastern English Channel),27.7.b ~ 27.7.c.1 ~ 27.7.c.2 ~ 27.7.e ~ 27.7.f ~ 27.7.g ~ 27.7.h ~ 27.7.j.1 ~ 27.7.j.2 ~ 27.7.k.1 ~ 27.7.k.2,Merlangius merlangus,,https://doi.org/10.17895/ices.advice.19458416.v2,293206,400108,507319,thousands,Recruitment,,,,,22581,32346,46048,SSB,tonnes,tonnes,,,,,,,,,,,F,,,,,,0.64,0.375,36571,50818,0.375,50818,,,0,,2-5,,,,,,,True,,,,,,,,,,,,,,,,,,,,,,,,,,,,,,,,,,,,,,,,,,,,,,,,,,,,,,,,,,,,,,,,,,,,,,,,,,,,95%,
https://doi.org/10.17895/ices.advice.19453874.v1,https://ices-library.figshare.com/ndownloader/files/35905778,17100,2022,usk.27.5a14,3007,169297,Advice,2022,Tusk (Brosme brosme) in Subarea 14 and Division 5.a (East Greenland. and Iceland grounds),27.14.a ~ 27.14.b.1 ~ 27.14.b.2 ~ 27.5.a.1 ~ 27.5.a.2,Brosme brosme,,https://doi.org/10.17895/ices.advice.19453874.v1,9930,21258,45511,,,,,,,4177,5322,6781,SSB,tonnes,,,,,0,,,,,,,F,,,,,,0.44,0.23,3400,4800,0.23,4800,,,1,,7-10,,,,,,,True,MGT Btrigger,4800,,,,,,,,,,,,,,,,,,,,,,,,,,,,,,,,,,,,,,,,,,,,,,,,,,,,,,,,,,,,,,,,,,,,,,,,,,95%,
https://doi.org/10.17895/ices.advice.19448042.v1,https://ices-library.figshare.com/ndownloader/files/36079622,17324,2022,lez.27.4a6a,3120,169138,Advice,2022,Megrim (Lepidorhombus spp.) in divisions 4.a and 6.a (northern North Sea. West of Scotland),27.4.a ~ 27.6.a,Lepidorhombus,,https://doi.org/10.17895/ices.advice.19448042.v1,,,,,Recruitment,,,,,0.954731279178338,1.44250656633261,2.00670388609222,B/Bmsy,tonnes,tonnes,,,,,,,,,,,F/Fmsy,ratio,,,,,,,0.3,0.5,1,0.5,,,,,,,,,,,,True,,,,,,,,,,,,,,,,,,,,,,,,,,,,,,,,,,,,,,,,,,,,,,,,,,,,,,,,,,,,,,,,,,,,,,,,,,,,95%,
https://doi.org/10.17895/ices.advice.19453652.v1,https://ices-library.figshare.com/ndownloader/files/35905727,17203,2022,pok.27.5a,2989,169240,Advice,2022,Saithe (Pollachius virens) in Division 5.a (Iceland grounds),27.5.a.1 ~ 27.5.a.2,Pollachius virens,,https://doi.org/10.17895/ices.advice.19453652.v1,,38727,,thousands,Recruitment,,,,,,167743,,SSB,tonnes,tonnes,,,,,,,,,,,Frel,ratio,,,,,,,44000,,,,,,3,,,,,,,,,True,HRmgt,0.2,,HRpa,0.25,,HRlim,0.36,,Bmgt, Bpa,61000,,,,,325190,Biomass 4+,tonnes,,,,,F,ratio,,,,,,,,,,,,,,,,,,,,,,,,,,,,,,,,,,,,,,,,,,,,,,,,,,,,na
https://doi.org/10.17895/ices.advice.19448036.v1,https://ices-library.figshare.com/ndownloader/files/36086678,17379,2022,ldb.27.8c9a,3079,169140,Advice,2022,Four-spot megrim (Lepidorhombus boscii) in divisions 8.c and 9.a (southern Bay of Biscay and Atlantic Iberian waters East),27.8.c ~ 27.9.a,Lepidorhombus boscii,,https://doi.org/10.17895/ices.advice.19448036.v1,,43825.56544,,Number of individuals (fisheries),Recruitment,,,,,,12259.0,,SSB,tonnes,tonnes,,,,,,,,,,,F,,,,,,0.56,0.46,2321.0,2932.0,0.176,2932.0,,,0.0,,,,,,,,,True,,,,,,,,,,,,,,,,,,,,,,,,,,,,,,,,,,,,,,,,,,,,,,,,,,,,,,,,,,,,,,,,,,,,,,,,,,,,2*sd,
https://doi.org/10.17895/ices.advice.21406881.v1,https://ices-library.figshare.com/ndownloader/files/38140326,17652,2022,cod.27.47d20,3184,169077,Advice,2023,Cod (Gadus morhua) in Subarea 4. Division 7.d. and Subdivision 20 (North Sea. eastern English Channel. Skagerrak),27.3.a.20 ~ 27.4.a ~ 27.4.b ~ 27.4.c ~ 27.7.d,Gadus morhua,,https://doi.org/10.17895/ices.advice.21406881.v1,50960.0,222820.0,974261.0,thousands,Recruitment,,,,,,,,SSB,tonnes,tonnes,,,,,,,,,,,F,,,,,,0.58,0.49,69841.0,97777.0,0.28,97777.0,,,1.0,,2-4,,,,,,,True,,,,,,,,,,,,,,,,,,,,,,,,,,,,,,,,,,,,,,,,,,,,,,,,,,,,,,,,,,,,,,,,,,,,,,,,,,,,95%,
https://doi.org/10.17895/ices.advice.19448003.v1,https://ices-library.figshare.com/ndownloader/files/36081551,17248,2022,her.27.irls,2994,169121,Advice,2022,Herring (Clupea harengus) in divisions 7.a South of 52°30’N. 7.g-h. and 7.j-k (Irish Sea. Celtic Sea. and southwest of Ireland),27.7.a ~ 27.7.g ~ 27.7.h ~ 27.7.j.1 ~ 27.7.j.2 ~ 27.7.k.1 ~ 27.7.k.2,Clupea harengus,,https://doi.org/10.17895/ices.advice.19448003.v1,,197043.9,,Number of individuals (fisheries),Recruitment,,,,,,19348.63,,SSB,tonnes,tonnes,,,,,,,,,,,F,,,,,,0.45,0.26,34000,54000,0.26,54000,,,1,,2-5,,,,,,,True,,,,,,,,,,,,,,,,,,,,,,,,,,,,,,,,,,,,,,,,,,,,,,,,,,,,,,,,,,,,,,,,,,,,,,,,,,,,95%,
https://doi.org/10.17895/ices.advice.19453550.v4,https://ices-library.figshare.com/ndownloader/files/36121886,17339,2022,ple.27.21-23,3039,169180,Advice,2022,Plaice (Pleuronectes platessa) in subdivisions 21-23 (Kattegat. Belt Seas. and the Sound),27.3.a.21 ~ 27.3.b.23 ~ 27.3.c.22,Pleuronectes platessa,,https://doi.org/10.17895/ices.advice.19453550.v4,,29240,,thousands,Recruitment,,,,,16518,23849,34374,SSB,tonnes,,,,,,,,,,,,F,,,,,,1,0.81,3635,4730,0.31,4730,,,1,,3-5,,,,,,,True,,,,,,,,,,,,,,,,,,,,,,,,,,,,,,,,,,,,,,,,,,,,,,,,,,,,,,,,,,,,,,,,,,,,,,,,,,,,95%,
https://doi.org/10.17895/ices.advice.21493974.v1,https://ices-library.figshare.com/ndownloader/files/38087835,17597,2022,whb.27.1-91214,3126,169301,Advice,2023,Blue whiting (Micromesistius poutassou) in subareas 1-9. 12. and 14 (Northeast Atlantic and adjacent waters),27.1.a ~ 27.1.b ~ 27.12.a.1 ~ 27.12.a.2 ~ 27.12.a.3 ~ 27.12.a.4 ~ 27.12.b ~ 27.12.c ~ 27.14.a ~ 27.14.b.1 ~ 27.14.b.2 ~ 27.2.a.1 ~ 27.2.a.2 ~ 27.2.b.1 ~ 27.2.b.2 ~ 27.3.a ~ 27.3.b.23 ~ 27.3.c.22 ~ 27.3.d.24 ~ 27.3.d.25 ~ 27.3.d.26 ~ 27.3.d.27 ~ 27.3.d.28.1 ~ 27.3.d.28.2 ~ 27.3.d.29 ~ 27.3.d.30 ~ 27.3.d.31 ~ 27.3.d.32 ~ 27.4.a ~ 27.4.b ~ 27.4.c ~ 27.5.a.1 ~ 27.5.a.2 ~ 27.5.b.1.a ~ 27.5.b.1.b ~ 27.5.b.2 ~ 27.6.a ~ 27.6.b.1 ~ 27.6.b.2 ~ 27.7.a ~ 27.7.b ~ 27.7.c.1 ~ 27.7.c.2 ~ 27.7.d ~ 27.7.e ~ 27.7.f ~ 27.7.g ~ 27.7.h ~ 27.7.j.1 ~ 27.7.j.2 ~ 27.7.k.1 ~ 27.7.k.2 ~ 27.8.a ~ 27.8.b ~ 27.8.c ~ 27.8.d.1 ~ 27.8.d.2 ~ 27.8.e.1 ~ 27.8.e.2 ~ 27.9.a ~ 27.9.b.1 ~ 27.9.b.2,Micromesistius poutassou,,https://doi.org/10.17895/ices.advice.21493974.v1,,,,,Recruitment,,,,,,6621207.0,,SSB,,,,,,,,,,,,,F,,,,,,0.88,0.32,1500000.0,2250000.0,0.32,2250000.0,,,1.0,,3-7,,,,,,,True,,,,,,,,,,,,,,,,,,,,,,,,,,,,,,,,,,,,,,,,,,,,,,,,,,,,,,,,,,,,,,,,,,,,,,,,,,,,95%,
https://doi.org/10.17895/ices.advice.19447949.v1,https://ices-library.figshare.com/ndownloader/files/35905136,16965,2022,had.27.5a,3043,169112,Advice,2022,Haddock (Melanogrammus aeglefinus) in Division 5.a (Iceland grounds),27.5.a.1 ~ 27.5.a.2,Melanogrammus aeglefinus,,https://doi.org/10.17895/ices.advice.19447949.v1,,142885,,,,,269.9,,,,82088,,SSB/B45cm,tonnes,,,,,0,,,,,,,F/Harvest rate,,,,,,,,35500,49400,,,,,2,,4-7,,,,,,,True,HRlim,0.63,,HRpa,0.35,,HRmgt=HRmsy,0.35,,,,,,,,122369,B45cm,t,,,,,,,,,,,,,,,,,,,,,,,,,,,,,,,,,,,,,,,,,,,,,,,,,,,,,,,,,,,
https://doi.org/10.17895/ices.advice.19453856.v1,https://ices-library.figshare.com/ndownloader/files/35458175,16975,2022,spr.27.22-32,3176,169279,Advice,2022,Sprat (Sprattus sprattus) in subdivisions 22-32 (Baltic Sea),27.3.b.23 ~ 27.3.c.22 ~ 27.3.d.24 ~ 27.3.d.25 ~ 27.3.d.26 ~ 27.3.d.27 ~ 27.3.d.28.1 ~ 27.3.d.28.2 ~ 27.3.d.29 ~ 27.3.d.30 ~ 27.3.d.31 ~ 27.3.d.32,Sprattus sprattus,,https://doi.org/10.17895/ices.advice.19453856.v1,,44213000,,thousands,Recruitment,,,,,,1022000,,SSB,tonnes,tonnes,,,,,,,,,,,F,,,,,,0.63,0.41,410000,570000,0.31,570000,,,1,,3-5,,,,,,,True,,,,,,,,,,,,,,,,,,,,,,,,,,,,,,,,,,,,,,,,,,,,,,,,,,,,,,,,,,,,,,,,,,,,,,,,,,,,na,
https://doi.org/10.17895/ices.advice.19447787.v1,https://ices-library.figshare.com/ndownloader/files/35848763,17134,2022,bli.27.5b67,3125,169062,Advice,2022,Blue ling (Molva dypterygia) in subareas 6-7 and Division 5.b (Celtic Seas and Faroes grounds),27.5.b.1.a ~ 27.5.b.1.b ~ 27.5.b.2 ~ 27.6.a ~ 27.6.b.1 ~ 27.6.b.2 ~ 27.7.a ~ 27.7.b ~ 27.7.c.1 ~ 27.7.c.2 ~ 27.7.d ~ 27.7.e ~ 27.7.f ~ 27.7.g ~ 27.7.h ~ 27.7.j.1 ~ 27.7.j.2 ~ 27.7.k.1 ~ 27.7.k.2,Molva dypterygia,,https://doi.org/10.17895/ices.advice.19447787.v1,,3168,,thousands,Recruitment,,,,,56470.2549350097,95514.988047806,134559.721160602,SSB,tonnes,tonnes,,,,,,,,,,,F,,,,,,0.17,0.12,54000,75037,0.12,75037,,,9,,9-19,,,,,,,True,,,,,,,,,,,,,,,,,,,,,,,,,,,,,,,,,,,,,,,,,,,,,,,,,,,,,,,,,,,,,,,,,,,,,,,,,,,,95%,
https://doi.org/10.17895/ices.advice.19447895.v3,,17368,2022,cod.27.7a,3102,169085,Advice,2022,Cod (Gadus morhua) in Division 7.a (Irish Sea),27.7.a,Gadus morhua,,https://doi.org/10.17895/ices.advice.19447895.v3,,17989,,thousands,Recruitment,,,,,,5028.74306367533,,SSB,tonnes,tonnes,,,,,,,,,,,F,,,,,,0.43,0.25,8303,11538,0.222,11538,,,0,,2-4,,,,,,,True,,,,,,,,,,,,,,,,,,,,,,,,,,,,,,,,,,,,,,,,,,,,,,,,,,,,,,,,,,,,,,,,,,,,,,,,,,,,95%,
https://doi.org/10.17895/ices.advice.19447958.v1,https://ices-library.figshare.com/ndownloader/files/36096233,17270,2022,had.27.7a,3104,169113,Advice,2022,Haddock (Melanogrammus aeglefinus) in Division 7.a (Irish Sea),27.7.a,Melanogrammus aeglefinus,,https://doi.org/10.17895/ices.advice.19447958.v1,,364084,,thousands,Recruitment,,,,,,14273.9913751872,,SSB,tonnes,tonnes,,,,,,,,,,,F,,,,,,0.53,0.441,2994,4160,0.28,4280,,,0,,2-4,,,,,,,True,,,,,,,,,,,,,,,,,,,,,,,,,,,,,,,,,,,,,,,,,,,,,,,,,,,,,,,,,,,,,,,,,,,,,,,,,,,,95%,
https://doi.org/10.17895/ices.advice.19448060.v2,https://ices-library.figshare.com/ndownloader/files/36122315,17378,2022,meg.27.8c9a,3200,169142,Advice,2022,Megrim (Lepidorhombus whiffiagonis) in divisions 8.c and 9.a (Cantabrian Sea and Atlantic Iberian waters),27.8.c ~ 27.9.a,Lepidorhombus whiffiagonis,,https://doi.org/10.17895/ices.advice.19448060.v2,,3760.50129336737,,Number of individuals (fisheries),Recruitment,,,,,,4500.0,,SSB,tonnes,tonnes,,,,,,,,,,,F,,,,,,0.619,0.45,532.0,725.0,0.173,725.0,,,1.0,,2-4,,,,,,,True,,,,,,,,,,,,,,,,,,,,,,,,,,,,,,,,,,,,,,,,,,,,,,,,,,,,,,,,,,,,,,,,,,,,,,,,,,,,2*sd,
https://doi.org/10.17895/ices.advice.19448030.v1,https://ices-library.figshare.com/ndownloader/files/35933438,17340,2022,hom.27.9a,3093,169129,Advice,2022,Horse mackerel (Trachurus trachurus) in Division 9.a (Atlantic Iberian waters),27.9.a,Trachurus trachurus,,https://doi.org/10.17895/ices.advice.19448030.v1,,5309944.62595771,,,Recruitment,,,,,,1155488,,SSB,tonnes,tonnes,,,,,,,,,,,F,,,,,,0.19,0.15,103000,181000,0.15,181000,,,0,,2-10,,,,,,,True,,,,,,,,,,,,,,,,,,,,,,,,,,,,,,,,,,,,,,,,,,,,,,,,,,,,,,,,,,,,,,,,,,,,,,,,,,,,95%,
https://doi.org/10.17895/ices.advice.19453820.v1,https://ices-library.figshare.com/ndownloader/files/37664280,17499,2022,sol.27.7d,3183,169274,Advice,2022,Sole (Solea solea) in Division 7.d (eastern English Channel),27.7.d,Solea solea,,https://doi.org/10.17895/ices.advice.19453820.v1,11805.0,17337.0,20880.0,thousands,Recruitment,,,,,10044.0,12582.0,16154.0,SSB,tonnes,tonnes,,,,,,,,,,,F,,,,,,0.3516993,0.318254,11181.0,15654.0,0.22973,15654.0,,,1.0,,,,,,,,,True,,,,,,,,,,,,,,,,,,,,,,,,,,,,,,,,,,,,,,,,,,,,,,,,,,,,,,,,,,,,,,,,,,,,,,,,,,,,95%,
https://doi.org/10.17895/ices.advice.19772380.v1,https://ices-library.figshare.com/ndownloader/files/37664223,17614,2022,her.27.1-24a514a,2986,169123,Advice,2022,Herring (Clupea harengus) in subareas 1. 2. 5 and divisions 4.a and 14.a. Norwegian spring-spawning herring (the Northeast Atlantic and Arctic Ocean),27.1.a ~ 27.1.b ~ 27.14.a ~ 27.2.a.1 ~ 27.2.a.2 ~ 27.2.b.1 ~ 27.2.b.2 ~ 27.4.a ~ 27.5.a.1 ~ 27.5.a.2 ~ 27.5.b.1.a ~ 27.5.b.1.b ~ 27.5.b.2,Clupea harengus,,https://doi.org/10.17895/ices.advice.19772380.v1,,10671000.0,,,Recruitment,3483000.0,4892000.0,6301000.0,,3134000.0,3867000.0,4600000.0,SSB,tonnes,,,,,,,,,,,,F,,,,,,0.291,0.157,2500000.0,3184000.0,0.157,3184000.0,,,2.0,,5-12+,,,,,,,True,,,,,,,,,,,,,,,,,,,,,,,,,,,,,,,,,,,,,,,,,,,,,,,,,,,,,,,,,,,,,,,,,,,,,,,,,,,,95%,
https://doi.org/10.17895/ices.advice.19453592.v1,https://ices-library.figshare.com/ndownloader/files/36084179,17283,2022,ple.27.7a,3045,169188,Advice,2022,Plaice (Pleuronectes platessa) in Division 7.a (Irish Sea),27.7.a,Pleuronectes platessa,,https://doi.org/10.17895/ices.advice.19453592.v1,7415.63066701221,11663.1315750336,18343.5022919436,thousands,Recruitment,,,,,8744.39902208744,13281.6053107684,20173.0318099004,SSB,tonnes,tonnes,,,,,,,,,,,F,,,,,,0.495,0.403,3958,5294,0.196,8757,,,1,,3-6,,,,,,,True,,,,,,,,,,,,,,,,,,,,,,,,,,,,,,,,,,,,,,,,,,,,,,,,,,,,,,,,,,,,,,,,,,,,,,,,,,,,2*sd,
https://doi.org/10.17895/ices.advice.19448018.v1,https://ices-library.figshare.com/ndownloader/files/36086084,17392,2022,hke.27.8c9a,3204,169127,Advice,2022,Hake (Merluccius merluccius) in divisions 8.c and 9.a. Southern stock (Cantabrian Sea and  Atlantic Iberian waters),27.8.c ~ 27.9.a,Merluccius merluccius,,https://doi.org/10.17895/ices.advice.19448018.v1,,350934.0,,,Recruitment,,,,,14618.0,21167.1,27716.2,SSB,tonnes,tonnes,,,,,,,,,,,F,,,,,,0.694,0.558,6011.0,7556.0,0.221,7556.0,,,0.0,,1-7,,,,,,,True,,,,,,,,,,,,,,,,,,,,,,,,,,,,,,,,,,,,,,,,,,,,,,,,,,,,,,,,,,,,,,,,,,,,,,,,,,,,2*sd,
https://doi.org/10.17895/ices.advice.19447838.v1,https://ices-library.figshare.com/ndownloader/files/35905109,17348,2022,cod.2127.1f14,2951,169089,Advice,2022,Cod (Gadus morhua) in ICES Subarea 14 and NAFO Division 1.F (East Greenland. South Greenland),27.14.a ~ 27.14.b.1 ~ 27.14.b.2,Gadus morhua,,https://doi.org/10.17895/ices.advice.19447838.v1,,7781,,thousands,Recruitment,,,,,30495,68494,139406,SSB,tonnes,,,,,,,,,,,,F,,,,,,1.98,0.65,11738,18146,0.29,18146,,,1,,5-10,,,,,,,True,,,,,,,,,,,,,,,,,,,,,,,,,,,,,,,,,,,,,,,,,,,,,,,,,,,,,,,,,,,,,,,,,,,,,,,,,,,,95%,
https://doi.org/10.17895/ices.advice.19453853.v1,https://ices-library.figshare.com/ndownloader/files/36087374,17245,2022,sol.27.8ab,3117,169272,Advice,2022,Sole (Solea solea) in divisions 8.a-b (northern and central Bay of Biscay),27.8.a ~ 27.8.b,Solea solea,,https://doi.org/10.17895/ices.advice.19453853.v1,,12757,,thousands,,,,,,,9444.263,,,tonnes,tonnes,,,,,,,,,,,,,,,,,,0.88,7600,10600,0.33,10600,,,2,,3-6,,,,,,,True,,,,,,,,,,,,,,,,,,,,,,,,,,,,,,,,,,,,,,,,,,,,,,,,,,,,,,,,,,,,,,,,,,,,,,,,,,,,,
https://doi.org/10.17895/ices.advice.19457411.v2,https://ices-library.figshare.com/ndownloader/files/38311248,17325,2022,whg.27.47d,3191,169302,Advice,2022,Whiting (Merlangius merlangus) in Subarea 4 and Division 7.d (North Sea and eastern English Channel),27.4.a ~ 27.4.b ~ 27.4.c ~ 27.7.d,Merlangius merlangus,,https://doi.org/10.17895/ices.advice.19457411.v2,,14590855,,,,,,,,208997,283605,384846,,,,,,,,,,,,,,,,,,,,0.935,0.473,107146,148888,0.393,148888,,,0,,,,,,,,,True,,,,,,,,,,,,,,,,,,,,,,,,,,,,,,,,,,,,,,,,,,,,,,,,,,,,,,,,,,,,,,,,,,,,,,,,,,,,95% CI,
https://doi.org/10.17895/ices.advice.19453634.v1,https://ices-library.figshare.com/ndownloader/files/36082292,17404,2022,ple.27.7fg,3150,169185,Advice,2021,Plaice (Pleuronectes platessa) in divisions 7.f and 7.g (Bristol Channel. Celtic Sea),27.7.f ~ 27.7.g,Pleuronectes platessa,,https://doi.org/10.17895/ices.advice.19453634.v1,,,,,Recruitment,,,,,,49.42545378,,SSB,tonnes,tonnes,468.0,,,378.0,,,,,,,F,,,,,,,,,,,,,,,,,,,,,,,True,MSY Btrigger proxy,57.0,,FMSY proxy,1.0,,,,,,,,,,,0.937086092715232,Mean catch length,ratio,,,,,,,,,,,,,,,,,,,,,,,,,,,,,,,,,,,,,,,,,,,,,,,,,,,,,,,,,,,
https://doi.org/10.17895/ices.advice.19772446.v1,https://ices-library.figshare.com/ndownloader/files/37779048,17613,2022,nop.27.3a4,3133,169174,Advice,2022,Norway pout (Trisopterus esmarkii) in Subarea 4 and Division 3.a (North Sea. Skagerrak and Kattegat),27.3.a ~ 27.4.a ~ 27.4.b ~ 27.4.c,Trisopterus esmarkii,,https://doi.org/10.17895/ices.advice.19772446.v1,28934000.0,76654000.0,203083000.0,thousands,Recruitment,50427.0,243900.0,437373.0,,16800.0,122199.0,227598.0,SSB,tonnes,tonnes,12934.0,,,,,,,,,,F,,,,,,,,42573.0,69736.0,,,,,0.0,,1-2,,,,,,,True,,,,,,,,,,,,,,,,,,,,,,,,,,,,,,,,,,,,,,,,,,,,,,,,,,,,,,,,,,,,,,,,,,,,,,,,,,,,95%,
https://doi.org/10.17895/ices.advice.19447931.v1,https://ices-library.figshare.com/ndownloader/files/35904641,17326,2022,ghl.27.561214,3053,169104,Advice,2022,Greenland halibut (Reinhardtius hippoglossoides) in subareas 5. 6. 12. and 14 (Iceland and Faroes grounds. West of Scotland. North of Azores. East of Greenland),27.12.a.1 ~ 27.12.a.2 ~ 27.12.a.3 ~ 27.12.a.4 ~ 27.12.b ~ 27.12.c ~ 27.14.a ~ 27.14.b.1 ~ 27.14.b.2 ~ 27.5.a.1 ~ 27.5.a.2 ~ 27.5.b.1.a ~ 27.5.b.1.b ~ 27.5.b.2 ~ 27.6.a ~ 27.6.b.1 ~ 27.6.b.2,Reinhardtius hippoglossoides,,https://doi.org/10.17895/ices.advice.19447931.v1,,,,,Recruitment,,,,,0.5309,0.8026,1.212,B/Bmsy,,,,,,,,,,,,,F/Fmsy,,,,,,1.7,,0.3,,1,0.5,,,,,,,,,,,,True,,,,,,,,,,,,,,,,,,,,,,,,,,,,,,,,,,,,,,,,,,,,,,,,,,,,,,,,,,,,,,,,,,,,,,,,,,,,95%,
https://doi.org/10.17895/ices.advice.19447886.v1,,17336,2022,cod.27.5a,3118,169083,Advice,2022,Cod (Gadus morhua) in Division 5.a (Iceland grounds),27.5.a.1 ~ 27.5.a.2,Gadus morhua,,https://doi.org/10.17895/ices.advice.19447886.v1,,179427,,,,,976590,,,,356697,,,tonnes,,,,,0,,,,,,,,,,,,,,,125000,160000,,265000,,,3,,5-10,,,,,,,True,HRmgt,0.2,,HRmsy,0.22,,HRpa,0.39,,,,,,,,976590,B4+,tonnes,,SSB,tonnes,,,,,,,,,,,,,,,,,,,,,,,,,,,,,,,,,,,,,,,,,,,,,,,,,,,,,,,,
https://doi.org/10.17895/ices.advice.19447970.v2,https://ices-library.figshare.com/ndownloader/files/35933321,17346,2022,her.27.25-2932,3157,169115,Advice,2022,Herring (Clupea harengus) in subdivisions 25-29 and 32. excluding the Gulf of Riga (central Baltic Sea),27.3.d.25 ~ 27.3.d.26 ~ 27.3.d.27 ~ 27.3.d.28.2 ~ 27.3.d.29 ~ 27.3.d.32,Clupea harengus,,https://doi.org/10.17895/ices.advice.19447970.v2,,9597000,,thousands,Recruitment,,,,,,446582,,SSB,tonnes,tonnes,,,,,,,,,,,F,,,,,,0.59,0.32,330000,460000,0.21,460000,,,1,,3-6,,,,,,,True,,,,,,,,,,,,,,,,,,,,,,,,,,,,,,,,,,,,,,,,,,,,,,,,,,,,,,,,,,,,,,,,,,,,,,,,,,,,,
https://doi.org/10.17895/ices.advice.19453628.v2,https://ices-library.figshare.com/ndownloader/files/37712268,17357,2022,ple.27.7d,3095,169186,Advice,2022,Plaice (Pleuronectes platessa) in Division 7.d (eastern English Channel),27.7.d,Pleuronectes platessa,,https://doi.org/10.17895/ices.advice.19453628.v2,,122963.3,,,Recruitment,,,,,,41882.75356,,SSB,tonnes,tonnes,,,,,,,,,,,F,,,,,,0.381,0.238,27174,37761,0.156,37761,,,1,,,,,,,,,True,,,,,,,,,,,,,,,,,,,,,,,,,,,,,,,,,,,,,,,,,,,,,,,,,,,,,,,,,,,,,,,,,,,,,,,,,,,,2*sd,
https://doi.org/10.17895/ices.advice.21333687.v1,https://ices-library.figshare.com/ndownloader/files/37860951,17377,2022,meg.27.7b-k8abd,3199,169141,Advice,2022,Megrim (Lepidorhombus whiffiagonis) in divisions 7.b-k. 8.a-b. and 8.d (west and southwest of Ireland. Bay of Biscay),27.7.b ~ 27.7.c.1 ~ 27.7.c.2 ~ 27.7.d ~ 27.7.e ~ 27.7.f ~ 27.7.g ~ 27.7.h ~ 27.7.j.1 ~ 27.7.j.2 ~ 27.7.k.1 ~ 27.7.k.2 ~ 27.8.a ~ 27.8.b ~ 27.8.d.1 ~ 27.8.d.2,Lepidorhombus whiffiagonis,,https://doi.org/10.17895/ices.advice.21333687.v1,,221058.0,,,Recruitment,,,,,,99557.0,,SSB,tonnes,tonnes,,,,,,,,,,,F,,,,,,0.591,0.43,35398.0,40444.0,0.233,40444.0,,,1.0,,3-6,,,,,,,True,,,,,,,,,,,,,,,,,,,,,,,,,,,,,,,,,,,,,,,,,,,,,,,,,,,,,,,,,,,,,,,,,,,,,,,,,,,,2*sd,
https://doi.org/10.17895/ices.advice.19447976.v1,https://ices-library.figshare.com/ndownloader/files/35457971,16967,2022,her.27.28,3083,169124,Advice,2022,Herring (Clupea harengus) in Subdivision 28.1 (Gulf of Riga),27.3.d.28.1,Clupea harengus,,https://doi.org/10.17895/ices.advice.19447976.v1,,3358136,,thousands,Recruitment,,,,,,169866,,SSB,tonnes,tonnes,,,,,,,,,,,F,,,,,,0.88,0.38,40800,57100,0.32,60000,,,1,,3-7,,,,,,,True,,,,,,,,,,,,,,,,,,,,,,,,,,,,,,,,,,,,,,,,,,,,,,,,,,,,,,,,,,,,,,,,,,,,,,,,,,,,,
https://doi.org/10.17895/ices.advice.19453817.v1,https://ices-library.figshare.com/ndownloader/files/36077696,17194,2022,sol.27.7a,3160,169276,Advice,2022,Sole (Solea solea) in Division 7.a (Irish Sea),27.7.a,Solea solea,,https://doi.org/10.17895/ices.advice.19453817.v1,,1937,,thousands,Recruitment,,3869,,,,3588,,SSB,tonnes,tonnes,,,,,,,,,,,F,,,,,,0.29,0.22,2500,3500,0.2,3500,,,2,,4-7,,,,,,,True,,,,,,,,,,,,,,,,,,,,,,,,,,,,,,,,,,,,,,,,,,,,,,,,,,,,,,,,,,,,,,,,,,,,,,,,,,,,,
https://doi.org/10.17895/ices.advice.19453658.v1,https://ices-library.figshare.com/ndownloader/files/35054443,16953,2022,pra.27.3a4a,3107,169179,Advice,2022,Northern shrimp (Pandalus borealis) in divisions 3.a and 4.a East (Skagerrak and Kattegat and northern North Sea in the Norwegian Deep),27.3.a ~ 27.4.a,Pandalus borealis,,https://doi.org/10.17895/ices.advice.19453658.v1,,46540000,,thousands,Recruitment,,,,,,0.590205234010207,,SSB/MSYBtrigger,,tonnes,,,,,,,,,,,F/Fmsy,,,,,,,1.12997249,0.605386035,,1,1,,,0,,,,,,,,,True,,,,,,,,,,,,,,,,,,,,,,,,,,,,,,,,,,,,,,,,,,,,,,,,,,,,,,,,,,,,,,,,,,,,,,,,,,,,90%,
https://doi.org/10.17895/ices.advice.10003,https://ices-library.figshare.com/ndownloader/files/34204445,16940,2022,san.sa.4,2985,169249,Advice,2022,Sandeel (Ammodytes spp.) in divisions 4.a and 4.b. Sandeel Area 4 (northern and central North Sea),27.4.a ~ 27.4.b,Ammodytes,,https://doi.org/10.17895/ices.advice.10003,,55898143,,thousands,Recruitment,,,,,41169,72766,128613,SSB,tonnes,tonnes,,,,,,,,,,,F,Year-1,,,,,,,48000,102000,,,,,0,,1-2,,,,,,,True,,,,,,,,,,,,,,,,,,,,,,,,,,,,,,,,,,,,,,,,,,,,,,,,,,,,,,,,,,,,,,,,,,,,,,,,,,,,90%,
https://doi.org/10.17895/ices.advice.19453811.v2,https://ices-library.figshare.com/ndownloader/files/39601471,16970,2022,sol.27.20-24,3052,169277,Advice,2022,Sole (Solea solea) in subdivisions 20-24 (Skagerrak and Kattegat. western Baltic Sea),27.3.a.20 ~ 27.3.a.21 ~ 27.3.b.23 ~ 27.3.c.22 ~ 27.3.d.24,Solea solea,,https://doi.org/10.17895/ices.advice.19453811.v2,,2485,,,Recruitment,,,,,1937,2637,3614,SSB,tonnes,tonnes,,,,,,,,,,,F,,,,,,0.315,0.26,1850,2600,0.26,2600,,,1,,4-8,,,,,,,True,,,,,,,,,,,,,,,,,,,,,,,,,,,,,,,,,,,,,,,,,,,,,,,,,,,,,,,,,,,,,,,,,,,,,,,,,,,,95%,
https://doi.org/10.17895/ices.advice.19453859.v1,https://ices-library.figshare.com/ndownloader/files/35054761,17000,2022,spr.27.3a4,3166,197909,Advice,2022,Sprat (Sprattus sprattus) in Division 3.a and Subarea 4 (Skagerrak. Kattegat and North Sea),27.3.a.20 ~ 27.3.a.21 ~ 27.4.a ~ 27.4.b ~ 27.4.c,Sprattus sprattus,,https://doi.org/10.17895/ices.advice.19453859.v1,,120979028,,,Recruitment,,,,,72848,100495,138634,SSB,tonnes,,,,,,,,,,,,F,,,,,,,,94000,125000,,,,,0,,1-2,,,,,,,True,,,,,,,,,,,,,,,,,,,,,,,,,,,,,,,,,,,,,,,,,,,,,,,,,,,,,,,,,,,,,,,,,,,,,,,,,,,,90%,
https://doi.org/10.17895/ices.advice.10000,https://ices-library.figshare.com/ndownloader/files/34204418,16936,2022,san.sa.1r,3185,169246,Advice,2022,Sandeel (Ammodytes spp.) in divisions 4.b and 4.c. Sandeel Area 1r (central and southern North Sea. Dogger Bank),27.4.b ~ 27.4.c,Ammodytes,,https://doi.org/10.17895/ices.advice.10000,,106885513,,thousands,Recruitment,,,,,98450,128284,167159,SSB,tonnes,tonnes,,,,,,,,,,,F,Year-1,,,,,,,110000,145000,,,,,0,,1-2,,,,,,,True,,,,,,,,,,,,,,,,,,,,,,,,,,,,,,,,,,,,,,,,,,,,,,,,,,,,,,,,,,,,,,,,,,,,,,,,,,,,90%,
https://doi.org/10.17895/ices.advice.19453646.v1,https://ices-library.figshare.com/ndownloader/files/35905913,17349,2022,pok.27.1-2,3159,169238,Advice,2022,Saithe (Pollachius virens) in subareas 1 and 2 (Northeast Arctic),27.1.a ~ 27.1.b ~ 27.2.a.1 ~ 27.2.a.2 ~ 27.2.b.1 ~ 27.2.b.2,Pollachius virens,,https://doi.org/10.17895/ices.advice.19453646.v1,,161659,,thousands,Recruitment,,,,,,745913,,SSB,tonnes,,,,,,,,,,,,F,,,,,,0.58,0.35,136000,220000,,,,,3,,4-7,,,,,,,True,FMP,0.32,,,,,,,,,,,,,,,,,,,,,,,,,,,,,,,,,,,,,,,,,,,,,,,,,,,,,,,,,,,,,,,,,,,,,,,,,,95%,
https://doi.org/10.17895/ices.advice.19453649.v1,https://ices-library.figshare.com/ndownloader/files/36080195,17035,2022,pok.27.3a46,3048,169237,Advice,2022,Saithe (Pollachius virens) in subareas 4. 6 and Division 3.a (North Sea. Rockall and West of Scotland. Skagerrak and Kattegat),27.3.a ~ 27.4.a ~ 27.4.b ~ 27.4.c ~ 27.6.a ~ 27.6.b.1 ~ 27.6.b.2,Pollachius virens,,https://doi.org/10.17895/ices.advice.19453649.v1,,66473,,thousands,Recruitment,,,,,98563,130482,170732,SSB,tonnes,tonnes,,,,,,,,,,,F,,,,,,0.668,0.576,107297,149098,0.363,149098,,,3,,4-7,,,,,,,True,,,,,,,,,,,,,,,,,,,,,,,,,,,,,,,,,,,,,,,,,,,,,,,,,,,,,,,,,,,,,,,,,,,,,,,,,,,,95%,
https://doi.org/10.17895/ices.advice.19448006.v1,https://ices-library.figshare.com/ndownloader/files/36081470,17308,2022,her.27.nirs,3103,169122,Advice,2022,Herring (Clupea harengus) in Division 7.a North of 52°30’N (Irish Sea),27.7.a,Clupea harengus,,https://doi.org/10.17895/ices.advice.19448006.v1,,294667,,thousands,WR,,,,,,27504,,SSB,tonnes,,,,,0,,,,,,,F,,,,,,0.397,0.309,8500,11831,0.266,11831,,,1,,4-6,,,,,,,True,,,,,,,,,,,,,,,,,,,,,,,,,,,,,,,,,,,,,,,,,,,,,,,,,,,,,,,,,,,,,,,,,,,,,,,,,,,,95%,
https://doi.org/10.17895/ices.advice.19448045.v1,https://ices-library.figshare.com/ndownloader/files/35905748,17097,2022,lin.27.5a,2961,169135,Advice,2022,Ling (Molva molva) in Division 5.a (Iceland grounds),27.5.a.1 ~ 27.5.a.2,Molva molva,,https://doi.org/10.17895/ices.advice.19448045.v1,1434,2810,5507,thousands,Recruitment,,,,,20464,27405,36698,SSB,tonnes,,,,,0,,,,,,,F,,,,,,0.95,0.62,9000,11100,0.3,11100,,,2,,8-11,,,,,,,True,MGT Btrigger,11100,,,,,,,,,,,,,,,,,,,,,,,,,,,,,,,,,,,,,,,,,,,,,,,,,,,,,,,,,,,,,,,,,,,,,,,,,,95%,
https://doi.org/10.17895/ices.advice.19772389.v1,https://ices-library.figshare.com/ndownloader/files/38020155,17605,2022,lez.27.6b,3179,169139,Advice,2021,Megrim (Lepidorhombus spp.) in Division 6.b (Rockall),27.6.b.1 ~ 27.6.b.2,Lepidorhombus,,https://doi.org/10.17895/ices.advice.19772389.v1,,,,,Recruitment,,,,,0.800305408093927,1.28336400613495,2.0579933055375,B/Bmsy,,tonnes,566.0,,,65.0,,,,0.312213438990054,0.671071559488726,1.44240119647437,F/Fmsy,,,,,,1.7,,0.3,,1.0,0.5,,,,,,,,,,,,True,,,,,,,,,,,,,,,,,,,,,,,,,,,,,,,,,,,,,,,,,,,,,,,,,,,,,,,,,,,,,,,,,,,,,,,,,,,,95%,
https://doi.org/10.17895/ices.advice.19447988.v1,https://ices-library.figshare.com/ndownloader/files/35905715,17161,2022,her.27.5a,3005,169125,Advice,2022,Herring (Clupea harengus) in Division 5.a. summer-spawning herring (Iceland grounds),27.5.a.1 ~ 27.5.a.2,Clupea harengus,,https://doi.org/10.17895/ices.advice.19447988.v1,,464740.162057545,,thousands,Recruitment,,441299,,,,421132,,SSB,tonnes,tonnes,,,,,,,,,,,Frel,ratio,,,,,,,200000,273000,,273000,,,3,,,,,,,,,True,,,,,,,,,,,,,,,,441299,B 4+,tonnes,,SSB,tonnes,,,,,,,,,,,,,,,,,,,,,,,,,,,,,,,,,,,,,,,,,,,,,,,,,,,,,,,na,
https://doi.org/10.17895/ices.advice.19447889.v1,https://ices-library.figshare.com/ndownloader/files/36084329,17399,2022,cod.27.6a,3037,169088,Advice,2022,Cod (Gadus morhua) in Division 6.a (West of Scotland),27.6.a,Gadus morhua,,https://doi.org/10.17895/ices.advice.19447889.v1,924.0,2226.0,4183.0,thousands,Recruitment,,,,,2376.0,3288.0,4558.0,SSB,tonnes,tonnes,,,,,,,,,,,F,,,,,,0.73,0.57,14376.0,20126.0,0.3,20126.0,,,1.0,,2-5,,,,,,,True,,,,,,,,,,,,,,,,,,,,,,,,,,,,,,,,,,,,,,,,,,,,,,,,,,,,,,,,,,,,,,,,,,,,,,,,,,,,95%,
https://doi.org/10.17895/ices.advice.19447796.v1,https://ices-library.figshare.com/ndownloader/files/36084107,17381,2022,bss.27.4bc7ad-h,3116,169069,Advice,2022,Seabass (Dicentrarchus labrax) in divisions 4.b-c. 7.a. and 7.d-h (central and southern North Sea. Irish Sea. English Channel. Bristol Channel. and Celtic Sea),27.4.b ~ 27.4.c ~ 27.7.a ~ 27.7.d ~ 27.7.e ~ 27.7.f ~ 27.7.g ~ 27.7.h,Dicentrarchus labrax,,https://doi.org/10.17895/ices.advice.19447796.v1,,10105.0155827258,,thousands,Recruitment,,,,,8128.1168,12384.1,16640.0832,SSB,tonnes,tonnes,,,,,,,,,,,F,,,,,,0.254,0.203,10313.0,14439.0,0.1713,14439.0,,,0.0,,4-15,,,,,,,True,,,,,,,,,,,,,,,,,Commercial landings,t,,Commercial discards,t,,Recreational removals,t,,,,,,,,,,,,,,,,,,,,,,,,,,,,,,,,,,,,,,,,,,,,,,,,,,,,95%,
https://doi.org/10.17895/ices.advice.19453454.v1,https://ices-library.figshare.com/ndownloader/files/36087104,17235,2022,mon.27.8c9a,3201,169056,Advice,2022,White anglerfish (Lophius piscatorius) in divisions 8.c and 9.a (Cantabrian Sea and Atlantic Iberian waters),27.8.c ~ 27.9.a,Lophius piscatorius,,https://doi.org/10.17895/ices.advice.19453454.v1,,706,,thousands,Recruitment,,13210,,,8421.02,11388,14355.98,SSB,tonnes,tonnes,,,,,,,,,,,F,,,,,,,0.87,1993,2769,0.24,6283,,,0,,,30-130 cm,,,,,,True,,,,,,,,,,,,,,,,,,,,,,,,,,,,,,,,,,,,,,,,,,,,,,,,,,,,,,,,,,,,,,,,,,,,,,,,,,,,95%,
https://doi.org/10.17895/ices.advice.19447961.v1,https://ices-library.figshare.com/ndownloader/files/36079793,17209,2022,had.27.7b-k,3020,169109,Advice,2022,Haddock (Melanogrammus aeglefinus) in divisions 7.b-k (southern Celtic Seas and English Channel),27.7.b ~ 27.7.c.1 ~ 27.7.c.2 ~ 27.7.e ~ 27.7.f ~ 27.7.g ~ 27.7.h ~ 27.7.j.1 ~ 27.7.j.2 ~ 27.7.k.1 ~ 27.7.k.2,Melanogrammus aeglefinus,,https://doi.org/10.17895/ices.advice.19447961.v1,59509,275943,2316405,thousands,Recruitment,,,,,35556,50999,72567,SSB,tonnes,tonnes,,,,,,,,,,,F,,,,,,1.4,0.71,9227,12822,0.353,12822,,,0,,3-5,,,,,,,True,,,,,,,,,,,,,,,,,,,,,,,,,,,,,,,,,,,,,,,,,,,,,,,,,,,,,,,,,,,,,,,,,,,,,,,,,,,,95%,
https://doi.org/10.17895/ices.advice.19447952.v1,https://ices-library.figshare.com/ndownloader/files/38020230,17598,2022,had.27.6b,3149,169114,Advice,2021,Haddock (Melanogrammus aeglefinus) in Division 6.b (Rockall),27.6.b.1 ~ 27.6.b.2,Melanogrammus aeglefinus,,https://doi.org/10.17895/ices.advice.19447952.v1,,,,thousands,Recruitment,,,,,385.0,446.0,508.0,B_index,Kilograms per hour,tonnes,4095.0,,5212.0,1117.0,,,,,,,F,,,,,,,,,,,,,,,,,,,,,,,True,Itrigger,93.5,,LF=M,1.0,,,,,,,,,,,1.04,Length indicator,ratio,,,,,,,,,,,,,,,,,,,,,,,,,,,,,,,,,,,,,,,,,,,,,,,,,,,,,,,,,,95%,
https://doi.org/10.17895/ices.advice.19447898.v2,https://ices-library.figshare.com/ndownloader/files/37861080,17272,2022,cod.27.7e-k,3094,169078,Advice,2022,Cod (Gadus morhua) in divisions 7.e-k (eastern English Channel and southern Celtic Seas),27.7.e ~ 27.7.f ~ 27.7.g ~ 27.7.h ~ 27.7.j.1 ~ 27.7.j.2 ~ 27.7.k.1 ~ 27.7.k.2,Gadus morhua,,https://doi.org/10.17895/ices.advice.19447898.v2,666,1305,3502,thousands,Recruitment,,,,,732,1196,1879,SSB,tonnes,tonnes,,,,,,,,,,,F,,,,,,1.13,0.77,4200,5800,0.29,5800,,,1,,2-5,,,,,,,True,,,,,,,,,,,,,,,,,,,,,,,,,,,,,,,,,,,,,,,,,,,,,,,,,,,,,,,,,,,,,,,,,,,,,,,,,,,,95%,
https://doi.org/10.17895/ices.advice.19457426.v1,https://ices-library.figshare.com/ndownloader/files/36082835,17302,2022,whg.27.6a,2949,169308,Advice,2022,Whiting (Merlangius merlangus) in Division 6.a (West of Scotland),27.6.a,Merlangius merlangus,,https://doi.org/10.17895/ices.advice.19457426.v1,93827,273749,786755,thousands,Recruitment,,,,,17660,29167,47163,SSB,tonnes,tonnes,,,,,,,,,,,F,,,,,,0.31,0.21,17286,25597,0.21,25597,,,0,,1-3,,,,,,,True,,,,,,,,,,,,,,,,,,,,,,,,,,,,,,,,,,,,,,,,,,,,,,,,,,,,,,,,,,,,,,,,,,,,,,,,,,,,95%,
https://doi.org/10.17895/ices.advice.19453814.v1,https://ices-library.figshare.com/ndownloader/files/36074786,17030,2022,sol.27.4,2993,169278,Advice,2022,Sole (Solea solea) in Subarea 4 (North Sea),27.4.a ~ 27.4.b ~ 27.4.c,Solea solea,,https://doi.org/10.17895/ices.advice.19453814.v1,,110824,,thousands,Recruitment,,,,,30261,42148,57945,Spawning Stock Biomass,tonnes,tonnes,,,,,,,,,,,F,,,,,,0.4196,0.311,30828,42838,0.2072,42838,,,1,,,,,,,,,True,,,,,,,,,,,,,,,,,,,,,,,,,,,,,,,,,,,,,,,,,,,,,,,,,,,,,,,,,,,,,,,,,,,,,,,,,,,,2*sd,
https://doi.org/10.17895/ices.advice.19447865.v1,https://ices-library.figshare.com/ndownloader/files/36059936,16979,2022,cod.27.21,3059,169086,Advice,2022,Cod (Gadus morhua) in Subdivision 21 (Kattegat),27.3.a,Gadus morhua,,https://doi.org/10.17895/ices.advice.19447865.v1,,0.295848452879187,,Relative Recruitment,Recruitment,,0.102557041380819,,,,0.102276857295564,,Stock Size: Relative,,tonnes,,,,,,,,,,,Fishing pressure: Relative,,,,,,,,,,,,,,,,,,Relative,,,,,True,,,,,,,,,,,,,,,,,,,,,,,,,,,,,,,,,,,,,,,,,,,,,,,,,,,,,,,,,,,,,,,,,,,,,,,,,,,,95%,
https://doi.org/10.17895/ices.advice.19453700.v1,https://ices-library.figshare.com/ndownloader/files/35905400,17159,2022,reg.27.561214,3074,169267,Advice,2022,Golden redfish (Sebastes norvegicus) in subareas 5. 6. 12. and 14 (Iceland and Faroes grounds. West of Scotland. North of Azores. East of Greenland),27.12.a.1 ~ 27.12.a.2 ~ 27.12.a.3 ~ 27.12.a.4 ~ 27.12.b ~ 27.12.c ~ 27.14.a ~ 27.14.b.1 ~ 27.14.b.2 ~ 27.5.a.1 ~ 27.5.a.2 ~ 27.5.b.1.a ~ 27.5.b.1.b ~ 27.5.b.2 ~ 27.6.a ~ 27.6.b.1 ~ 27.6.b.2,Sebastes norvegicus,,https://doi.org/10.17895/ices.advice.19453700.v1,,47200,,thousands,Recruitment,,258329,,,,220056,,SSB,tonnes,tonnes,,,,,,,,,,,F,,,,,,0.226,0.163,160000,220000,0.097,220000,,,5,,9-19,,,,,,,True,,,,,,,,,,,,,,,,,,,,,,,,,,,,,,,,,,,,,,,,,,,,,,,,,,,,,,,,,,,,,,,,,,,,,,,,,,,,,
https://doi.org/10.17895/ices.advice.19772392.v1,https://ices-library.figshare.com/ndownloader/files/37664214,17509,2022,mac.27.nea,2948,169137,Advice,2022,Mackerel (Scomber scombrus) in subareas 1-8 and 14 and Division 9.a (the Northeast Atlantic and adjacent waters),27.1.a ~ 27.1.b ~ 27.14.a ~ 27.14.b.1 ~ 27.14.b.2 ~ 27.2.a.1 ~ 27.2.a.2 ~ 27.2.b.1 ~ 27.2.b.2 ~ 27.3.a.20 ~ 27.3.a.21 ~ 27.3.b.23 ~ 27.3.c.22 ~ 27.3.d.24 ~ 27.3.d.25 ~ 27.3.d.26 ~ 27.3.d.27 ~ 27.3.d.28.1 ~ 27.3.d.28.2 ~ 27.3.d.29 ~ 27.3.d.30 ~ 27.3.d.31 ~ 27.3.d.32 ~ 27.4.a ~ 27.4.b ~ 27.4.c ~ 27.5.a.1 ~ 27.5.a.2 ~ 27.5.b.1.a ~ 27.5.b.1.b ~ 27.5.b.2 ~ 27.6.a ~ 27.6.b.1 ~ 27.6.b.2 ~ 27.7.a ~ 27.7.b ~ 27.7.c.1 ~ 27.7.c.2 ~ 27.7.d ~ 27.7.e ~ 27.7.f ~ 27.7.g ~ 27.7.h ~ 27.7.j.1 ~ 27.7.j.2 ~ 27.7.k.1 ~ 27.7.k.2 ~ 27.8.a ~ 27.8.b ~ 27.8.c ~ 27.8.d.1 ~ 27.8.d.2 ~ 27.8.e.1 ~ 27.8.e.2 ~ 27.9.a,Scomber scombrus,,https://doi.org/10.17895/ices.advice.19772392.v1,2148239.3,4317473.0,8677141.0,thousands,Recruitment,,,,,,3769326.25993055,,SSB,tonnes,tonnes,,,,,,,,,,,F,,,,,,0.46,0.36,2000000.0,2580000.0,0.26,2580000.0,,,2.0,,4-8,,,,,,,True,,,,,,,,,,,,,,,,,,,,,,,,,,,,,,,,,,,,,,,,,,,,,,,,,,,,,,,,,,,,,,,,,,,,,,,,,,,,95%,
https://doi.org/10.17895/ices.advice.19772383.v1,https://ices-library.figshare.com/ndownloader/files/37664220,17517,2022,hom.27.2a4a5b6a7a-ce-k8,3086,169130,Advice,2022,Horse mackerel (Trachurus trachurus) in Subarea 8 and divisions 2.a. 4.a. 5.b. 6.a. 7.a-c.e-k (the Northeast Atlantic),,Trachurus trachurus,,https://doi.org/10.17895/ices.advice.19772383.v1,,2174351.0,,,Recruitment,,,,,454253.084607293,739665.0,1025076.91539271,SSB,tonnes,tonnes,,,,,,,,,,,F,,,,,,0.103,0.079,834480.0,1168272.0,0.074,1168270.0,,,0.0,,1-10,,,,,,,True,,,,,,,,,,,,,,,,,,,,,,,,,,,,,,,,,,,,,,,,,,,,,,,,,,,,,,,,,,,,,,,,,,,,,,,,,,,,95%,
https://doi.org/10.17895/ices.advice.19453829.v1,https://ices-library.figshare.com/ndownloader/files/36080546,17180,2022,sol.27.7fg,3161,169273,Advice,2022,Sole (Solea solea) in divisions 7.f and 7.g (Bristol Channel. Celtic Sea),27.7.f ~ 27.7.g,Solea solea,,https://doi.org/10.17895/ices.advice.19453829.v1,3408,5111,13679,thousands,Recruitment,5423,6848,8731,,4886,6221,7915,SSB,tonnes,tonnes,,,,,,,,,,,F,,,,,,0.543,0.402,2184,3057,0.251,3057,,,1,,3-8,,,,,,,True,,,,,,,,,,,,,,,,,,,,,,,,,,,,,,,,,,,,,,,,,,,,,,,,,,,,,,,,,,,,,,,,,,,,,,,,,,,,95%,
https://doi.org/10.17895/ices.advice.19447943.v3,https://ices-library.figshare.com/ndownloader/files/39599608,17356,2022,had.27.46a20,2970,169108,Advice,2022,Haddock (Melanogrammus aeglefinus) in Subarea 4. Division 6.a. and Subdivision 20  (North Sea. West of Scotland. Skagerrak),27.3.a ~ 27.4.a ~ 27.4.b ~ 27.4.c ~ 27.6.a,Melanogrammus aeglefinus,,https://doi.org/10.17895/ices.advice.19447943.v3,329439,1623040,8706721,thousands,Recruitment,483642.65389174,629019.460147208,818094.678085305,,330351,412059,513977,SSB,tonnes,tonnes,,,,,,,,,,,F,,,,,,0.43,0.24,136541,189734,0.24,189734,,,0,,2-4,,,,,,,True,,,,,,,,,,,,,,,,,,,,,,,,,,,,,,,,,,,,,,,,,,,,,,,,,,,,,,,,,,,,,,,,,,,,,,,,,,,,95%,
https://doi.org/10.17895/ices.advice.19448012.v1,https://ices-library.figshare.com/ndownloader/files/36100499,17380,2022,hke.27.3a46-8abd,3203,169126,Advice,2022,Hake (Merluccius merluccius) in subareas 4. 6. and 7. and divisions 3.a. 8.a-b. and 8.d. Northern stock (Greater North Sea. Celtic Seas. and the northern Bay of Biscay),27.3.a ~ 27.4.a ~ 27.4.b ~ 27.4.c ~ 27.6.a ~ 27.6.b.1 ~ 27.6.b.2 ~ 27.7.a ~ 27.7.b ~ 27.7.c.1 ~ 27.7.c.2 ~ 27.7.d ~ 27.7.e ~ 27.7.f ~ 27.7.g ~ 27.7.h ~ 27.7.j.1 ~ 27.7.j.2 ~ 27.7.k.1 ~ 27.7.k.2 ~ 27.8.a ~ 27.8.b ~ 27.8.d.1 ~ 27.8.d.2,Merluccius merluccius,,https://doi.org/10.17895/ices.advice.19448012.v1,,898602.0,,thousands,Recruitment,,320420.0,,,125577.2,186358.0,247138.8,SSB,tonnes,tonnes,,,,,,,,,,,F,,,,,,0.73,0.54,61563.0,78405.0,0.24,78405.0,,,0.0,,1-7,,,,,,,True,,,,,,,,,,,,,,,,,,,,,,,,,,,,,,,,,,,,,,,,,,,,,,,,,,,,,,,,,,,,,,,,,,,,,,,,,,,,95%,
https://doi.org/10.17895/ices.advice.10001,https://ices-library.figshare.com/ndownloader/files/34204424,16937,2022,san.sa.2r,3186,169247,Advice,2022,Sandeel (Ammodytes spp.) in divisions 4.b and 4.c. and Subdivision 20. Sandeel Area 2r (Skagerrak. central and southern North Sea),27.4.b ~ 27.4.c,Ammodytes,,https://doi.org/10.17895/ices.advice.10001,,19066388,,thousands,Recruitment,,,,,38428,51277,68422,SSB,tonnes,tonnes,,,,,,,,,,,F,ratio,,,,,,,56000,84000,,,,,0,,1-2,,,,,,,True,,,,,,,,,,,,,,,,,,,,,,,,,,,,,,,,,,,,,,,,,,,,,,,,,,,,,,,,,,,,,,,,,,,,,,,,,,,,90%,
https://doi.org/10.17895/ices.advice.19447979.v1,https://ices-library.figshare.com/ndownloader/files/35457989,16997,2022,her.27.3031,3190,169673,Advice,2022,Herring (Clupea harengus) in subdivisions 30 and 31 (Gulf of Bothnia),27.3.d.30 ~ 27.3.d.31,Clupea harengus,,https://doi.org/10.17895/ices.advice.19447979.v1,,34097000,,thousands,Recruitment,,,,,379577.92,565634,751690.08,SSB,tonnes,tonnes,,,,,,,,,,,F,,,,,,0.496,0.272,376571,533515,0.271,533515,,,0,,3-7,,,,,,,True,,,,,,,,,,,,,,,,,,,,,,,,,,,,,,,,,,,,,,,,,,,,,,,,,,,,,,,,,,,,,,,,,,,,,,,,,,,,90%,
https://doi.org/10.17895/ices.advice.19447868.v1,https://ices-library.figshare.com/ndownloader/files/35457407,17001,2022,cod.27.22-24,3193,169075,Advice,2022,Cod (Gadus morhua) in subdivisions 22-24. western Baltic stock (western Baltic Sea),27.3.b.23 ~ 27.3.c.22 ~ 27.3.d.24,Gadus morhua,,https://doi.org/10.17895/ices.advice.19447868.v1,11180,28524,72770,thousands,Recruitment,,,,,3566,5661,8986,SSB,tonnes,tonnes,,,,,,,,,,,F,,,,,,1.23,0.689,15067,23492,0.26,23492,,,1,,3-5,,,,,,,True,,,,,,,,,,,,,,,,,Recreational catch,t,,,,,,,,,,,,,,,,,,,,,,,,,,,,,,,,,,,,,,,,,,,,,,,,,,,,,,,,,,95%,
https://doi.org/10.17895/ices.advice.19447964.v1,https://ices-library.figshare.com/ndownloader/files/36065828,17172,2022,her.27.20-24,3087,169118,Advice,2022,Herring (Clupea harengus) in subdivisions 20-24. spring spawners (Skagerrak. Kattegat. and western Baltic),27.3.a ~ 27.3.b.23 ~ 27.3.c.22 ~ 27.3.d.24,Clupea harengus,,https://doi.org/10.17895/ices.advice.19447964.v1,,792293,,thousands,Recruitment,,,,,,71011,,SSB,tonnes,tonnes,,,,,,,,,,,F,,,,,,0.45,0.41,120000,150000,0.31,150000,,,0,,3-6,,,,,,,True,,,,,,,,,,,,,,,,,,,,,,,,,,,,,,,,,,,,,,,,,,,,,,,,,,,,,,,,,,,,,,,,,,,,,,,,,,,,95%,
https://doi.org/10.17895/ices.advice.19453586.v1,https://ices-library.figshare.com/ndownloader/files/40096351,17483,2022,ple.27.420,2992,169189,Advice,2022,Plaice (Pleuronectes platessa) in Subarea 4 (North Sea) and Subdivision 20 (Skagerrak),27.4.a ~ 27.4.b ~ 27.4.c,Pleuronectes platessa,,https://doi.org/10.17895/ices.advice.19453586.v1,,3952706.0,,thousands,Recruitment,,,,,764258.2,930214.0,1133625.5,SSB,tonnes,,,,,,,,,,,,F,,,,,,0.27,0.182,341003.0,473850.0,0.152,473850.0,,,1.0,,,,,,,,,True,,,,,,,,,,,,,,,,,,,,,,,,,,,,,,,,,,,,,,,,,,,,,,,,,,,,,,,,,,,,,,,,,,,,,,,,,,,,95%,
https://doi.org/10.17895/ices.advice.10002,https://ices-library.figshare.com/ndownloader/files/34204430,16941,2022,san.sa.3r,3188,169248,Advice,2022,Sandeel (Ammodytes spp.) in divisions 4.a and 4.b. and Subdivision 20. Sandeel Area 3r (Skagerrak. northern and central North Sea),27.3.a ~ 27.4.a ~ 27.4.b,Ammodytes,,https://doi.org/10.17895/ices.advice.10002,,112945768,,thousands,Recruitment,,,,,123185,210029,358096,SSB,tonnes,tonnes,,,,,,,,,,,F,ratio,,,,,,,80000,129000,,,,,0,,1-2,,,,,,,True,,,,,,,,,,,,,,,,,,,,,,,,,,,,,,,,,,,,,,,,,,,,,,,,,,,,,,,,,,,,,,,,,,,,,,,,,,,,90%,
https://doi.org/10.17895/ices.advice.19453826.v1,https://ices-library.figshare.com/ndownloader/files/36081377,17143,2022,sol.27.7e,3061,169275,Advice,2022,Sole (Solea solea) in Division 7.e (western English Channel),27.7.e,Solea solea,,https://doi.org/10.17895/ices.advice.19453826.v1,,4077,,thousands,Recruitment,,,,,,5624,,SSB,tonnes,tonnes,,,,,,,,,,,F,,,,,,0.44,0.39,2000,2900,0.29,2900,,,2,,3-9,,,,,,,True,,,,,,,,,,,,,,,,,,,,,,,,,,,,,,,,,,,,,,,,,,,,,,,,,,,,,,,,,,,,,,,,,,,,,,,,,,,,,
https://doi.org/10.17895/ices.advice.19447985.v1,https://ices-library.figshare.com/ndownloader/files/36065873,17286,2022,her.27.3a47d,3192,169119,Advice,2022,Herring (Clupea harengus) in Subarea 4 and divisions 3.a and 7.d. autumn spawners (North Sea. Skagerrak and Kattegat. eastern English Channel),27.3.a ~ 27.4.a ~ 27.4.b ~ 27.4.c ~ 27.7.d,Clupea harengus,,https://doi.org/10.17895/ices.advice.19447985.v1,9095169,16619677,30369274,thousands,wr,,2444795,,,,1240164,,SSB,tonnes,tonnes,,,,,,,,,,,F,,,,,,0.4,0.31,874198,956483,0.31,1.23283e+006,,,0,,2-6,,,,,,,True,,,,,,,,,,,,,,,,,,,,,,,,,,F0-1,,,F2-6,,,F7-8,,,,,,,,,,,,,,,,,,,,,,,,,,,,,,,,,,,,,,,,,,,,95%,
